0	09530F7E0CD901AD030B09D20879FF
1	0FE6046D0584030B0BED05213B0F7E0BED056E0BF5FE03790C1B0D7D0C98FF
2	027802230BED3B056E05F40CED0AB301A10D700DE6FE0F98FF
3	09570F0B056504F50C7C036D056E01A10803FF
4	01D6056E017803790C1B030B046D0584058410A10EF1FE04CCFF
5	C2CA0B2B09340BED3B059F0BF50C21030410430C02FE046D05843B0F0201D6056E01780F0B058402D20300FF
6	0C5003610DA403AB0BF50F71110C0169030F0169101BFE0855030B10430C02FF
7	01D6056E01A10D700923019110E30CADFF
8	0FE60B910166030B0BED05213B0B9F01990904056EFE0CE20449FF
9	0F7E0BED056E0B43072502850304030B03790C1B0923FE0191FF
10	0C210304032E0C390E5F030B10430C02046D05840BED3BFE01D60C210BA903B7039D056E0565041EFF
11	0C2103040C510C390E5F030B10430C02046D05840BED3BFE01D60C210BA903B7039D056E0565041EFF
12	01D6056E01A10D7010F4096C04F301780CF50E5110E3FE0CAD03790D660DE90F0204E701D603540EE8FF
13	0B4E04F40CED0AB3030B0F5E0E190361056E0E280BE3FF
14	10430C02030B099410A10904056E0CE20449FF
15	01D6056E0E0A0B6B0C52097710E30CADFF
16	0C21030403EA030B10430C02046D0584057F0C5603EAFE0BED3B01D60C210BA903B7039D0CE20449046D0584FF
17	01D6056E01A10D7010A1036310E30CADFF
18	0C210304057D0C390E5F030B10430C02046D05840BED3BFE01D60C210BA903B7039D057D0C390E5F100B0AD8FF
19	01D6056E0C21030410430C02030B10E605BE0E3204C3FE0F5E0E19FF
20	01D6056E01A10D700579090C10E30CAD03790D660DE9FE0F0204E701D603540EE8FF
21	0B430CE70548016307D70966030B10430C0204F30307FE078F0DA40E32FF
22	0707031403790C1B030B046D0584FF
23	01E310D003790C1B030B0F5E110B0BF50A9F0DA403ABFE0CD41117057F0CE70548FF
24	0F7E0BED09D2018503790C1B0DEC0F0B01D80E5B0354FF
25	108C0F7E0E3204C307A805BC030B10430C0201E009D2FE058410A1FF
26	01D6056E0C210304031F097E0C390E5F10430C02030BFE046D0584FF
27	0F7E0BED056E013007250285046D05840304110C05A5FE030B03790C1B01A10D70036309230C5210E30CADFF
28	05F4110C05A5030B10A103633B09230191057F10F5FE0BA910E30CAD028B0B3E046203790C1BFF
29	01D6056E0F420D7003790C1B030B10430C02057F0CD9FE0E5F039D01780707031409D20879FF
30	056503040D140E5B03780DAF05223B0F3C022510E3FE0CAD077D056E0178109F0FA8FF
31	05F4032E0C390E5F10430C020DC20F4D0304110C05A5FE0BAD3B01D60C210BA903B7039D0CE204490CD9046DFF
32	10430C02030B10E605BE0E3204C30B5D0F2702780E03FF
33	0DE60F980CED0AB30BED3B0C7C036D056E0CE20449FF
34	0B09083F0CED0AB30BED3B0C7C036D056E0CE20449FF
35	02670840057F0ACA0C510BED056E0337082908A70DB5FE0C210BA9056E0D2A027808A70DB5074A0E5B046D0584FF
36	027802230BED3B041E109703790C1B030B0CD90E5F3BFE01A10D700F99107F0E0D0D14030B0CD90E5FFF
37	0DB50862046D0584030B0D660879056E01A10D70A30173FF
38	08CD0C390E5F030B10430C020D660879056E0CE20449FF
39	01D6056E0F4203790C1B030B046D0584039D0D7D0C98FE03790D660DE90F0204E701D603540EE8FF
40	01D6056E01A10D7001B6035810E30CADFF
41	01D6056E01A10D7010F50BA910E30CADFF
42	0F7102A508790DC210D004400C390E5F030B016307D7FE09663B0BF50A9F0DA403AB0CD41117FF
43	01D60C2103040BD70F4410430C02030B0F5E0E19FF
44	0DE60F980CED0AB30BED3B056E054705470565041EFEC2CAFF
45	027802230BED3B056E01300CED0AB301A10D700B91FE0166FF
46	04620F9603790C1B0EA20A83043A3B02D3089205E0FE0BB70A9F0BF50F7110430C02030BCACAFF
47	0C210304057D0C390E5F04F301B60C390E5F030B1043FE0C020BA904CC05E0014AFF
48	09D20F24A30173030B0C7C036D0CE20FF30E5C0829FF
49	0F7E0BED056E0B43072502850304110C05A5030B0379FE0C1B01A10D7010F50BA910E30CADFF
50	0F0B034D09D202B30F000BD8016307D7096609BD039EFE0CD41117FF
51	110C0BCB01D6056E0707031409D2087904F30C210304FE03B7112F0F7108790BA904CCFF
52	01D6056E017803790C1B07070314046D0584FF
53	0F7E0BED056E05DC082903790C1B0F7104C5030B0307FE078F3B09480E0204C5024E10A10F02056E05DC0304FF
54	0B6704C30BF5027810430C023B0DE60F0B056504F5FE077D056E0E680DC6FF
55	110C05A5030B046D058401A104493B02E9099410A1FE0904056E07070314FF
56	0F7E0BED056E0B43072502850304110C05A5030B0379FE0C1B10F4096CFF
57	02230BAD0F7E1070032E057F0424032E030B0A9F0C9EFE016307D709663B110C05A5056E0CE204490CD9046DFF
58	02230BAD0F7E1070032E057F0424032E030B0A9F0C9EFE016307D709663B110C05A5056E0CE204490CD9046DFF
59	0C210CED0AB3030B0F5E0E193B056E01A10D700C513AFE057D057F01B60C390E5F10A1030B09A90F0B0460FF
60	01D6056E017803790C1B038611170307078FFF
61	0F7E0BED056E109F0FA80F3C022510E30CADFF
62	0B6704C301A10D700F3C022510E30CAD3B046D0584FE056E0CE20449FF
63	0B6704C301A10D700F3C022510E30CAD3B03C30FA7FE056E0CE20449FF
64	0C2103040DC20B21C2CA030B046D058410430C02030BFE046D05840BED3B03790C1B056E05E00BB7C2CAFF
65	C2CA05E00BB7030B0BED05213B02010C390E5F030BFE10430C020D660879056E0CE20449FF
66	C2CA05E00BB7030B0BED05213B057D0C390E5F030BFE10430C020D660879056E0CE20449FF
67	C2CA05E00BB7030B0BED05213B0C510C390E5F030BFE10430C020D660879056E0CE20449FF
68	C2CA05E00BB7030B0BED05213B02680C390E5F030BFE10430C020D660879056E0CE20449FF
69	059F0BF50BF50278056E0C2103B7112F0F7108790BA9FE04CC030B10430C023BC2CA0F0201D6056E05E00BB7FF
70	027802230BED3B056E05F40CED0AB301A10D700B09FE083FFF
71	0FE61030035C10A10B4303790C1B0DA403AB0CD41117FF
72	01D6056E0E0A0B6B0F3C022510E30CAD370C210304FE0F7208BC0C390E5F030B10430C020BA904CC05E0014AFF
73	05D1017507461038043A04F30A9C05090C5E09911055FE089010A70CD90E5FFF
74	0FE602230BED3B02230BAD0C9C0F7E016307D70966FE030B0CD90E5F0E3204C30361056E0E280BE3FF
75	0BF50278030B0E3204C307A805BC030B10430C020195FE034D099410A13B01BD0AEB0D660879056E0CE20449FF
76	0957056504F507330C3D0BED056E0FE6093404230F99FE07E3042305350D8C107F05CF070D0CE701A10EE2110BFF
77	05D1017507461038043A04F301EF01360C5E09911055FE089010A70CD90E5FFF
78	110C05A504F30D140148030B016307D7096601D6056EFE01A10D700C52097710E30CADFF
79	0B6704C30BF50F71087F0E8310430C023B11140C0CFE09D20BF502781126044902AE0C42FF
80	0C210304032E0C390E5F030B10430C02046D05840BED3BFE01D60C210BA903B7039D0C7C036D056E0CE20449FF
81	C2CA0B2B09340BED3B0C210304030B0BA904CC056EFE01A10BB7FF
82	046D05840BED07D70F2405F403140D66087910430C02FE030B0D6608790CE20449FF
83	0F0B014204F3045B035C0C390E5F030B10430C0207D7FE0F24058410A10F7208BC0C390E5F030B016307D70966FF
84	046D05840B5D0F27058410A103790C1B030B0EF104CCFF
85	058410A10EF104CC0BED3B0D660879056E01A1030AFE04660AD8FF
86	0D3305650D140E5B03780DAF05223BC2CA056E0BB7FE08920565041EFF
87	07D70F2409040DEC0BF5027801A1053C10430C02FF
88	0F99110C0BCB0D140C390E5F030B10430C020D660879FE056E0CE20449FF
89	0D1004C50B4310AD0D6D01A108940829016002580994FE10A1090401D6056E017807070314FF
90	01D60C210F7703790C1B0BF50278030B01A1053C1043FE0C020F5E0E193B01BD05F40A9F03B702EDFF
91	110C05A5056E0F4203B7112F0F7108790C210BA9030BFE10430C023B0A9F0D660879056E0CE20449FF
92	10430C02030B10E605BE0E3204C30E280BE33B02E9FE09D20F2404660449030B0D6608790BF5027810430C02FF
93	0BF50F710B2D085510430C02030B0D660879056E0CE2FE0449FF
94	097E03790D140E5F030B03790C1B3B056E01A1030AFE04660AD8039D097E03790F3C0E5F1007056E01A10B75FF
95	0B9101660CED0AB30BED3B0EBB0BEB3B031F097E04F3FE04400C390E5F030B10430C020D660879056E0CE20449FF
96	0B09083F0CED0AB30BED3B0CD9046D056E0CE204493BFE039D0957056504F5C2CA056E05E00BB7FF
97	09C30B48030B0CE6109B056E0B43057D0C390E5F030BFE10430C020BA904CC05E0014AFF
98	0DE60F9804F30C210C51046D05840BED3B0565C2CAFE0B09083F04F30C21057D046D05840BED3B05E0C2CAFF
99	07D70F2405F40E3204C301D604E9030B10430C020F24FE0D100225030B0D6608790BF50278FF
100	0C2103040E3204C307A805BC030B046D05840BED3BFE07D70F2405E00B750A9F0D660879FF
101	09D20DA40C18078F0F7E0DC20F4D03790C1B10430C02FE0E3204C3030B0CD90E5F057F10430C02030B0F5E0E19FF
102	07D70F2402890D2003790C1B030B01971042057F0CE7FE0BCB074A0E5B046D0584FF
103	0185072103790C1B030B0C4E03C33B0463078D0721FE0314030B09BD0E1B0CE20449110C05A5030B09D20879FF
104	01A10D7010A1036310E30CAD0BED3BC2CA01D6056EFE05E00BB73B03B7039D056E100B05BE0AAB0829FF
105	0DE60E920CED0AB30BED3B056E054705470565041EFEC2CAFF
106	0CE2044902780223052203210F0B0460056504F5030BFE046D058404F30C7C036DFF
107	0DE60F980CED0AB30BED3B0F3C022510E30CAD056EFE109F0FA8FF
108	027802230BED3B017802D20300030B0D1401480FC9FE03853B046D058404F30CD9046D0CE20BDB0FC90385FF
109	C2CA0F42046D0584039D01A10D700F0B014A0BED3BFE070703140C4E03C33B0CE204490C4E046D3B0C7C036DFF
110	01D6056E0C21030403790C1B030B01A1053C10430C02FE030B0F5E0E19FF
111	027802230BED3B056E05F40CED0AB301A10D700DE6FE0E92FF
112	01A10D700F3C022510E30CAD0BED3B0C7C036D056EFE0CE20449FF
113	0C21030402010C390E5F030B10430C02046D05840BED3BFE01D60C210BA903B7039D046D0584056E0CE20449FF
114	01D60C210B9101663B03DE099F085504F316C1110BFE085510430C02030B0F5E0E19FF
115	01D6056E0C210304046D05840F240D4A030B0BA904CCFF
116	07D70F2403C310D003790C1B030B0B1404F302ED0855FE10430C02FF
117	C2CA0B2B09340BED3B03CC0E5B0C390E5F030B1043FE0C0207D70F2409040DEC0BF50278FF
118	02D2030003790C1B0BED3B046D0584056E0CE20449FF
119	01A10D7001B10C630BED3B056E0379072502850304FE110C05A5030B03790C1B1001024B0BA904CCFF
120	0C210304046D05840BED3B0F7E0BED056E01300379FE0C1B030B10430C0201A10D70034D0BCB03AB10E30CADFF
121	03790F880F71046D0584072502850304110C05A5030BFE03790C1B3B056E070703140A9F0C7C036DFF
122	017803790C1B07250285030405223B056E05F40379FE0C1B01A10D7009B409C10F11FF
123	04620F96072502850304110C05A5030B03790C1B0BA9FE04CCFF
124	0B9101660CED0AB30BED3B0C7C036D056E0CE20449FF
125	0B6704C30FE6112605220BF5027810430C023B1043FE0C02030B0D660879056E0CE20449FF
126	0C4E03C00BF50278030B10430C0203610195034D056EFE058410A1FF
127	01C3035404F301C30303085510430C02030B0D660879FE056E0CE20449FF
128	07250285030403790C1B030B10430C020D660879056EFE0CE20449FF
129	07DE0EEE085510430C02030B0D660879056E0CE20449FF
130	110C05A504F30D140148030B099410A10904056E0CE2FE0449FF
131	05F40C510C390E5F10430C020DC20F4D0304110C05A5FE0BAD3B01D60C210BA903B7039D0CE204490CD9046DFF
132	0B2B0CE6030B03960C390E5F10430C0201A10AD8FF
133	0B2B0CE6030B0EE6075B0C390E5F10430C0201A10AD8FF
134	0C210304046D05840BED3B056E05F407170DE601A1FE024B0B0202010223031FFF
135	0F0B01420C390E5F030B10430C02056E01A10D7001B6FE0C390E5F0D660879056E0BB708920CE20449FF
136	0F0B01420C390E5F030B10430C02056E01A10D700EE6FE075B0C390E5F0D660879056E0BB708920CE20449FF
137	0F0B01420C390E5F030B10430C02056E01A10D7003CCFE0E5B0C390E5F0D660879056E0BB708920CE20449FF
138	0CD90C27046D0584030B0D660879056E01A10D70A30173FF
139	0BE30B250C9C02580F7E030B0307078F0BED3B0C7CFE036D056E0CE20449FF
140	09D2087901A1053C056E01A10D700A780BED030BA30173FF
141	07D70F240DA40C1803790C1B09D20879030B01A1053C3BFE074A0E5B046D0584FF
142	017803790C1B0707031409D208790BED3B046D0584FE056E02D304050CE20449FF
143	017803790C1B0707031409D208790BED3B0CD9046DFE056E02D304050CE20449FF
144	C2CA05E0014A0BED3B046D058404F30CD9046D056EFE05E0014AFF
145	0FE6A6056504F509D03B046D058404F30C7C036DFE05E0014AFF
146	01A10D7010A1036310E30CAD0BED3B0DB508621043FE0C02030B0D660879056E0CE20449FF
147	01A10D7010F50BA910E30CAD0BED3B0CD90C271043FE0C02030B0D660879056E0CE20449FF
148	03790C1B04620F96030B0DB5086210430C02030B0BA9FE04CC056E05E0014AFF
149	024B0D7001D60F270C21030401A1053C10430C02046DFE0584030B0BCB0CE6FF
150	01A10D700F99110C05A50BF50278030B10430C020E0DFE0D14030B0C390E5FFF
151	0AF0110B087C07D70F2404F505B1046D0584A302AEFF
152	07D70F2401D60C2103790C1B0CD90E5F030B04330B453BFE0E1F03790C1B0BF5027810430C02FF
153	027802230BED3B056E01D70DE6032E0AB30223031F37FE0FE6032E0AB30223031F056E0BDB04490CD9046DFF
154	027802230BED3B05F40CED0AB301A10D700B09083F37FE0B5510480AD808A50BED3B056E0BDB0449046D0584FF
155	C2CA01A10D700F0B014A0F240DE60BED3B0EE2110BFE056E042E01A1FF
156	02D2030003790C1B0BED3B110C05A5030B046D05843BFE0CD9046D3B0C7C036D056E0CE20449FF
157	02D2030003790C1B030B0BED05213B110C05A51126FE0449030B09BD0E1B09D20879056E0CE20449FF
158	07D70F240BF504400C390E5F04F303630C390E5F030BFE016307D709660F020E0A0B6B10A1036310E30CADFF
159	07D70F2403C310D0A202AE046D0584FF
160	C2CA01A10D700F0B014A0BED3B056E0D3305650304FE0D140E5B03780DAF10A1FF
161	03790C1B04620F96030B07250285085510430C02030BFE0BA904CC05E0014A3B02E9057D0BA904CC03B00173FF
162	0D9803C0030B04400C390E5F046D05840D660879056EFE0CE20449FF
163	0C21030407250285085510430C02046D05840BED3BFE0C4E03C00361056E0FE6A4056504F5052201B10C63FF
164	0F990BF50F7107250285085510430C02046D0584110CFE05A5030B016307D70966053205480CD90E5FFF
165	C2CA01A10D700F0B014A0BED3B01A10D700D520B2BFE0CE60E590CADFF
166	07070314027F110C05A50F240D4A030B016307D70966FE030B046D0584FF
167	0B2D085510430C02046D0584A302AE3B0321A302AEFE0BA904CC108C0F7E0FB90829030B0F0B014AFF
168	C2CA0385030B0BED0521056E01A10AD83B03B7107FFE10070B75FF
169	07070314027F110C05A50F240D4A030B016307D70966FE030B0CD903C3FF
170	C2CA01A10D700F0B014A0BED3B07D5056E0542033B3BFE01A1030A0F7E046D05840E5FFF
171	0DE60E920CED0AB30BED3B0C7C036D056E0CE20449FF
172	016307D70966095702AE01A10D7001B10C6310E30CADFE0BED3B0CD9046D056E0CE20449FF
173	0C210304046D05840BED3B03C30FA7056E0CE20449FF
174	056503040D140E5B03780DAF05223B056E01A10D70FE0B2B09D20E590CADFF
175	0C21057D0C390E5F030B10430C02046D05840BED3BFE046D05840CE204493B0AEB01D6056E017810F50BA9FF
176	07D70F2409040DEC0BF502780565041E10430C02FF
177	07070314110C05A50C210304030B057D0C390E5F1043FE0C02030B0D6608793B01D6056E10F50BA9FF
178	0C2103040C510C390E5F030B10430C02046D05840BED3BFE03C30FA7056E02D304050CE20449FF
179	046D0584056E0BF503790C1B10A1036301BD0AEB0565FE041E1001024B0BA904CC030B0F0B014AFF
180	110C05A5030B0C390E5F056E0463078D02580F7E030BFE0BEB0144039D042E01A1FF
181	027802230BED3B056E01D70DE6032E0AB30223031FFF
182	027802230BED3B056E01D70DE60B0202010223031FFF
183	027802230BED3B056E01D70DE6015E0DB30223031FFF
184	027802230BED3B056E01D70DE6075B0BCF0223031FFF
185	032E0AB30223031F0BED3B0C7C036D056E01A10D70FEA30173FF
186	0FE60B0202010223031F0BED3B03C30FA7056E0CE2FE0449FF
187	0EF104CC0178058410A10BED3B046D0584087901A1FE0D70112602D3FF
188	0C21031F097E0C390E5F030B10430C02046D05840BED3BFE01D60C210BA903B7039D056E030A03040565041EFF
189	0F7E0BED09D20B43017810430C02058410A1030B0379FE0C1B0E0A0B6B0797036310E30CADFF
190	027802230BED3B07D70F24021007A503790C1B030BFE02580F7E0DB5FF
191	09D20879030B01A1053C03A50BD809DC10D9FF
192	0B4303790C1B074610383B0BF50A9F0DA403AB0BEFFE0F710C3C04C3FF
193	0C2103040DB5086210430C02030B0BA904CC0BED3BFE03C30FA7070703143B0C7C036D02D304050CE20449FF
194	110C0BCB030B10A90892056E01A10D70A30173FF
195	0E3A02D80B1F075209D20892057F0FE6032E02230BADFE0BED3B0CE204490C42108611260449030B09D20879FF
196	095702AE0D7D0C980BED3B0C7C036D056E0CE20449FF
197	01A10BCB0D7002EF0AC9097E0379030B016307D70966FF
198	0C21030403960C390E5F030B10430C02046D05840BED3BFE046D0584056E0CE20449FF
199	0BF50278030B07250285085510430C0207D70F240DA4FE0C180C1D05310E3204C3074A0E5B046D0584FF
200	046D058410A1036310E30CAD030B03790C1B0BED3BFE0195034D056E058410A10EF104CCFF
201	07D70F2403C310D00E1F110C05A504F30D14014803A5FE0278030B0E4F08BC046D0584FF
202	0C2103040DB5086210430C02030B0BA904CC0BED3BFE056E0FE603790C1B07170DE60B8001D7036308B5FF
203	0B09083F0CED0AB30BED3B01D6056E01A10D700F3CFE022510E30CADFF
204	0C2103040BA904CC0BED3B056E01A10D700266032EFE10E30CADFF
205	0B09083F0CED0AB30BED3B110C05A50F990D140148FE030B046D058404F30CD903C309D20879056E0CE20449FF
206	04620F960C52097710E30CAD030B03790C1B0BA904CCFF
207	02D2030003790C1B0BED056E0CE204490CD9046DFF
208	032E0C390E5F030B10430C020D660879056E0CE20449FF
209	108C0D1004C507250285077D0F7E07D709D20B430379FE0C1B01A10D7010A1036310E30CADFF
210	038611170178110C05A5030B10430C02058410A1030BFE03790C1B030B0307078FFF
211	0BF50278046D058410430C0201A102F405EC0E590CADFE0BF502780D5D105203810A2301A103810A230E590CADFF
212	01A10D7001D6056E0C210304057D0C390E5F046D0584FE030B0CED0AB3FF
213	01A10D7001D6056E0C2103040C510C390E5F046D0584FE030B0CED0AB3FF
214	01A10D7008C103CC0E5B0C390E5F030B0B75032A0E28FE0BE3030B0CED0AB3FF
215	0C870B3B046D0584056E0CE204493B02E90C0C108CFE09D20BF502780F0B07B80C010C9C0E8A030B10430C02FF
216	0F4203790C1B030B046D0584C2CA01A10D700F0B014AFE0BED3B0CD9046D056E0CE20449FF
217	0C2103040E3204C307A805BC030B046D05840BED3BFE07D70F2405E00B750A9F0D660879FF
218	0C9C0F7E030B0BD70F4410430C02036101A10D700C51FE0C390E5FFF
219	095702231030035C09D2041E057B0F0B02AE3B0565FE041EC2CA0BAD0E0B030B0F0B014AFF
220	017803790C1B02D203000BED3B056E04620F960379FE0C1B0E0D02EF0F88C2CA0BDF0F8E0892030B0BA904CCFF
221	0BF50A9F0DA403AB03790D9803C00BF502780DEC1097FE10430C02FF
222	0FE6C2CA05460F7E0F0B014A0BED077D056E01300C3CFE04C30256033BFF
223	097A0F2F0EBB0BEB0C390E5F04F30F4E0E590EBB030BFE046D0584FF
224	07D70F2405E00BB70D9803C0030B0BA904CCFF
225	07D70F24038502AE1097112F02780F2101780BF50F71FE033B030B0C3C04C3FF
226	03660B210D9803C0030B046D05843B01BD0B9F0199FE0A9F10430C020BA904CCFF
227	05C40146024B0D140E5B03780DAF10A1030B11260522FE0F0B108C016307D7096602780223FF
228	0DA409150C0C09BA10A70C3C04C33B0BEF0F7105223BFEC2CA0361056E0565041EFF
229	0E3A02D80B1F075209D20892057F0CED0AB30B09083FFE0BED3B0CE204490C42108611260449030B09D20879FF
230	07D70F2403790CE7054802780223030B03790C1B0F24FEA30173030B0BA904CC074A0E5B046D0584FF
231	11140C0C014A0966014A0E5C030B10E30CAD3B077DFE1055094C0C5210F4074A0E5B046D0584FF
232	02230BAD0BF502780D020DAE10430C020BED3B110CFE05A5056E0746072510F40BF502780D020DAE10430C02FF
233	048F085510430C020DA40C180C390E5F097A0F2F3BFE01BD0AEB0E3204C301D604E90BED0BA904CC03B00173FF
234	05B70252017802D20300030B0D140148030B0CD90E5F3BFE01A10D700E0D0D14030B0CD90E5FFF
235	0957056504F507330C3D056E0565041E0BB70892C2CAFF
236	0E3204C307A805BC030B046D05843B0D660879056EFE01A1030A04660AD8FF
237	0F0B01420C390E5F030B10430C02056E01A10D70032EFE0C390E5F0D660879056E0BB708920CE20449FF
238	027802230BED3B046D0584056E0CE20449FF
239	027802230BED3B03C30FA7056E0CE20449FF
240	0CE204490CE0085510430C02030B0D660879FF
241	0C210304046D058405223B07070314027F110C05A5FE0F240D4A030B0C9C0F7E016307D70966030B0C7C036DFF
242	07070314027F110C05A50F240D4A030B016307D70966FE030B03C30FA7FF
243	0CE204490AE9045803790C1B030B10430C02030B0D66FE0879FF
244	07070314027F110C05A50F240D4A030B016307D70966FE030B0CD9046DFF
245	0C2103040C51057F057D0C390E5F030B10430C02046DFE05840BED3B0C7C036D056E078E04050CE20449FF
246	0BD70F4410430C02030B0D660879056E0CE2044937FE0C2103040BD70F4410430C020BA904CC056E05E0014AFF
247	0C210304046D05840BED3B056E04960AAB0B910166FF
248	0C210304030B0CD90C27046D05840BA904CC056E05E0FE014AFF
249	0BF50C3C04C3024B0C313B0E3204C301A10D70A30173FF
250	0D1F01DA030B01B602DA0CE7110C05A502520C210DB5FE046D3B0DE60E920BED01B6056E0563041E0FB910E3FF
251	0EBB0BEB0C390E5F030B10430C020D660879056E0CE2FE0449FF
252	C2CA0B2B09340BED3B057D0C390E5F030B10430C02FE07D70F2409040DEC0BF50278FF
253	027802230BED3B0C4E03C0030B04AA0AD63B03B7FE0BC2019704F3059604AA09B1030B0E3204C30E280BE3FF
254	0C210304057D0C390E5F030B10430C02046D05840BED3BFE01D60C210BA903B7039D02D304050CE2044903C30FA7FF
255	0C870B3B0CD9046D056E0CE204493B02E90C0C108CFE09D20BF502780F0B07B80C010C9C0E8A030B10430C02FF
