0	0x087568A0
1	0x087568A6
2	0x087568CD
3	0x08756900
4	0x08756933
5	0x08756966
6	0x087569A9
7	0x087569E2
8	0x08756A1B
9	0x08756A53
10	0x08756A8A
11	0x08756AC4
12	0x08756AFF
13	0x08756B24
14	0x08756B48
15	0x08756B70
16	0x08756B98
17	0x08756BC0
18	0x08756BE8
19	0x08756C10
20	0x08756C3D
21	0x08756C63
22	0x08756C88
23	0x08756CAC
24	0x08756CD8
25	0x08756D08
26	0x08756D38
27	0x08756D60
28	0x08756D8A
29	0x08756DB2
30	0x08756DDD
31	0x08756E03
32	0x08756E28
33	0x08756E56
34	0x08756E84
35	0x08756EAB
36	0x08756ED4
37	0x08756EF9
38	0x08756F1E
39	0x08756F4E
40	0x08756F77
41	0x08756FA0
42	0x08756FC9
43	0x08757004
44	0x0875703F
45	0x08757065
46	0x0875708B
47	0x087570A7
48	0x087570C3
49	0x087570F2
50	0x08757121
51	0x08757150
52	0x0875717F
53	0x087571B1
54	0x087571E5
55	0x08757219
56	0x08757269
57	0x0875729D
58	0x087572D3
59	0x0875730B
60	0x08757343
61	0x0875737B
62	0x087573B3
63	0x087573EB
64	0x0875741D
65	0x08757451
66	0x08757485
67	0x087574B9
68	0x087574ED
69	0x08757529
70	0x0875755A
71	0x0875758E
72	0x087575BF
73	0x087575FE
74	0x08757628
75	0x08757664
76	0x0875769A
77	0x087576D0
78	0x08757706
79	0x0875773C
80	0x08757772
81	0x087577AF
82	0x087577EC
83	0x08757822
84	0x08757859
85	0x08757890
86	0x087578C2
87	0x087578FE
88	0x08757918
89	0x08757948
90	0x08757977
91	0x087579A6
92	0x087579D1
93	0x087579FE
94	0x08757A31
95	0x08757A64
96	0x08757A99
97	0x08757ACE
98	0x08757B03
99	0x08757B38
100	0x08757B6B
101	0x08757B9E
102	0x08757BD5
103	0x08757C0A
104	0x08757C39
105	0x08757C68
106	0x08757C9D
107	0x08757CD0
108	0x08757D05
109	0x08757D38
110	0x08757D6B
111	0x08757D9B
112	0x08757DD2
113	0x08757E07
114	0x08757E3C
115	0x08757E70
116	0x08757EA2
117	0x08757ED3
118	0x08757EFF
119	0x08757F32
120	0x08757F5E
121	0x08757F91
122	0x08757FB6
123	0x08757FDB
124	0x08758000
125	0x08758025
126	0x0875804A
127	0x0875806F
128	0x087580A0
129	0x087580C5
130	0x087580EA
131	0x0875811B
132	0x0875813C
133	0x08758165
134	0x08758182
135	0x0875819F
136	0x087581BC
137	0x087581D9
138	0x087581F6
139	0x08758213
140	0x08758230
141	0x08758256
142	0x0875827D
143	0x0875829C
144	0x087582D6
145	0x08758310
146	0x0875834A
147	0x08758384
148	0x087583BE
149	0x087583F2
150	0x08758426
151	0x08758463
152	0x08758497
153	0x087584CB
154	0x08758504
155	0x0875853F
156	0x0875857A
157	0x087585B5
158	0x087585F0
159	0x0875862B
160	0x08758660
161	0x08758695
162	0x087586CA
163	0x087586FF
164	0x08758734
165	0x08758769
166	0x0875879E
167	0x087587D3
168	0x08758808
169	0x08758834
170	0x08758860
171	0x0875888C
172	0x087588B8
173	0x087588E4
174	0x08758914
175	0x08758944
176	0x0875897C
177	0x087589AF
178	0x087589E2
179	0x08758A1A
180	0x08758A5D
181	0x08758A91
182	0x08758AD3
183	0x08758B06
184	0x08758B38
185	0x08758B78
186	0x08758BAA
187	0x08758BE6
188	0x08758C16
189	0x08758C4E
190	0x08758C84
191	0x08758CBB
192	0x08758D04
193	0x08758D3A
194	0x08758D76
195	0x08758DAA
196	0x08758DD5
197	0x08758E12
198	0x08758E49
199	0x08758E84
200	0x08758EB4
201	0x08758EDD
202	0x08758F0A
203	0x08758F3F
204	0x08758F73
205	0x08758FAB
206	0x08758FDD
207	0x08759013
208	0x08759049
209	0x08759077
210	0x087590A9
211	0x087590DD
212	0x0875910B
213	0x0875913D
214	0x08759170
215	0x087591A8
216	0x087591D8
217	0x0875920A
218	0x0875923E
219	0x0875926D
220	0x087592A2
221	0x087592D8
222	0x08759312
223	0x0875934C
224	0x08759382
225	0x087593BC
226	0x087593F6
227	0x0875942C
228	0x08759462
229	0x08759498
230	0x087594D0
231	0x08759506
232	0x0875953E
233	0x08759574
234	0x087595AB
235	0x087595E0
236	0x08759628
237	0x08759670
238	0x087596B0
239	0x087596EC
240	0x08759711
241	0x08759752
242	0x08759787
243	0x087597C9
244	0x08759800
245	0x08759848
246	0x0875987F
247	0x087598B2
248	0x087598F1
249	0x08759930
250	0x08759969
251	0x08759993
252	0x087599D4
253	0x08759A07
254	0x08759A23
255	0x08759A59
256	0x08759A8F
257	0x08759AC5
258	0x08759AFB
259	0x08759B31
260	0x08759B58
261	0x08759B91
262	0x08759BD7
263	0x08759C0D
264	0x08759C41
265	0x08759C77
266	0x08759CA6
267	0x08759CD9
268	0x08759D16
269	0x08759D41
270	0x08759D69
271	0x08759D8B
272	0x08759DA7
273	0x08759DCF
274	0x08759DFF
275	0x08759E17
276	0x08759E2B
277	0x08759E60
278	0x08759E95
279	0x08759EAB
280	0x08759ED3
281	0x08759F02
282	0x08759F20
283	0x08759F3E
284	0x08759F5C
285	0x08759F7A
286	0x08759F98
287	0x08759FD1
288	0x0875A00C
289	0x0875A041
290	0x0875A075
291	0x0875A095
292	0x0875A0C0
293	0x0875A0E8
294	0x0875A12E
295	0x0875A162
296	0x0875A19B
297	0x0875A1CE
298	0x0875A1FD
299	0x0875A229
300	0x0875A25E
301	0x0875A292
302	0x0875A2C9
303	0x0875A305
304	0x0875A32E
305	0x0875A369
306	0x0875A391
307	0x0875A3B4
308	0x0875A3EB
309	0x0875A411
310	0x0875A442
311	0x0875A46B
312	0x0875A49A
313	0x0875A4D1
314	0x0875A504
315	0x0875A52F
316	0x0875A55F
317	0x0875A57D
318	0x0875A5B2
319	0x0875A5DF
320	0x0875A614
321	0x0875A64A
322	0x0875A685
323	0x0875A6A2
324	0x0875A6D5
325	0x0875A708
326	0x0875A721
327	0x0875A756
328	0x0875A786
329	0x0875A7BB
330	0x0875A7EE
331	0x0875A834
332	0x0875A86B
333	0x0875A8A1
334	0x0875A8D8
335	0x0875A90A
336	0x0875A93F
337	0x0875A96E
338	0x0875A99F
339	0x0875A9E2
340	0x0875AA03
341	0x0875AA25
342	0x0875AA48
343	0x0875AA67
344	0x0875AA8C
345	0x0875AAB2
346	0x0875AADB
347	0x0875AB08
348	0x0875AB40
349	0x0875AB75
350	0x0875ABAF
351	0x0875ABE7
352	0x0875AC1E
353	0x0875AC4A
354	0x0875AC8B
355	0x0875ACB8
356	0x0875ACF2
357	0x0875AD25
358	0x0875AD60
359	0x0875AD9B
360	0x0875ADD0
361	0x0875ADF2
362	0x0875AE23
363	0x0875AE54
364	0x0875AE76
365	0x0875AEAB
366	0x0875AEDC
367	0x0875AF06
368	0x0875AF46
369	0x0875AF87
370	0x0875AFB8
371	0x0875AFDF
372	0x0875B00C
373	0x0875B035
374	0x0875B062
375	0x0875B08F
376	0x0875B095
377	0x0875B0C1
378	0x0875B0F1
379	0x0875B122
380	0x0875B161
381	0x0875B1AA
382	0x0875B1E1
383	0x0875B224
384	0x0875B270
385	0x0875B292
386	0x0875B2C7
387	0x0875B2F0
388	0x0875B327
389	0x0875B363
390	0x0875B3A0
391	0x0875B3CA
392	0x0875B409
393	0x0875B450
394	0x0875B484
395	0x0875B4C3
396	0x0875B4F4
397	0x0875B521
398	0x0875B560
399	0x0875B58F
400	0x0875B5C3
401	0x0875B608
402	0x0875B639
403	0x0875B66E
404	0x0875B6A1
405	0x0875B6D2
406	0x0875B705
407	0x0875B730
408	0x0875B768
409	0x0875B7A6
410	0x0875B7DD
411	0x0875B80D
412	0x0875B834
413	0x0875B865
414	0x0875B89B
415	0x0875B8C6
416	0x0875B8FF
417	0x0875B936
418	0x0875B961
419	0x0875B9A7
420	0x0875B9E2
421	0x0875BA13
422	0x0875BA4C
423	0x0875BA7B
424	0x0875BAB0
425	0x0875BAE7
426	0x0875BB11
427	0x0875BB46
428	0x0875BB63
429	0x0875BB9A
430	0x0875BBC5
431	0x0875BBFB
432	0x0875BC31
433	0x0875BC68
434	0x0875BC90
435	0x0875BCC1
436	0x0875BCFA
437	0x0875BD22
438	0x0875BD6A
439	0x0875BD93
440	0x0875BDCB
441	0x0875BDFF
442	0x0875BE35
443	0x0875BE6D
444	0x0875BEB8
445	0x0875BEFD
446	0x0875BF33
447	0x0875BF73
448	0x0875BFB3
449	0x0875BFF3
450	0x0875C033
451	0x0875C073
452	0x0875C0B4
453	0x0875C0F4
454	0x0875C135
455	0x0875C176
456	0x0875C1B7
457	0x0875C1F7
458	0x0875C238
459	0x0875C279
460	0x0875C2B9
461	0x0875C2F9
462	0x0875C339
463	0x0875C373
464	0x0875C3A4
465	0x0875C3CD
466	0x0875C403
467	0x0875C439
468	0x0875C47A
469	0x0875C4B4
470	0x0875C4EE
471	0x0875C51A
472	0x0875C551
473	0x0875C56B
474	0x0875C585
475	0x0875C5BC
476	0x0875C5F7
477	0x0875C632
478	0x0875C66F
479	0x0875C6AC
480	0x0875C6EE
481	0x0875C726
482	0x0875C759
483	0x0875C783
484	0x0875C7B4
485	0x0875C7F3
486	0x0875C837
487	0x0875C87B
488	0x0875C8BF
489	0x0875C907
490	0x0875C94D
491	0x0875C981
492	0x0875C9B5
493	0x0875C9E5
494	0x0875CA19
495	0x0875CA4D
496	0x0875CA7D
497	0x0875CAB1
498	0x0875CAE1
499	0x0875CB11
500	0x0875CB41
501	0x0875CB71
502	0x0875CBA1
503	0x0875CBD9
504	0x0875CC09
505	0x0875CC39
506	0x0875CC69
507	0x0875CC9D
508	0x0875CCDB
509	0x0875CD19
510	0x0875CD55
511	0x0875CD93
512	0x0875CDD1
513	0x0875CE0D
514	0x0875CE4B
515	0x0875CE87
516	0x0875CEC3
517	0x0875CEFF
518	0x0875CF3B
519	0x0875CF77
520	0x0875CFB7
521	0x0875CFF3
522	0x0875D02F
523	0x0875D06B
524	0x0875D0A9
525	0x0875D0ED
526	0x0875D131
527	0x0875D175
528	0x0875D1B9
529	0x0875D1E4
530	0x0875D20F
531	0x0875D23A
532	0x0875D265
533	0x0875D298
534	0x0875D2D3
535	0x0875D30E
536	0x0875D349
537	0x0875D384
538	0x0875D3BD
539	0x0875D3F8
540	0x0875D431
541	0x0875D46C
542	0x0875D4A5
543	0x0875D4DE
544	0x0875D519
545	0x0875D554
546	0x0875D591
547	0x0875D5CA
548	0x0875D603
549	0x0875D63A
550	0x0875D675
551	0x0875D6B2
552	0x0875D6F1
553	0x0875D72C
554	0x0875D769
555	0x0875D7A4
556	0x0875D7DF
557	0x0875D81A
558	0x0875D855
559	0x0875D890
560	0x0875D8CB
561	0x0875D90A
562	0x0875D945
563	0x0875D980
564	0x0875D9BB
565	0x0875D9F4
566	0x0875DA31
567	0x0875DA6E
568	0x0875DAAB
569	0x0875DAE6
570	0x0875DB1F
571	0x0875DB5A
572	0x0875DB97
573	0x0875DBD4
574	0x0875DC0D
575	0x0875DC4A
576	0x0875DC87
577	0x0875DCC2
578	0x0875DCFF
579	0x0875DD3E
580	0x0875DD79
581	0x0875DDA6
582	0x0875DDD3
583	0x0875DE00
584	0x0875DE2B
585	0x0875DE58
586	0x0875DE85
587	0x0875DEB0
588	0x0875DEDD
589	0x0875DF08
590	0x0875DF33
591	0x0875DF5E
592	0x0875DF89
593	0x0875DFB4
594	0x0875DFE3
595	0x0875E00E
596	0x0875E039
597	0x0875E064
598	0x0875E091
599	0x0875E0C8
600	0x0875E0F5
601	0x0875E11E
602	0x0875E151
603	0x0875E184
604	0x0875E1B5
605	0x0875E1E6
606	0x0875E215
607	0x0875E242
608	0x0875E26D
609	0x0875E29C
610	0x0875E2D5
611	0x0875E30A
612	0x0875E339
613	0x0875E36C
614	0x0875E39B
615	0x0875E3D8
616	0x0875E418
617	0x0875E459
618	0x0875E486
619	0x08376274
620	0x08377154
621	0x0875E532
622	0x0875E578
623	0x0875E5BC
624	0x0875E600
625	0x0875E64C
626	0x08377258
627	0x0875E6B6
628	0x0875E6D2
629	0x0875E70D
630	0x0875E748
631	0x0875E783
632	0x0875E7BF
633	0x0875E7FE
634	0x0875E839
635	0x0875E87D
636	0x0875E8C1
637	0x0875E905
638	0x0875E949
639	0x0875E983
640	0x0875E9AA
641	0x0875E9E0
642	0x0875EA0F
643	0x0875EA48
644	0x0875EA81
645	0x0875EABA
646	0x0875EAF3
647	0x0875EB2C
648	0x0875EB63
649	0x0875EB99
650	0x0875EBD3
651	0x0875EC0D
652	0x0875EC44
653	0x0875EC7C
654	0x0875ECB2
655	0x0875ECE8
656	0x0875ED1F
657	0x0875ED56
658	0x0875ED8D
659	0x0875EDC0
660	0x0875EDF7
661	0x0875EE2E
662	0x0875EE61
663	0x0875EE98
664	0x0875EECB
665	0x0875EEFE
666	0x0875EF31
667	0x0875EF64
668	0x0875EF97
669	0x0875EFD2
670	0x0875F005
671	0x0875F038
672	0x0875F06B
673	0x0875F0A2
674	0x0875F0DA
675	0x0875F10E
676	0x0875F146
677	0x0875F182
678	0x0875F1BF
679	0x0875F1F5
680	0x0875F231
681	0x0875F26B
682	0x0875F2A7
683	0x0875F2DD
684	0x0875F324
685	0x0875F35B
686	0x0875F3A5
687	0x0875F3E1
688	0x0875F413
689	0x0875F449
690	0x0875F486
691	0x0875F4BD
692	0x0875F4F4
693	0x0875F52D
694	0x0875F564
695	0x0875F59F
696	0x0875F5DB
697	0x0875F617
698	0x0875F655
699	0x0875F694
700	0x0875F6C7
701	0x0875F705
702	0x0875F72F
703	0x0875F765
704	0x0875F799
705	0x0875F7CF
706	0x0875F80F
707	0x0875F843
708	0x0875F88B
709	0x0875F8D7
710	0x0875F923
711	0x0875F94A
712	0x0875F98E
713	0x0875F9D4
714	0x0875FA1C
715	0x0875FA59
716	0x0875FA82
717	0x0875FAC9
718	0x0875FAF1
719	0x0875FB21
720	0x0875FB51
721	0x0875FB81
722	0x0875FBB1
723	0x0875FBEA
724	0x0875FC18
725	0x0875FC43
726	0x0875FC59
727	0x0875FC7F
728	0x0875FCA0
729	0x0875FCD8
730	0x0875FD14
731	0x0875FD4F
732	0x0875FD8A
733	0x0875FDC5
734	0x0875FE00
735	0x0875FE3C
736	0x0875FE77
737	0x0875FEB2
738	0x0875FEED
739	0x0875FF29
740	0x0875FF6B
741	0x0875FFA7
742	0x0875FFE3
743	0x0875FFF5
744	0x08760030
745	0x0876006B
746	0x087600A6
747	0x087600AC
748	0x087600F5
749	0x08760144
