3	普通
6	普通
9	普通
12	普通
15	普通
18	普通
19	普通
20	普通
25	普通
26	普通
27	普通
28	普通
37	普通
38	普通
50	普通
51	普通
52	普通
53	普通
58	普通
59	普通
65	普通
68	普通
74	普通
75	普通
76	普通
77	普通
78	普通
79	普通
80	普通
83	普通
84	普通
85	普通
88	普通
89	普通
94	普通
99	普通
100	普通
101	普通
102	普通
103	普通
104	普通
105	普通
109	普通
110	普通
115	普通
122	普通
127	普通
130	普通
131	普通
142	普通
143	普通
144	普通
145	普通
146	普通
150	普通
157	普通
162	普通
181	普通
194	普通
199	普通
201	普通
208	普通
211	普通
212	普通
214	普通
215	普通
216	普通
217	普通
222	普通
226	普通
229	普通
248	普通
279	普通
282	普通
285	普通
288	普通
289	普通
322	普通
328	普通
329	普通
331	普通
338	普通
340	普通
347	普通
355	普通
357	普通
359	普通
376	普通
378	普通
384	普通
394	普通
397	普通
400	普通
404	普通
405	普通
406	普通
407	普通
408	普通
410	普通
413	形态2
414	形态3
415	形态4
416	形态5
417	形态6
418	形态7
419	形态8
420	形态9
421	形态10
422	形态11
423	形态12
424	形态13
425	形态14
426	形态15
427	形态16
428	形态17
429	形态18
430	形态19
431	形态20
432	形态21
433	形态22
434	形态23
435	形态24
436	形态25
437	形态26
438	形态27
439	形态28
465	普通
466	普通
474	普通
475	普通
476	普通
481	普通
492	普通
498	普通
501	普通
502	普通
503	普通
508	普通
511	普通
513	普通
528	普通
532	普通
536	普通
537	普通
540	普通
545	普通
546	普通
556	普通
574	普通
575	普通
576	普通
584	普通
602	普通
603	普通
607	普通
608	普通
615	普通
622	普通
623	普通
624	普通
638	普通
639	普通
645	普通
646	普通
671	普通
681	普通
694	普通
695	普通
698	普通
699	普通
700	普通
701	普通
703	形态2
704	形态2
705	形态2
707	形态2
708	形态3
709	形态2
710	形态3
711	形态2
712	形态2
713	形态2
714	形态3
715	形态4
716	形态5
717	形态6
718	形态2
719	形态2
720	形态2
721	形态3
722	形态4
723	形态5
724	形态6
725	形态7
726	形态8
727	形态9
728	形态10
729	形态11
730	形态12
731	形态13
732	形态14
733	形态15
734	形态16
735	形态17
736	形态2
737	形态2
738	形态2
739	形态3
740	形态4
741	形态2
742	形态3
743	形态4
744	形态2
745	形态2
746	形态2
751	形态2
752	形态2
753	形态3
754	形态2
755	形态2
756	形态2
757	形态2
766	普通
776	普通
778	普通
786	普通
789	普通
800	普通
801	普通
813	普通
814	普通
818	普通
819	普通
821	普通
822	普通
823	普通
826	普通
827	普通
828	普通
829	形态2
831	形态2
832	形态2
833	形态2
834	形态18
837	形态2
838	形态3
839	形态2
847	普通
848	形态2
849	形态2
850	普通
851	形态2
853	形态2
854	形态3
855	形态4
856	形态2
857	形态3
858	形态4
864	普通
865	形态2
866	形态2
867	形态2
869	形态2
870	形态2
871	形态3
872	形态2
873	形态2
874	形态2
875	形态2
876	形态2
877	形态2
878	形态2
879	形态2
880	形态2
881	形态2
882	形态2
883	形态3
884	形态2
885	形态2
886	形态2
887	形态2
888	形态2
889	形态2
890	形态2
891	形态2
892	形态2
893	形态2
894	形态2
895	形态2
896	形态2
897	形态2
898	形态2
899	形态2
900	形态2
901	形态2
902	形态2
903	形态2
904	形态2
905	形态2
906	形态2
907	形态2
908	形态2
909	形态2
910	形态2
911	形态2
912	形态2
913	形态2
914	形态2
915	形态2
916	形态2
917	形态2
918	形态2
919	形态2
920	形态2
930	形态2
941	普通
958	普通
962	普通
963	普通
990	普通
991	普通
995	普通
998	普通
1017	普通
1018	普通
1020	形态2
1021	形态2
1022	形态2
1023	形态2
1024	形态2
1025	形态2
1026	形态2
1027	形态2
1028	形态2
1029	形态2
1030	形态2
1031	形态2
1032	形态2
1033	形态2
1034	形态2
1035	形态2
1036	形态2
1037	形态2
1038	形态2
1039	形态2
1040	形态2
1041	形态3
1042	形态4
1043	形态2
1044	形态3
1045	形态4
1046	形态2
1047	形态2
1048	形态2
1049	形态3
1050	形态4
1051	形态5
1052	形态6
1053	形态7
1054	形态8
1055	形态9
1056	形态10
1057	形态11
1058	形态12
1059	形态13
1060	形态14
1061	形态15
1062	形态16
1063	形态17
1064	形态18
1065	形态2
1066	形态3
1067	形态4
1068	形态5
1069	形态6
1070	形态7
1071	形态8
1072	形态2
1073	形态2
1079	形态2
1080	形态3
1081	形态4
1082	形态3
1085	形态2
1086	形态3
1087	形态4
1088	形态5
1089	形态6
1090	形态7
1091	形态8
1092	形态9
1093	形态10
1094	形态11
1095	形态12
1096	形态13
1097	形态14
1098	形态15
1099	形态16
1118	普通
1133	普通
1134	普通
1136	普通
1137	普通
1141	普通
1142	普通
1143	普通
1167	普通
1168	普通
1169	普通
1171	普通
1176	普通
1180	普通
1181	普通
1182	普通
1184	普通
1186	普通
1187	普通
1190	形态2
1191	形态3
1192	形态2
1200	普通
1201	形态2
1202	形态2
1203	形态2
1204	形态2
1205	形态2
1206	形态2
1207	形态2
1208	形态3
1209	形态2
1210	形态2
1211	形态2
1212	形态3
1213	形态2
1214	形态2
1215	形态2
1216	形态2
1217	形态2
1218	形态2
1219	形态2
1220	形态2
1221	形态2
1222	形态2
1223	形态2
1224	形态2
1225	形态2
1226	形态3
1227	形态4
1228	形态2
1229	形态2
1233	形态2
1236	形态2
1238	形态2
1239	形态2
1241	形态2
1242	形态2
1248	形态2
1251	形态2
1252	形态2
1253	形态2
1254	形态3
1256	形态2
1260	形态2
1261	形态2
1264	形态2
1265	形态3
1268	普通
1269	形态2
1271	形态2
1272	形态2
1274	形态2
1275	形态2
1276	形态2
1277	形态2
1278	形态2
1279	形态2
1280	形态2
1281	形态2
1282	形态2
1283	形态2
1284	形态2
1285	形态2
1286	形态2
1287	形态2
1288	形态2
1289	形态2
1290	形态3
1291	形态4
1292	形态3
1293	形态4
1294	形态2
1295	形态2
1296	形态2
1297	形态2
1298	形态2
1299	形态2
1300	形态2
1301	形态2
1302	普通
1303	形态2
1304	形态2
1306	形态2
1307	形态2
1309	形态2
1310	形态3
1311	形态3
1312	普通
1313	形态2
1316	形态2
1317	形态2
1338	普通
1355	形态2
1356	形态2
1357	普通
1358	形态2
1359	形态3
1360	形态4
1375	形态2
