0	2	27	陆地	7	0	25	25	201
1	2	27	陆地	7	1	25	25	201
2	2	27	陆地	7	2	25	25	201
3	2	27	陆地	7	3	25	25	201
4	2	27	陆地	7	4	25	25	201
5	2	27	陆地	7	5	25	25	201
6	2	27	陆地	7	6	25	25	201
7	2	27	陆地	7	7	25	25	201
8	2	27	陆地	7	8	25	25	201
9	2	27	陆地	7	9	25	25	201
10	2	27	陆地	7	10	25	25	201
11	2	27	陆地	7	11	25	25	201
12	2	28	陆地	7	0	25	25	201
13	2	28	陆地	7	1	25	25	201
14	2	28	陆地	7	2	25	25	201
15	2	28	陆地	7	3	25	25	201
16	2	28	陆地	7	4	25	25	201
17	2	28	陆地	7	5	25	25	201
18	2	28	陆地	7	6	25	25	201
19	2	28	陆地	7	7	25	25	201
20	2	28	陆地	7	8	25	25	201
21	2	28	陆地	7	9	25	25	201
22	2	28	陆地	7	10	25	25	201
23	2	28	陆地	7	11	25	25	201
24	2	29	陆地	7	0	25	25	201
25	2	29	陆地	7	1	25	25	201
26	2	29	陆地	7	2	25	25	201
27	2	29	陆地	7	3	25	25	201
28	2	29	陆地	7	4	25	25	201
29	2	29	陆地	7	5	25	25	201
30	2	29	陆地	7	6	25	25	201
31	2	29	陆地	7	7	25	25	201
32	2	29	陆地	7	8	25	25	201
33	2	29	陆地	7	9	25	25	201
34	2	29	陆地	7	10	25	25	201
35	2	29	陆地	7	11	25	25	201
36	2	30	陆地	7	0	25	25	201
37	2	30	陆地	7	1	25	25	201
38	2	30	陆地	7	2	25	25	201
39	2	30	陆地	7	3	25	25	201
40	2	30	陆地	7	4	25	25	201
41	2	30	陆地	7	5	25	25	201
42	2	30	陆地	7	6	25	25	201
43	2	30	陆地	7	7	25	25	201
44	2	30	陆地	7	8	25	25	201
45	2	30	陆地	7	9	25	25	201
46	2	30	陆地	7	10	25	25	201
47	2	30	陆地	7	11	25	25	201
48	2	31	陆地	7	0	25	25	201
49	2	31	陆地	7	1	25	25	201
50	2	31	陆地	7	2	25	25	201
51	2	31	陆地	7	3	25	25	201
52	2	31	陆地	7	4	25	25	201
53	2	31	陆地	7	5	25	25	201
54	2	31	陆地	7	6	25	25	201
55	2	31	陆地	7	7	25	25	201
56	2	31	陆地	7	8	25	25	201
57	2	31	陆地	7	9	25	25	201
58	2	31	陆地	7	10	25	25	201
59	2	31	陆地	7	11	25	25	201
60	2	32	陆地	7	0	25	25	201
61	2	32	陆地	7	1	25	25	201
62	2	32	陆地	7	2	25	25	201
63	2	32	陆地	7	3	25	25	201
64	2	32	陆地	7	4	25	25	201
65	2	32	陆地	7	5	25	25	201
66	2	32	陆地	7	6	25	25	201
67	2	32	陆地	7	7	25	25	201
68	2	32	陆地	7	8	25	25	201
69	2	32	陆地	7	9	25	25	201
70	2	32	陆地	7	10	25	25	201
71	2	32	陆地	7	11	25	25	201
72	2	33	陆地	7	0	25	25	201
73	2	33	陆地	7	1	25	25	201
74	2	33	陆地	7	2	25	25	201
75	2	33	陆地	7	3	25	25	201
76	2	33	陆地	7	4	25	25	201
77	2	33	陆地	7	5	25	25	201
78	2	33	陆地	7	6	25	25	201
79	2	33	陆地	7	7	25	25	201
80	2	33	陆地	7	8	25	25	201
81	2	33	陆地	7	9	25	25	201
82	2	33	陆地	7	10	25	25	201
83	2	33	陆地	7	11	25	25	201
84	1	0	陆地	14	0	5	7	10
85	1	0	陆地	14	1	5	6	13
86	1	0	陆地	14	2	5	6	468
87	1	0	陆地	14	3	5	6	772
88	1	0	陆地	14	4	6	7	301
89	1	0	陆地	14	5	5	7	165
90	1	0	陆地	14	6	5	7	25
91	1	0	陆地	14	7	5	5	311
92	1	0	陆地	14	8	5	6	953
93	1	0	陆地	14	9	6	6	306
94	1	0	陆地	14	10	6	6	648
95	1	0	陆地	14	11	7	7	648
96	1	1	陆地	4	0	12	14	74
97	1	1	陆地	4	1	12	14	41
98	1	1	陆地	4	2	13	14	961
99	1	1	陆地	4	3	12	14	585
100	1	1	陆地	4	4	12	12	580
101	1	1	陆地	4	5	13	14	1125
102	1	1	陆地	4	6	12	14	335
103	1	1	陆地	4	7	11	13	335
104	1	1	陆地	4	8	12	14	236
105	1	1	陆地	4	9	13	13	35
106	1	1	陆地	4	10	14	14	332
107	1	1	陆地	4	11	14	14	332
108	1	2	陆地	4	0	12	14	46
109	1	2	陆地	4	1	12	14	46
110	1	2	陆地	4	2	13	14	218
111	1	2	陆地	4	3	14	14	580
112	1	2	陆地	4	4	12	12	46
113	1	2	陆地	4	5	13	14	216
114	1	2	陆地	4	6	12	14	206
115	1	2	陆地	4	7	12	15	318
116	1	2	陆地	4	8	12	14	377
117	1	2	陆地	4	9	12	15	377
118	1	2	陆地	4	10	13	13	1170
119	1	2	陆地	4	11	14	14	1170
120	1	3	陆地	4	0	12	14	74
121	1	3	陆地	4	1	12	14	41
122	1	3	陆地	4	2	13	14	582
123	1	3	陆地	4	3	12	14	961
124	1	3	陆地	4	4	12	14	580
125	1	3	陆地	4	5	12	14	339
126	1	3	陆地	4	6	14	14	370
127	1	3	陆地	4	7	12	12	238
128	1	3	陆地	4	8	13	13	238
129	1	3	陆地	4	9	13	13	35
130	1	3	陆地	4	10	14	14	95
131	1	3	陆地	4	11	12	15	95
132	1	4	水面	1	0	5	10	72
133	1	4	水面	1	1	10	20	72
134	1	4	水面	1	2	20	30	72
135	1	4	水面	1	3	30	35	72
136	1	4	水面	1	4	35	40	72
137	1	4	钓鱼	10	0	5	5	129
138	1	4	钓鱼	10	1	5	5	129
139	1	4	钓鱼	10	2	5	15	116
140	1	4	钓鱼	10	3	5	15	129
141	1	4	钓鱼	10	4	5	15	98
142	1	4	钓鱼	10	5	15	25	116
143	1	4	钓鱼	10	6	15	25	90
144	1	4	钓鱼	10	7	15	25	130
145	1	4	钓鱼	10	8	25	35	116
146	1	4	钓鱼	10	9	25	35	54
147	1	37	陆地	4	0	22	24	50
148	1	37	陆地	4	1	22	24	50
149	1	37	陆地	4	2	22	24	1135
150	1	37	陆地	4	3	22	24	671
151	1	37	陆地	4	4	22	25	194
152	1	37	陆地	4	5	22	25	604
153	1	37	陆地	4	6	22	25	582
154	1	37	陆地	4	7	24	26	207
155	1	37	陆地	4	8	24	25	51
156	1	37	陆地	4	9	24	25	51
157	1	37	陆地	4	10	24	24	502
158	1	37	陆地	4	11	24	25	502
159	1	39	陆地	7	0	75	77	68
160	1	39	陆地	7	1	75	77	76
161	1	39	陆地	7	2	75	78	208
162	1	39	陆地	7	3	79	79	584
163	1	39	陆地	7	4	79	79	584
164	1	39	陆地	7	5	80	80	42
165	1	39	陆地	7	6	79	80	24
166	1	39	陆地	7	7	79	80	42
167	1	39	陆地	7	8	79	80	105
168	1	39	陆地	7	9	79	80	68
169	1	39	陆地	7	10	79	80	68
170	1	39	陆地	7	11	79	80	105
171	1	40	陆地	7	0	77	78	584
172	1	40	陆地	7	1	76	78	76
173	1	40	陆地	7	2	76	79	57
174	1	40	陆地	7	3	80	80	584
175	1	40	陆地	7	4	79	80	584
176	1	40	陆地	7	5	79	80	42
177	1	40	陆地	7	6	79	80	24
178	1	40	陆地	7	7	79	80	42
179	1	40	陆地	7	8	77	80	105
180	1	40	陆地	7	9	77	78	68
181	1	40	陆地	7	10	77	79	68
182	1	40	陆地	7	11	80	83	105
183	1	41	陆地	7	0	79	82	987
184	1	41	陆地	7	1	80	82	584
185	1	41	陆地	7	2	82	83	584
186	1	41	陆地	7	3	82	83	584
187	1	41	陆地	7	4	82	82	987
188	1	41	陆地	7	5	81	82	42
189	1	41	陆地	7	6	80	82	24
190	1	41	陆地	7	7	80	82	42
191	1	41	陆地	7	8	81	81	105
192	1	41	陆地	7	9	79	82	68
193	1	41	陆地	7	10	79	82	68
194	1	41	陆地	7	11	80	80	105
195	1	59	陆地	7	0	62	65	20
196	1	59	陆地	7	1	68	68	584
197	1	59	陆地	7	2	62	64	89
198	1	59	陆地	7	3	63	63	89
199	1	59	陆地	7	4	65	65	110
200	1	59	陆地	7	5	64	66	563
201	1	59	陆地	7	6	64	64	59
202	1	59	陆地	7	7	64	64	59
203	1	59	陆地	7	8	65	65	322
204	1	59	陆地	7	9	65	65	322
205	1	59	陆地	7	10	65	65	411
206	1	59	陆地	7	11	65	65	411
207	1	60	陆地	7	0	64	66	952
208	1	60	陆地	7	1	64	66	622
209	1	60	陆地	7	2	63	65	109
210	1	60	陆地	7	3	63	65	368
211	1	60	陆地	7	4	64	65	684
212	1	60	陆地	7	5	64	65	287
213	1	60	陆地	7	6	64	65	229
214	1	60	陆地	7	7	64	65	229
215	1	60	陆地	7	8	64	66	378
216	1	60	陆地	7	9	64	66	378
217	1	60	陆地	7	10	65	65	411
218	1	60	陆地	7	11	65	65	411
219	1	61	陆地	7	0	64	66	977
220	1	61	陆地	7	1	63	65	379
221	1	61	陆地	7	2	64	66	168
222	1	61	陆地	7	3	65	65	168
223	1	61	陆地	7	4	64	64	78
224	1	61	陆地	7	5	64	64	488
225	1	61	陆地	7	6	64	64	662
226	1	61	陆地	7	7	65	66	662
227	1	61	陆地	7	8	65	66	606
228	1	61	陆地	7	9	65	66	606
229	1	61	陆地	7	10	65	65	411
230	1	61	陆地	7	11	65	65	411
231	1	62	陆地	5	0	64	66	20
232	1	62	陆地	5	1	64	66	622
233	1	62	陆地	5	2	64	66	168
234	1	62	陆地	5	3	64	64	168
235	1	62	陆地	5	4	65	65	126
236	1	62	陆地	5	5	64	66	287
237	1	62	陆地	5	6	64	65	59
238	1	62	陆地	5	7	64	65	59
239	1	62	陆地	5	8	64	66	378
240	1	62	陆地	5	9	64	66	378
241	1	62	陆地	5	10	65	65	411
242	1	62	陆地	5	11	65	65	411
243	1	63	陆地	21	0	50	52	317
244	1	63	陆地	21	1	50	53	308
245	1	63	陆地	21	2	50	52	376
246	1	63	陆地	21	3	50	52	376
247	1	63	陆地	21	4	49	51	1083
248	1	63	陆地	21	5	50	50	1083
249	1	63	陆地	21	6	49	51	137
250	1	63	陆地	21	7	49	50	137
251	1	63	陆地	21	8	49	49	123
252	1	63	陆地	21	9	49	49	123
253	1	63	陆地	21	10	45	45	113
254	1	63	陆地	21	11	45	45	113
255	1	63	水面	2	0	35	40	645
256	1	63	水面	2	1	35	40	55
257	1	63	水面	2	2	35	40	646
258	1	63	水面	2	3	30	35	55
259	1	63	水面	2	4	35	40	55
260	1	63	钓鱼	20	0	5	5	129
261	1	63	钓鱼	20	1	5	5	129
262	1	63	钓鱼	20	2	15	15	211
263	1	63	钓鱼	20	3	5	15	964
264	1	63	钓鱼	20	4	5	15	511
265	1	63	钓鱼	20	5	15	25	647
266	1	63	钓鱼	20	6	20	30	603
267	1	63	钓鱼	20	7	30	25	331
268	1	63	钓鱼	20	8	15	35	328
269	1	63	钓鱼	20	9	25	35	328
270	1	64	陆地	21	0	50	52	809
271	1	64	陆地	21	1	50	53	385
272	1	64	陆地	21	2	50	52	679
273	1	64	陆地	21	3	50	52	679
274	1	64	陆地	21	4	49	51	202
275	1	64	陆地	21	5	52	52	202
276	1	64	陆地	21	6	49	51	623
277	1	64	陆地	21	7	48	48	623
278	1	64	陆地	21	8	49	50	127
279	1	64	陆地	21	9	49	50	127
280	1	64	陆地	21	10	45	45	115
281	1	64	陆地	21	11	45	45	115
282	1	64	水面	2	0	35	40	984
283	1	64	水面	2	1	35	40	171
284	1	64	水面	2	2	35	40	969
285	1	64	水面	2	3	35	40	590
286	1	64	水面	2	4	35	40	590
287	1	64	钓鱼	20	0	5	5	129
288	1	64	钓鱼	20	1	5	5	1138
289	1	64	钓鱼	20	2	5	15	222
290	1	64	钓鱼	20	3	5	15	117
291	1	64	钓鱼	20	4	5	15	223
292	1	64	钓鱼	20	5	15	25	375
293	1	64	钓鱼	20	6	20	30	374
294	1	64	钓鱼	20	7	15	25	121
295	1	64	钓鱼	20	8	15	35	998
296	1	64	钓鱼	20	9	25	35	998
297	1	65	陆地	21	0	50	52	815
298	1	65	陆地	21	1	50	53	815
299	1	65	陆地	21	2	50	52	592
300	1	65	陆地	21	3	49	51	592
301	1	65	陆地	21	4	52	52	678
302	1	65	陆地	21	5	52	52	678
303	1	65	陆地	21	6	49	51	227
304	1	65	陆地	21	7	50	50	227
305	1	65	陆地	21	8	48	49	796
306	1	65	陆地	21	9	49	49	796
307	1	65	陆地	21	10	45	45	663
308	1	65	陆地	21	11	45	45	663
309	1	65	水面	2	0	35	40	968
310	1	65	水面	2	1	35	40	965
311	1	65	水面	2	2	35	40	985
312	1	65	水面	2	3	35	40	985
313	1	65	水面	2	4	35	40	985
314	1	65	钓鱼	20	0	5	5	129
315	1	65	钓鱼	20	1	5	5	60
316	1	65	钓鱼	20	2	5	15	988
317	1	65	钓鱼	20	3	5	15	98
318	1	65	钓鱼	20	4	5	15	313
319	1	65	钓鱼	20	5	35	40	99
320	1	65	钓鱼	20	6	20	30	996
321	1	65	钓鱼	20	7	15	25	798
322	1	65	钓鱼	20	8	15	35	798
323	1	65	钓鱼	20	9	25	35	798
324	1	66	陆地	21	0	50	52	674
325	1	66	陆地	21	1	50	53	674
326	1	66	陆地	21	2	50	52	469
327	1	66	陆地	21	3	50	51	469
328	1	66	陆地	21	4	50	53	503
329	1	66	陆地	21	5	50	52	503
330	1	66	陆地	21	6	49	51	193
331	1	66	陆地	21	7	49	51	193
332	1	66	陆地	21	8	49	52	957
333	1	66	陆地	21	9	49	51	957
334	1	66	陆地	21	10	49	49	235
335	1	66	陆地	21	11	49	49	235
336	1	66	水面	2	0	35	40	510
337	1	66	水面	2	1	35	40	472
338	1	66	水面	2	2	35	40	381
339	1	66	水面	2	3	35	40	54
340	1	66	水面	2	4	35	40	329
341	1	66	钓鱼	20	0	5	5	129
342	1	66	钓鱼	20	1	5	5	116
343	1	66	钓鱼	20	2	5	15	211
344	1	66	钓鱼	20	3	5	15	117
345	1	66	钓鱼	20	4	5	15	313
346	1	66	钓鱼	20	5	35	40	327
347	1	66	钓鱼	20	6	30	40	119
348	1	66	钓鱼	20	7	15	25	603
349	1	66	钓鱼	20	8	15	35	381
350	1	66	钓鱼	20	9	25	35	381
351	1	72	陆地	7	0	68	71	42
352	1	72	陆地	7	1	68	71	47
353	1	72	陆地	7	2	67	67	68
354	1	72	陆地	7	3	67	69	68
355	1	72	陆地	7	4	69	70	82
356	1	72	陆地	7	5	69	70	82
357	1	72	陆地	7	6	69	72	590
358	1	72	陆地	7	7	66	69	590
359	1	72	陆地	7	8	64	64	1176
360	1	72	陆地	7	9	64	64	1176
361	1	72	陆地	7	10	67	67	989
362	1	72	陆地	7	11	67	67	989
363	1	72	水面	2	0	66	68	590
364	1	72	水面	2	1	66	68	55
365	1	72	水面	2	2	66	68	327
366	1	72	水面	2	3	66	68	99
367	1	72	水面	2	4	66	68	99
368	1	72	碎岩	50	0	30	40	74
369	1	72	碎岩	50	1	40	50	75
370	1	72	碎岩	50	2	45	55	75
371	1	72	碎岩	50	3	40	50	74
372	1	72	碎岩	50	4	40	50	74
373	1	72	钓鱼	20	0	5	5	129
374	1	72	钓鱼	20	1	5	5	120
375	1	72	钓鱼	20	2	5	15	330
376	1	72	钓鱼	20	3	5	15	988
377	1	72	钓鱼	20	4	5	15	98
378	1	72	钓鱼	20	5	40	45	590
379	1	72	钓鱼	20	6	35	40	61
380	1	72	钓鱼	20	7	15	25	327
381	1	72	钓鱼	20	8	15	25	327
382	1	72	钓鱼	20	9	25	35	327
383	1	73	陆地	7	0	69	71	644
384	1	73	陆地	7	1	69	71	581
385	1	73	陆地	7	2	68	68	57
386	1	73	陆地	7	3	69	69	57
387	1	73	陆地	7	4	75	75	584
388	1	73	陆地	7	5	75	75	584
389	1	73	陆地	7	6	69	70	65
390	1	73	陆地	7	7	68	70	65
391	1	73	陆地	7	8	64	64	1176
392	1	73	陆地	7	9	64	64	1176
393	1	73	陆地	7	10	68	68	989
394	1	73	陆地	7	11	68	68	989
395	1	73	碎岩	50	0	35	45	74
396	1	73	碎岩	50	1	45	55	75
397	1	73	碎岩	50	2	50	60	75
398	1	73	碎岩	50	3	45	55	74
399	1	73	碎岩	50	4	45	55	74
400	1	74	陆地	7	0	69	71	973
401	1	74	陆地	7	1	69	71	823
402	1	74	陆地	7	2	69	70	357
403	1	74	陆地	7	3	69	70	357
404	1	74	陆地	7	4	69	71	481
405	1	74	陆地	7	5	69	71	394
406	1	74	陆地	7	6	69	71	481
407	1	74	陆地	7	7	70	72	394
408	1	74	陆地	7	8	70	72	583
409	1	74	陆地	7	9	70	72	583
410	1	74	陆地	7	10	69	69	989
411	1	74	陆地	7	11	69	69	989
412	1	74	水面	2	0	69	70	331
413	1	74	水面	2	1	69	70	80
414	1	74	水面	2	2	69	71	965
415	1	74	水面	2	3	69	71	965
416	1	74	水面	2	4	69	71	329
417	1	74	碎岩	50	0	40	50	74
418	1	74	碎岩	50	1	50	60	75
419	1	74	碎岩	50	2	55	65	75
420	1	74	碎岩	50	3	50	60	74
421	1	74	碎岩	50	4	50	60	74
422	1	74	钓鱼	20	0	5	5	328
423	1	74	钓鱼	20	1	5	5	964
424	1	74	钓鱼	20	2	5	15	326
425	1	74	钓鱼	20	3	5	15	98
426	1	74	钓鱼	20	4	5	15	964
427	1	74	钓鱼	20	5	35	40	62
428	1	74	钓鱼	20	6	35	40	327
429	1	74	钓鱼	20	7	35	40	331
430	1	74	钓鱼	20	8	25	25	130
431	1	74	钓鱼	20	9	25	35	130
432	1	81	陆地	5	0	28	31	75
433	1	81	陆地	5	1	28	31	382
434	1	81	陆地	5	2	27	31	213
435	1	81	陆地	5	3	28	31	349
436	1	81	陆地	5	4	27	31	41
437	1	81	陆地	5	5	28	31	811
438	1	81	陆地	5	6	27	31	991
439	1	81	陆地	5	7	27	31	650
440	1	81	陆地	5	8	30	31	1166
441	1	81	陆地	5	9	30	31	684
442	1	81	陆地	5	10	28	28	685
443	1	81	陆地	5	11	28	28	685
444	1	82	陆地	5	0	28	32	28
445	1	82	陆地	5	1	28	31	578
446	1	82	陆地	5	2	28	31	220
447	1	82	陆地	5	3	27	32	346
448	1	82	陆地	5	4	27	32	491
449	1	82	陆地	5	5	28	32	489
450	1	82	陆地	5	6	30	32	1130
451	1	82	陆地	5	7	30	32	1130
452	1	82	陆地	5	8	30	31	666
453	1	82	陆地	5	9	30	31	666
454	1	82	陆地	5	10	28	28	652
455	1	82	陆地	5	11	28	28	652
456	1	82	碎岩	50	0	5	20	74
457	1	82	碎岩	50	1	10	20	74
458	1	82	碎岩	50	2	15	30	320
459	1	82	碎岩	50	3	25	40	320
460	1	82	碎岩	50	4	30	40	320
461	1	83	陆地	7	0	62	64	221
462	1	83	陆地	7	1	65	65	346
463	1	83	陆地	7	2	63	63	667
464	1	83	陆地	7	3	63	63	667
465	1	83	陆地	7	4	62	64	80
466	1	83	陆地	7	5	62	64	80
467	1	83	陆地	7	6	65	65	42
468	1	83	陆地	7	7	65	65	42
469	1	83	陆地	7	8	63	63	821
470	1	83	陆地	7	9	63	63	821
471	1	83	陆地	7	10	64	64	124
472	1	83	陆地	7	11	64	64	124
473	1	84	陆地	7	0	62	64	221
474	1	84	陆地	7	1	65	65	1226
475	1	84	陆地	7	2	62	64	637
476	1	84	陆地	7	3	62	64	637
477	1	84	陆地	7	4	63	64	199
478	1	84	陆地	7	5	63	63	199
479	1	84	陆地	7	6	65	65	42
480	1	84	陆地	7	7	65	65	42
481	1	84	陆地	7	8	64	64	668
482	1	84	陆地	7	9	64	64	668
483	1	84	陆地	7	10	62	62	225
484	1	84	陆地	7	11	62	62	225
485	1	85	陆地	7	0	62	64	513
486	1	85	陆地	7	1	64	66	512
487	1	85	陆地	7	2	63	63	1026
488	1	85	陆地	7	3	63	63	1026
489	1	85	陆地	7	4	62	64	327
490	1	85	陆地	7	5	62	64	327
491	1	85	陆地	7	6	64	64	42
492	1	85	陆地	7	7	64	64	42
493	1	85	陆地	7	8	63	63	215
494	1	85	陆地	7	9	63	63	215
495	1	85	陆地	7	10	64	64	225
496	1	85	陆地	7	11	64	64	225
497	1	86	陆地	7	0	62	64	221
498	1	86	陆地	7	1	62	64	1226
499	1	86	陆地	7	2	63	63	1026
500	1	86	陆地	7	3	63	63	1026
501	1	86	陆地	7	4	62	64	87
502	1	86	陆地	7	5	62	64	87
503	1	86	陆地	7	6	63	63	42
504	1	86	陆地	7	7	63	63	42
505	1	86	陆地	7	8	62	62	1165
506	1	86	陆地	7	9	63	63	1165
507	1	86	陆地	7	10	62	62	124
508	1	86	陆地	7	11	63	63	124
509	1	86	水面	2	0	62	65	87
510	1	86	水面	2	1	62	65	343
511	1	86	水面	2	2	62	65	327
512	1	86	水面	2	3	62	65	327
513	1	86	水面	2	4	62	65	327
514	1	86	钓鱼	20	0	5	5	129
515	1	86	钓鱼	20	1	5	5	118
516	1	86	钓鱼	20	2	5	15	341
517	1	86	钓鱼	20	3	5	15	964
518	1	86	钓鱼	20	4	5	15	98
519	1	86	钓鱼	20	5	35	40	117
520	1	86	钓鱼	20	6	35	40	117
521	1	86	钓鱼	20	7	15	25	130
522	1	86	钓鱼	20	8	25	35	327
523	1	86	钓鱼	20	9	25	35	327
524	1	87	陆地	7	0	62	64	221
525	1	87	陆地	7	1	62	64	513
526	1	87	陆地	7	2	63	63	1026
527	1	87	陆地	7	3	63	65	1026
528	1	87	陆地	7	4	63	65	87
529	1	87	陆地	7	5	63	65	87
530	1	87	陆地	7	6	62	64	327
531	1	87	陆地	7	7	62	64	327
532	1	87	陆地	7	8	65	65	42
533	1	87	陆地	7	9	65	65	42
534	1	87	陆地	7	10	64	64	124
535	1	87	陆地	7	11	64	64	124
536	1	87	水面	2	0	62	65	55
537	1	87	水面	2	1	62	65	80
538	1	87	水面	2	2	62	65	331
539	1	87	水面	2	3	62	65	331
540	1	87	水面	2	4	62	65	331
541	1	87	钓鱼	20	0	5	5	129
542	1	87	钓鱼	20	1	5	5	223
543	1	87	钓鱼	20	2	5	15	341
544	1	87	钓鱼	20	3	5	15	90
545	1	87	钓鱼	20	4	5	15	330
546	1	87	钓鱼	20	5	15	25	117
547	1	87	钓鱼	20	6	20	30	117
548	1	87	钓鱼	20	7	15	25	130
549	1	87	钓鱼	20	8	25	35	1145
550	1	87	钓鱼	20	9	25	35	1145
551	1	90	陆地	2	0	41	43	93
552	1	90	陆地	2	1	41	43	616
553	1	90	陆地	2	2	41	43	362
554	1	90	陆地	2	3	41	42	482
555	1	90	陆地	2	4	41	42	482
556	1	90	陆地	2	5	44	45	1038
557	1	90	陆地	2	6	44	45	322
558	1	90	陆地	2	7	44	45	495
559	1	90	陆地	2	8	42	43	1147
560	1	90	陆地	2	9	43	44	1147
561	1	90	陆地	2	10	44	44	661
562	1	90	陆地	2	11	44	44	661
563	1	91	陆地	2	0	42	44	93
564	1	91	陆地	2	1	42	44	616
565	1	91	陆地	2	2	42	44	362
566	1	91	陆地	2	3	41	44	482
567	1	91	陆地	2	4	41	44	482
568	1	91	陆地	2	5	44	45	1038
569	1	91	陆地	2	6	44	45	322
570	1	91	陆地	2	7	44	44	495
571	1	91	陆地	2	8	44	45	1147
572	1	91	陆地	2	9	44	45	1147
573	1	91	陆地	2	10	44	44	661
574	1	91	陆地	2	11	44	44	661
575	1	92	陆地	4	0	43	45	93
576	1	92	陆地	4	1	43	45	616
577	1	92	陆地	4	2	42	44	362
578	1	92	陆地	4	3	43	44	482
579	1	92	陆地	4	4	43	44	482
580	1	92	陆地	4	5	45	45	1038
581	1	92	陆地	4	6	44	44	322
582	1	92	陆地	4	7	46	46	495
583	1	92	陆地	4	8	44	45	1147
584	1	92	陆地	4	9	44	45	1147
585	1	92	陆地	4	10	44	44	661
586	1	92	陆地	4	11	45	45	661
587	1	93	陆地	6	0	43	45	93
588	1	93	陆地	6	1	42	44	616
589	1	93	陆地	6	2	43	44	362
590	1	93	陆地	6	3	45	46	1038
591	1	93	陆地	6	4	44	44	482
592	1	93	陆地	6	5	43	44	482
593	1	93	陆地	6	6	44	45	495
594	1	93	陆地	6	7	44	45	322
595	1	93	陆地	6	8	45	46	1147
596	1	93	陆地	6	9	45	45	1147
597	1	93	陆地	6	10	45	45	661
598	1	93	陆地	6	11	45	45	661
599	1	94	陆地	8	0	45	47	93
600	1	94	陆地	8	1	44	46	616
601	1	94	陆地	8	2	44	46	362
602	1	94	陆地	8	3	44	45	482
603	1	94	陆地	8	4	44	45	482
604	1	94	陆地	8	5	47	47	1038
605	1	94	陆地	8	6	48	48	495
606	1	94	陆地	8	7	47	47	322
607	1	94	陆地	8	8	47	48	1147
608	1	94	陆地	8	9	47	48	1147
609	1	94	陆地	8	10	46	46	661
610	1	94	陆地	8	11	46	46	661
611	1	95	陆地	7	0	62	64	82
612	1	95	陆地	7	1	63	63	101
613	1	95	陆地	7	2	62	64	576
614	1	95	陆地	7	3	63	63	657
615	1	95	陆地	7	4	63	63	181
616	1	95	陆地	7	5	62	65	181
617	1	95	陆地	7	6	62	64	810
618	1	95	陆地	7	7	62	64	810
619	1	95	陆地	7	8	63	63	125
620	1	95	陆地	7	9	64	64	125
621	1	95	陆地	7	10	65	65	25
622	1	95	陆地	7	11	66	66	125
623	1	97	陆地	21	0	30	30	77
624	1	97	陆地	21	1	38	38	22
625	1	97	陆地	21	2	33	33	77
626	1	97	陆地	21	3	32	32	21
627	1	97	陆地	21	4	35	35	66
628	1	97	陆地	21	5	33	33	74
629	1	97	陆地	21	6	36	36	77
630	1	97	陆地	21	7	40	40	22
631	1	97	陆地	21	8	30	30	21
632	1	97	陆地	21	9	39	39	78
633	1	97	陆地	21	10	30	30	21
634	1	97	陆地	21	11	42	42	78
635	1	97	碎岩	50	0	5	20	74
636	1	97	碎岩	50	1	10	20	74
637	1	97	碎岩	50	2	15	30	74
638	1	97	碎岩	50	3	25	40	75
639	1	97	碎岩	50	4	30	40	75
640	1	98	陆地	7	0	33	33	74
641	1	98	陆地	7	1	35	35	66
642	1	98	陆地	7	2	29	29	74
643	1	98	陆地	7	3	31	31	74
644	1	98	陆地	7	4	31	31	66
645	1	98	陆地	7	5	33	33	66
646	1	98	陆地	7	6	35	35	74
647	1	98	陆地	7	7	37	37	66
648	1	98	陆地	7	8	37	37	74
649	1	98	陆地	7	9	39	39	66
650	1	98	陆地	7	10	37	37	74
651	1	98	陆地	7	11	39	39	66
652	1	99	陆地	7	0	34	34	74
653	1	99	陆地	7	1	36	36	66
654	1	99	陆地	7	2	30	30	74
655	1	99	陆地	7	3	32	32	74
656	1	99	陆地	7	4	32	32	66
657	1	99	陆地	7	5	34	34	66
658	1	99	陆地	7	6	38	38	67
659	1	99	陆地	7	7	38	38	67
660	1	99	陆地	7	8	40	40	67
661	1	99	陆地	7	9	40	40	67
662	1	99	陆地	7	10	40	40	67
663	1	99	陆地	7	11	40	40	67
664	1	99	碎岩	50	0	5	20	74
665	1	99	碎岩	50	1	10	20	74
666	1	99	碎岩	50	2	15	30	74
667	1	99	碎岩	50	3	25	40	75
668	1	99	碎岩	50	4	30	40	75
669	1	100	陆地	7	0	33	33	74
670	1	100	陆地	7	1	35	35	66
671	1	100	陆地	7	2	29	29	74
672	1	100	陆地	7	3	31	31	74
673	1	100	陆地	7	4	31	31	66
674	1	100	陆地	7	5	33	33	66
675	1	100	陆地	7	6	35	35	74
676	1	100	陆地	7	7	37	37	66
677	1	100	陆地	7	8	37	37	74
678	1	100	陆地	7	9	39	39	66
679	1	100	陆地	7	10	37	37	74
680	1	100	陆地	7	11	39	39	66
681	1	103	陆地	7	0	36	36	74
682	1	103	陆地	7	1	38	38	66
683	1	103	陆地	7	2	32	32	74
684	1	103	陆地	7	3	34	34	74
685	1	103	陆地	7	4	34	34	66
686	1	103	陆地	7	5	36	36	66
687	1	103	陆地	7	6	38	38	74
688	1	103	陆地	7	7	40	40	67
689	1	103	陆地	7	8	40	40	74
690	1	103	陆地	7	9	42	42	67
691	1	103	陆地	7	10	40	40	74
692	1	103	陆地	7	11	42	42	67
693	1	103	碎岩	50	0	25	35	74
694	1	103	碎岩	50	1	30	45	75
695	1	103	碎岩	50	2	35	50	75
696	1	103	碎岩	50	3	30	40	74
697	1	103	碎岩	50	4	30	40	74
698	1	104	陆地	7	0	38	38	74
699	1	104	陆地	7	1	36	36	74
700	1	104	陆地	7	2	34	34	74
701	1	104	陆地	7	3	40	40	74
702	1	104	陆地	7	4	24	24	218
703	1	104	陆地	7	5	26	26	218
704	1	104	陆地	7	6	42	42	74
705	1	104	陆地	7	7	28	28	218
706	1	104	陆地	7	8	42	42	74
707	1	104	陆地	7	9	30	30	218
708	1	104	陆地	7	10	42	42	74
709	1	104	陆地	7	11	30	30	218
710	1	104	碎岩	50	0	25	35	74
711	1	104	碎岩	50	1	30	45	75
712	1	104	碎岩	50	2	35	50	75
713	1	104	碎岩	50	3	30	40	74
714	1	104	碎岩	50	4	30	40	74
715	1	105	陆地	7	0	40	40	74
716	1	105	陆地	7	1	26	26	218
717	1	105	陆地	7	2	42	42	74
718	1	105	陆地	7	3	24	24	218
719	1	105	陆地	7	4	28	28	218
720	1	105	陆地	7	5	30	30	218
721	1	105	陆地	7	6	44	44	74
722	1	105	陆地	7	7	32	32	218
723	1	105	陆地	7	8	44	44	74
724	1	105	陆地	7	9	22	22	218
725	1	105	陆地	7	10	44	44	74
726	1	105	陆地	7	11	22	22	218
727	1	105	碎岩	50	0	25	35	74
728	1	105	碎岩	50	1	30	45	75
729	1	105	碎岩	50	2	35	50	75
730	1	105	碎岩	50	3	30	40	74
731	1	105	碎岩	50	4	30	40	74
732	1	106	陆地	7	0	26	26	218
733	1	106	陆地	7	1	28	28	218
734	1	106	陆地	7	2	30	30	218
735	1	106	陆地	7	3	32	32	218
736	1	106	陆地	7	4	24	24	218
737	1	106	陆地	7	5	22	22	218
738	1	106	陆地	7	6	20	20	218
739	1	106	陆地	7	7	34	34	218
740	1	106	陆地	7	8	36	36	218
741	1	106	陆地	7	9	18	18	218
742	1	106	陆地	7	10	36	36	218
743	1	106	陆地	7	11	18	18	218
744	1	106	碎岩	50	0	15	25	218
745	1	106	碎岩	50	1	25	35	218
746	1	106	碎岩	50	2	40	45	219
747	1	106	碎岩	50	3	35	45	219
748	1	106	碎岩	50	4	25	35	219
749	1	107	陆地	7	0	40	40	74
750	1	107	陆地	7	1	26	26	218
751	1	107	陆地	7	2	42	42	74
752	1	107	陆地	7	3	24	24	218
753	1	107	陆地	7	4	28	28	218
754	1	107	陆地	7	5	30	30	218
755	1	107	陆地	7	6	44	44	74
756	1	107	陆地	7	7	32	32	218
757	1	107	陆地	7	8	44	44	74
758	1	107	陆地	7	9	22	22	218
759	1	107	陆地	7	10	44	44	74
760	1	107	陆地	7	11	22	22	218
761	1	107	碎岩	50	0	25	35	74
762	1	107	碎岩	50	1	30	45	75
763	1	107	碎岩	50	2	35	50	75
764	1	107	碎岩	50	3	30	40	74
765	1	107	碎岩	50	4	30	40	74
766	1	108	陆地	7	0	38	38	74
767	1	108	陆地	7	1	36	36	74
768	1	108	陆地	7	2	34	34	74
769	1	108	陆地	7	3	40	40	74
770	1	108	陆地	7	4	24	24	218
771	1	108	陆地	7	5	26	26	218
772	1	108	陆地	7	6	42	42	74
773	1	108	陆地	7	7	28	28	218
774	1	108	陆地	7	8	42	42	74
775	1	108	陆地	7	9	30	30	218
776	1	108	陆地	7	10	42	42	74
777	1	108	陆地	7	11	30	30	218
778	1	108	碎岩	50	0	25	35	74
779	1	108	碎岩	50	1	30	45	75
780	1	108	碎岩	50	2	35	50	75
781	1	108	碎岩	50	3	30	40	74
782	1	108	碎岩	50	4	30	40	74
783	1	109	陆地	21	0	37	37	17
784	1	109	陆地	21	1	35	35	44
785	1	109	陆地	21	2	32	32	16
786	1	109	陆地	21	3	30	30	43
787	1	109	陆地	21	4	34	34	48
788	1	109	陆地	21	5	34	34	96
789	1	109	陆地	21	6	35	35	102
790	1	109	陆地	21	7	31	31	54
791	1	109	陆地	21	8	37	37	49
792	1	109	陆地	21	9	37	37	97
793	1	109	陆地	21	10	40	40	49
794	1	109	陆地	21	11	40	40	97
795	1	109	水面	2	0	5	20	54
796	1	109	水面	2	1	20	35	54
797	1	109	水面	2	2	35	40	54
798	1	109	水面	2	3	35	40	55
799	1	109	水面	2	4	35	40	55
800	1	109	钓鱼	20	0	5	5	129
801	1	109	钓鱼	20	1	5	5	129
802	1	109	钓鱼	20	2	5	15	118
803	1	109	钓鱼	20	3	5	15	129
804	1	109	钓鱼	20	4	5	15	60
805	1	109	钓鱼	20	5	15	25	118
806	1	109	钓鱼	20	6	20	30	119
807	1	109	钓鱼	20	7	15	25	130
808	1	109	钓鱼	20	8	15	25	54
809	1	109	钓鱼	20	9	25	35	54
810	1	110	陆地	7	0	43	43	86
811	1	110	陆地	7	1	45	45	42
812	1	110	陆地	7	2	45	45	86
813	1	110	陆地	7	3	47	47	86
814	1	110	陆地	7	4	40	40	41
815	1	110	陆地	7	5	49	49	87
816	1	110	陆地	7	6	51	51	87
817	1	110	陆地	7	7	41	41	54
818	1	110	陆地	7	8	48	48	42
819	1	110	陆地	7	9	53	53	87
820	1	110	陆地	7	10	48	48	42
821	1	110	陆地	7	11	53	53	87
822	1	110	水面	2	0	5	35	86
823	1	110	水面	2	1	5	35	54
824	1	110	水面	2	2	35	40	87
825	1	110	水面	2	3	5	15	194
826	1	110	水面	2	4	5	15	194
827	1	110	钓鱼	20	0	5	5	129
828	1	110	钓鱼	20	1	5	5	129
829	1	110	钓鱼	20	2	5	15	60
830	1	110	钓鱼	20	3	5	15	129
831	1	110	钓鱼	20	4	5	15	118
832	1	110	钓鱼	20	5	15	25	60
833	1	110	钓鱼	20	6	20	30	61
834	1	110	钓鱼	20	7	15	25	130
835	1	110	钓鱼	20	8	15	25	54
836	1	110	钓鱼	20	9	25	35	54
837	1	111	陆地	7	0	25	25	220
838	1	111	陆地	7	1	45	45	42
839	1	111	陆地	7	2	45	45	86
840	1	111	陆地	7	3	27	27	220
841	1	111	陆地	7	4	40	40	41
842	1	111	陆地	7	5	29	29	220
843	1	111	陆地	7	6	30	30	225
844	1	111	陆地	7	7	31	31	220
845	1	111	陆地	7	8	48	48	42
846	1	111	陆地	7	9	23	23	220
847	1	111	陆地	7	10	48	48	42
848	1	111	陆地	7	11	23	23	220
849	1	112	陆地	7	0	25	25	220
850	1	112	陆地	7	1	45	45	42
851	1	112	陆地	7	2	45	45	86
852	1	112	陆地	7	3	27	27	220
853	1	112	陆地	7	4	40	40	41
854	1	112	陆地	7	5	29	29	220
855	1	112	陆地	7	6	30	30	225
856	1	112	陆地	7	7	31	31	220
857	1	112	陆地	7	8	48	48	42
858	1	112	陆地	7	9	23	23	220
859	1	112	陆地	7	10	48	48	42
860	1	112	陆地	7	11	23	23	220
861	1	113	陆地	7	0	43	43	86
862	1	113	陆地	7	1	45	45	42
863	1	113	陆地	7	2	45	45	86
864	1	113	陆地	7	3	47	47	86
865	1	113	陆地	7	4	40	40	41
866	1	113	陆地	7	5	49	49	87
867	1	113	陆地	7	6	51	51	87
868	1	113	陆地	7	7	41	41	54
869	1	113	陆地	7	8	48	48	42
870	1	113	陆地	7	9	53	53	87
871	1	113	陆地	7	10	48	48	42
872	1	113	陆地	7	11	53	53	87
873	1	113	水面	2	0	5	20	72
874	1	113	水面	2	1	20	35	72
875	1	113	水面	2	2	35	45	72
876	1	113	水面	2	3	35	45	73
877	1	113	水面	2	4	30	45	131
878	1	113	钓鱼	20	0	5	5	129
879	1	113	钓鱼	20	1	5	5	129
880	1	113	钓鱼	20	2	5	15	116
881	1	113	钓鱼	20	3	5	15	129
882	1	113	钓鱼	20	4	5	15	116
883	1	113	钓鱼	20	5	15	25	116
884	1	113	钓鱼	20	6	15	25	90
885	1	113	钓鱼	20	7	15	25	130
886	1	113	钓鱼	20	8	25	35	117
887	1	113	钓鱼	20	9	25	35	54
888	1	121	陆地	21	0	9	9	167
889	1	121	陆地	21	1	9	9	14
890	1	121	陆地	21	2	14	14	167
891	1	121	陆地	21	3	6	6	10
892	1	121	陆地	21	4	6	6	13
893	1	121	陆地	21	5	15	15	214
894	1	121	陆地	21	6	9	9	11
895	1	121	陆地	21	7	20	20	214
896	1	121	陆地	21	8	9	9	165
897	1	121	陆地	21	9	25	25	214
898	1	121	陆地	21	10	14	14	165
899	1	121	陆地	21	11	30	30	214
900	2	13	陆地	1	0	40	40	92
901	2	13	陆地	1	1	37	37	41
902	2	13	陆地	1	2	44	44	93
903	2	13	陆地	1	3	46	46	93
904	2	13	陆地	1	4	41	41	42
905	2	13	陆地	1	5	43	43	42
906	2	13	陆地	1	6	38	38	92
907	2	13	陆地	1	7	48	48	93
908	2	13	陆地	1	8	50	50	93
909	2	13	陆地	1	9	22	22	198
910	2	13	陆地	1	10	52	52	93
911	2	13	陆地	1	11	22	22	198
912	2	14	陆地	2	0	40	40	92
913	2	14	陆地	2	1	37	37	41
914	2	14	陆地	2	2	44	44	93
915	2	14	陆地	2	3	46	46	93
916	2	14	陆地	2	4	41	41	42
917	2	14	陆地	2	5	43	43	42
918	2	14	陆地	2	6	38	38	92
919	2	14	陆地	2	7	48	48	93
920	2	14	陆地	2	8	50	50	93
921	2	14	陆地	2	9	22	22	198
922	2	14	陆地	2	10	52	52	93
923	2	14	陆地	2	11	22	22	198
924	2	15	陆地	3	0	40	40	92
925	2	15	陆地	3	1	37	37	41
926	2	15	陆地	3	2	44	44	93
927	2	15	陆地	3	3	46	46	93
928	2	15	陆地	3	4	41	41	42
929	2	15	陆地	3	5	43	43	42
930	2	15	陆地	3	6	38	38	92
931	2	15	陆地	3	7	48	48	93
932	2	15	陆地	3	8	50	50	93
933	2	15	陆地	3	9	22	22	198
934	2	15	陆地	3	10	52	52	93
935	2	15	陆地	3	11	22	22	198
936	2	16	陆地	4	0	40	40	92
937	2	16	陆地	4	1	37	37	41
938	2	16	陆地	4	2	44	44	93
939	2	16	陆地	4	3	46	46	93
940	2	16	陆地	4	4	41	41	42
941	2	16	陆地	4	5	43	43	42
942	2	16	陆地	4	6	38	38	92
943	2	16	陆地	4	7	48	48	93
944	2	16	陆地	4	8	50	50	93
945	2	16	陆地	4	9	22	22	198
946	2	16	陆地	4	10	52	52	93
947	2	16	陆地	4	11	22	22	198
948	2	17	陆地	5	0	40	40	92
949	2	17	陆地	5	1	37	37	41
950	2	17	陆地	5	2	44	44	93
951	2	17	陆地	5	3	46	46	93
952	2	17	陆地	5	4	41	41	42
953	2	17	陆地	5	5	43	43	42
954	2	17	陆地	5	6	38	38	92
955	2	17	陆地	5	7	48	48	93
956	2	17	陆地	5	8	50	50	93
957	2	17	陆地	5	9	22	22	198
958	2	17	陆地	5	10	52	52	93
959	2	17	陆地	5	11	22	22	198
960	2	18	陆地	6	0	40	40	92
961	2	18	陆地	6	1	37	37	41
962	2	18	陆地	6	2	44	44	93
963	2	18	陆地	6	3	46	46	93
964	2	18	陆地	6	4	41	41	42
965	2	18	陆地	6	5	43	43	42
966	2	18	陆地	6	6	38	38	92
967	2	18	陆地	6	7	48	48	93
968	2	18	陆地	6	8	50	50	93
969	2	18	陆地	6	9	22	22	198
970	2	18	陆地	6	10	52	52	93
971	2	18	陆地	6	11	22	22	198
972	2	19	陆地	7	0	40	40	92
973	2	19	陆地	7	1	37	37	41
974	2	19	陆地	7	2	44	44	93
975	2	19	陆地	7	3	46	46	93
976	2	19	陆地	7	4	41	41	42
977	2	19	陆地	7	5	43	43	42
978	2	19	陆地	7	6	38	38	92
979	2	19	陆地	7	7	48	48	93
980	2	19	陆地	7	8	50	50	93
981	2	19	陆地	7	9	22	22	198
982	2	19	陆地	7	10	52	52	93
983	2	19	陆地	7	11	22	22	198
984	2	20	陆地	8	0	40	40	92
985	2	20	陆地	8	1	37	37	41
986	2	20	陆地	8	2	44	44	93
987	2	20	陆地	8	3	46	46	93
988	2	20	陆地	8	4	41	41	42
989	2	20	陆地	8	5	43	43	42
990	2	20	陆地	8	6	38	38	92
991	2	20	陆地	8	7	48	48	93
992	2	20	陆地	8	8	50	50	93
993	2	20	陆地	8	9	22	22	198
994	2	20	陆地	8	10	52	52	93
995	2	20	陆地	8	11	22	22	198
996	2	21	陆地	9	0	40	40	92
997	2	21	陆地	9	1	37	37	41
998	2	21	陆地	9	2	44	44	93
999	2	21	陆地	9	3	46	46	93
1000	2	21	陆地	9	4	41	41	42
1001	2	21	陆地	9	5	43	43	42
1002	2	21	陆地	9	6	38	38	92
1003	2	21	陆地	9	7	48	48	93
1004	2	21	陆地	9	8	50	50	93
1005	2	21	陆地	9	9	22	22	198
1006	2	21	陆地	9	10	52	52	93
1007	2	21	陆地	9	11	22	22	198
1008	2	22	陆地	10	0	40	40	92
1009	2	22	陆地	10	1	37	37	41
1010	2	22	陆地	10	2	44	44	93
1011	2	22	陆地	10	3	46	46	93
1012	2	22	陆地	10	4	41	41	42
1013	2	22	陆地	10	5	43	43	42
1014	2	22	陆地	10	6	38	38	92
1015	2	22	陆地	10	7	48	48	93
1016	2	22	陆地	10	8	50	50	93
1017	2	22	陆地	10	9	22	22	198
1018	2	22	陆地	10	10	52	52	93
1019	2	22	陆地	10	11	22	22	198
1020	2	23	陆地	5	0	40	40	92
1021	2	23	陆地	5	1	37	37	41
1022	2	23	陆地	5	2	44	44	93
1023	2	23	陆地	5	3	46	46	93
1024	2	23	陆地	5	4	41	41	42
1025	2	23	陆地	5	5	15	15	198
1026	2	23	陆地	5	6	20	20	198
1027	2	23	陆地	5	7	48	48	93
1028	2	23	陆地	5	8	50	50	93
1029	2	23	陆地	5	9	22	22	198
1030	2	23	陆地	5	10	52	52	93
1031	2	23	陆地	5	11	22	22	198
1032	2	24	陆地	5	0	40	40	92
1033	2	24	陆地	5	1	37	37	41
1034	2	24	陆地	5	2	44	44	93
1035	2	24	陆地	5	3	46	46	93
1036	2	24	陆地	5	4	41	41	42
1037	2	24	陆地	5	5	15	15	198
1038	2	24	陆地	5	6	20	20	198
1039	2	24	陆地	5	7	48	48	93
1040	2	24	陆地	5	8	50	50	93
1041	2	24	陆地	5	9	22	22	198
1042	2	24	陆地	5	10	52	52	93
1043	2	24	陆地	5	11	22	22	198
1044	2	25	陆地	5	0	40	40	92
1045	2	25	陆地	5	1	37	37	41
1046	2	25	陆地	5	2	44	44	93
1047	2	25	陆地	5	3	46	46	93
1048	2	25	陆地	5	4	41	41	42
1049	2	25	陆地	5	5	15	15	198
1050	2	25	陆地	5	6	20	20	198
1051	2	25	陆地	5	7	48	48	93
1052	2	25	陆地	5	8	50	50	93
1053	2	25	陆地	5	9	22	22	198
1054	2	25	陆地	5	10	52	52	93
1055	2	25	陆地	5	11	22	22	198
1056	2	26	陆地	5	0	40	40	92
1057	2	26	陆地	5	1	37	37	41
1058	2	26	陆地	5	2	44	44	93
1059	2	26	陆地	5	3	46	46	93
1060	2	26	陆地	5	4	41	41	42
1061	2	26	陆地	5	5	15	15	198
1062	2	26	陆地	5	6	20	20	198
1063	2	26	陆地	5	7	48	48	93
1064	2	26	陆地	5	8	50	50	93
1065	2	26	陆地	5	9	22	22	198
1066	2	26	陆地	5	10	52	52	93
1067	2	26	陆地	5	11	22	22	198
1068	3	45	陆地	21	0	70	72	685
1069	3	45	陆地	21	1	71	72	776
1070	3	45	陆地	21	2	71	72	776
1071	3	45	陆地	21	3	70	73	1143
1072	3	45	陆地	21	4	70	73	1143
1073	3	45	陆地	21	5	70	71	957
1074	3	45	陆地	21	6	72	72	486
1075	3	45	陆地	21	7	72	72	486
1076	3	45	陆地	21	8	71	72	1176
1077	3	45	陆地	21	9	71	72	1176
1078	3	45	陆地	21	10	71	72	957
1079	3	45	陆地	21	11	72	72	957
1080	3	45	水面	2	0	5	20	72
1081	3	45	水面	2	1	20	35	72
1082	3	45	水面	2	2	35	40	72
1083	3	45	水面	2	3	35	40	73
1084	3	45	水面	2	4	35	40	73
1085	3	45	碎岩	25	0	5	20	74
1086	3	45	碎岩	25	1	10	20	74
1087	3	45	碎岩	25	2	15	30	74
1088	3	45	碎岩	25	3	25	40	75
1089	3	45	碎岩	25	4	30	40	75
1090	3	45	钓鱼	20	0	5	5	129
1091	3	45	钓鱼	20	1	5	5	129
1092	3	45	钓鱼	20	2	5	15	116
1093	3	45	钓鱼	20	3	5	15	129
1094	3	45	钓鱼	20	4	5	15	1144
1095	3	45	钓鱼	20	5	15	25	116
1096	3	45	钓鱼	20	6	15	25	1144
1097	3	45	钓鱼	20	7	15	25	1144
1098	3	45	钓鱼	20	8	25	35	117
1099	3	45	钓鱼	20	9	25	35	54
1100	3	46	陆地	21	0	32	32	369
1101	3	46	陆地	21	1	33	33	684
1102	3	46	陆地	21	2	31	31	369
1103	3	46	陆地	21	3	35	35	684
1104	3	46	陆地	21	4	36	36	1168
1105	3	46	陆地	21	5	31	31	1168
1106	3	46	陆地	21	6	38	38	23
1107	3	46	陆地	21	7	31	31	54
1108	3	46	陆地	21	8	40	40	22
1109	3	46	陆地	21	9	37	37	53
1110	3	46	陆地	21	10	40	40	22
1111	3	46	陆地	21	11	40	40	53
1112	3	46	水面	2	0	5	20	72
1113	3	46	水面	2	1	20	35	72
1114	3	46	水面	2	2	35	40	72
1115	3	46	水面	2	3	35	40	73
1116	3	46	水面	2	4	35	40	73
1117	3	46	钓鱼	20	0	5	5	129
1118	3	46	钓鱼	20	1	5	5	129
1119	3	46	钓鱼	20	2	5	15	116
1120	3	46	钓鱼	20	3	5	15	129
1121	3	46	钓鱼	20	4	5	15	116
1122	3	46	钓鱼	20	5	15	25	116
1123	3	46	钓鱼	20	6	15	25	116
1124	3	46	钓鱼	20	7	15	25	130
1125	3	46	钓鱼	20	8	25	35	117
1126	3	46	钓鱼	20	9	25	35	54
1127	3	47	陆地	21	0	31	31	21
1128	3	47	陆地	21	1	30	30	43
1129	3	47	陆地	21	2	32	32	43
1130	3	47	陆地	21	3	36	36	44
1131	3	47	陆地	21	4	36	36	22
1132	3	47	陆地	21	5	31	31	52
1133	3	47	陆地	21	6	38	38	44
1134	3	47	陆地	21	7	31	31	54
1135	3	47	陆地	21	8	37	37	55
1136	3	47	陆地	21	9	37	37	53
1137	3	47	陆地	21	10	40	40	55
1138	3	47	陆地	21	11	40	40	53
1139	3	47	水面	2	0	5	20	54
1140	3	47	水面	2	1	20	35	54
1141	3	47	水面	2	2	35	40	54
1142	3	47	水面	2	3	35	40	55
1143	3	47	水面	2	4	35	40	55
1144	3	47	钓鱼	20	0	5	5	129
1145	3	47	钓鱼	20	1	5	5	129
1146	3	47	钓鱼	20	2	5	15	60
1147	3	47	钓鱼	20	3	5	15	129
1148	3	47	钓鱼	20	4	5	15	118
1149	3	47	钓鱼	20	5	15	25	60
1150	3	47	钓鱼	20	6	20	30	61
1151	3	47	钓鱼	20	7	15	25	130
1152	3	47	钓鱼	20	8	15	25	54
1153	3	47	钓鱼	20	9	25	35	54
1154	3	48	陆地	21	0	32	32	16
1155	3	48	陆地	21	1	31	31	43
1156	3	48	陆地	21	2	29	29	16
1157	3	48	陆地	21	3	36	36	44
1158	3	48	陆地	21	4	34	34	17
1159	3	48	陆地	21	5	31	31	52
1160	3	48	陆地	21	6	34	34	48
1161	3	48	陆地	21	7	31	31	54
1162	3	48	陆地	21	8	37	37	17
1163	3	48	陆地	21	9	37	37	53
1164	3	48	陆地	21	10	40	40	17
1165	3	48	陆地	21	11	40	40	53
1166	3	48	水面	2	0	5	20	72
1167	3	48	水面	2	1	20	35	72
1168	3	48	水面	2	2	35	40	72
1169	3	48	水面	2	3	35	40	73
1170	3	48	水面	2	4	35	40	73
1171	3	48	钓鱼	20	0	5	5	129
1172	3	48	钓鱼	20	1	5	5	129
1173	3	48	钓鱼	20	2	5	15	116
1174	3	48	钓鱼	20	3	5	15	129
1175	3	48	钓鱼	20	4	5	15	116
1176	3	48	钓鱼	20	5	15	25	116
1177	3	48	钓鱼	20	6	15	25	116
1178	3	48	钓鱼	20	7	15	25	130
1179	3	48	钓鱼	20	8	25	35	117
1180	3	48	钓鱼	20	9	25	35	54
1181	3	49	陆地	1	0	15	15	206
1182	3	49	陆地	1	1	15	15	206
1183	3	49	陆地	1	2	10	10	206
1184	3	49	陆地	1	3	10	10	206
1185	3	49	陆地	1	4	20	20	206
1186	3	49	陆地	1	5	20	20	206
1187	3	49	陆地	1	6	25	25	206
1188	3	49	陆地	1	7	30	30	206
1189	3	49	陆地	1	8	25	25	206
1190	3	49	陆地	1	9	30	30	206
1191	3	49	陆地	1	10	5	5	206
1192	3	49	陆地	1	11	35	35	206
1193	3	54	水面	2	0	5	35	72
1194	3	54	水面	2	1	5	15	187
1195	3	54	水面	2	2	35	40	72
1196	3	54	水面	2	3	35	40	73
1197	3	54	水面	2	4	35	40	73
1198	3	54	钓鱼	20	0	5	5	129
1199	3	54	钓鱼	20	1	5	5	129
1200	3	54	钓鱼	20	2	5	15	116
1201	3	54	钓鱼	20	3	5	15	129
1202	3	54	钓鱼	20	4	5	15	116
1203	3	54	钓鱼	20	5	15	25	116
1204	3	54	钓鱼	20	6	15	25	211
1205	3	54	钓鱼	20	7	15	25	130
1206	3	54	钓鱼	20	8	25	35	117
1207	3	54	钓鱼	20	9	25	35	54
1208	3	55	水面	2	0	5	20	72
1209	3	55	水面	2	1	5	15	187
1210	3	55	水面	2	2	35	40	72
1211	3	55	水面	2	3	35	40	73
1212	3	55	水面	2	4	35	40	73
1213	3	55	钓鱼	20	0	5	5	129
1214	3	55	钓鱼	20	1	5	5	129
1215	3	55	钓鱼	20	2	5	15	116
1216	3	55	钓鱼	20	3	5	15	129
1217	3	55	钓鱼	20	4	5	15	116
1218	3	55	钓鱼	20	5	15	25	116
1219	3	55	钓鱼	20	6	15	25	211
1220	3	55	钓鱼	20	7	15	25	130
1221	3	55	钓鱼	20	8	25	35	117
1222	3	55	钓鱼	20	9	25	35	54
1223	3	56	陆地	21	0	44	44	16
1224	3	56	陆地	21	1	10	10	161
1225	3	56	陆地	21	2	48	48	17
1226	3	56	陆地	21	3	10	10	187
1227	3	56	陆地	21	4	15	15	161
1228	3	56	陆地	21	5	41	41	52
1229	3	56	陆地	21	6	15	15	187
1230	3	56	陆地	21	7	41	41	54
1231	3	56	陆地	21	8	50	50	17
1232	3	56	陆地	21	9	47	47	53
1233	3	56	陆地	21	10	50	50	17
1234	3	56	陆地	21	11	50	50	53
1235	3	56	水面	2	0	5	35	72
1236	3	56	水面	2	1	5	15	187
1237	3	56	水面	2	2	35	40	72
1238	3	56	水面	2	3	35	40	73
1239	3	56	水面	2	4	35	40	73
1240	3	56	钓鱼	20	0	5	5	129
1241	3	56	钓鱼	20	1	5	5	129
1242	3	56	钓鱼	20	2	5	15	116
1243	3	56	钓鱼	20	3	5	15	129
1244	3	56	钓鱼	20	4	5	15	116
1245	3	56	钓鱼	20	5	15	25	116
1246	3	56	钓鱼	20	6	15	25	211
1247	3	56	钓鱼	20	7	15	25	130
1248	3	56	钓鱼	20	8	25	35	117
1249	3	56	钓鱼	20	9	25	35	54
1250	3	57	陆地	21	0	10	10	187
1251	3	57	陆地	21	1	12	12	187
1252	3	57	陆地	21	2	8	8	187
1253	3	57	陆地	21	3	14	14	187
1254	3	57	陆地	21	4	10	10	187
1255	3	57	陆地	21	5	12	12	187
1256	3	57	陆地	21	6	16	16	187
1257	3	57	陆地	21	7	6	6	187
1258	3	57	陆地	21	8	8	8	187
1259	3	57	陆地	21	9	14	14	187
1260	3	57	陆地	21	10	8	8	187
1261	3	57	陆地	21	11	14	14	187
1262	3	57	水面	2	0	5	35	72
1263	3	57	水面	2	1	5	15	187
1264	3	57	水面	2	2	35	40	72
1265	3	57	水面	2	3	35	40	73
1266	3	57	水面	2	4	35	40	73
1267	3	57	钓鱼	20	0	5	5	129
1268	3	57	钓鱼	20	1	5	5	129
1269	3	57	钓鱼	20	2	5	15	116
1270	3	57	钓鱼	20	3	5	15	129
1271	3	57	钓鱼	20	4	5	15	116
1272	3	57	钓鱼	20	5	15	25	116
1273	3	57	钓鱼	20	6	15	25	211
1274	3	57	钓鱼	20	7	15	25	130
1275	3	57	钓鱼	20	8	25	35	117
1276	3	57	钓鱼	20	9	25	35	54
1277	3	58	水面	2	0	5	20	72
1278	3	58	水面	2	1	20	35	72
1279	3	58	水面	2	2	35	40	72
1280	3	58	水面	2	3	35	40	73
1281	3	58	水面	2	4	35	40	73
1282	3	58	钓鱼	20	0	5	5	129
1283	3	58	钓鱼	20	1	5	5	129
1284	3	58	钓鱼	20	2	5	15	116
1285	3	58	钓鱼	20	3	5	15	129
1286	3	58	钓鱼	20	4	5	15	116
1287	3	58	钓鱼	20	5	15	25	116
1288	3	58	钓鱼	20	6	15	25	211
1289	3	58	钓鱼	20	7	15	25	130
1290	3	58	钓鱼	20	8	25	35	117
1291	3	58	钓鱼	20	9	25	35	54
1292	3	59	水面	2	0	5	20	72
1293	3	59	水面	2	1	20	35	72
1294	3	59	水面	2	2	35	40	72
1295	3	59	水面	2	3	35	40	73
1296	3	59	水面	2	4	35	40	73
1297	3	59	钓鱼	20	0	5	5	129
1298	3	59	钓鱼	20	1	5	5	129
1299	3	59	钓鱼	20	2	5	15	116
1300	3	59	钓鱼	20	3	5	15	129
1301	3	59	钓鱼	20	4	5	15	116
1302	3	59	钓鱼	20	5	15	25	116
1303	3	59	钓鱼	20	6	15	25	211
1304	3	59	钓鱼	20	7	15	25	130
1305	3	59	钓鱼	20	8	25	35	117
1306	3	59	钓鱼	20	9	25	35	54
1307	3	60	陆地	21	0	44	44	21
1308	3	60	陆地	21	1	10	10	161
1309	3	60	陆地	21	2	44	44	43
1310	3	60	陆地	21	3	48	48	22
1311	3	60	陆地	21	4	15	15	161
1312	3	60	陆地	21	5	41	41	52
1313	3	60	陆地	21	6	48	48	44
1314	3	60	陆地	21	7	41	41	54
1315	3	60	陆地	21	8	50	50	22
1316	3	60	陆地	21	9	47	47	53
1317	3	60	陆地	21	10	50	50	22
1318	3	60	陆地	21	11	50	50	53
1319	3	60	水面	2	0	5	20	72
1320	3	60	水面	2	1	20	35	72
1321	3	60	水面	2	2	35	40	72
1322	3	60	水面	2	3	35	40	73
1323	3	60	水面	2	4	35	40	73
1324	3	60	钓鱼	20	0	5	5	129
1325	3	60	钓鱼	20	1	5	5	129
1326	3	60	钓鱼	20	2	5	15	116
1327	3	60	钓鱼	20	3	5	15	129
1328	3	60	钓鱼	20	4	5	15	116
1329	3	60	钓鱼	20	5	15	25	116
1330	3	60	钓鱼	20	6	15	25	211
1331	3	60	钓鱼	20	7	15	25	130
1332	3	60	钓鱼	20	8	25	35	117
1333	3	60	钓鱼	20	9	25	35	54
1334	3	61	陆地	21	0	15	15	177
1335	3	61	陆地	21	1	44	44	21
1336	3	61	陆地	21	2	18	18	193
1337	3	61	陆地	21	3	15	15	194
1338	3	61	陆地	21	4	49	49	22
1339	3	61	陆地	21	5	43	43	52
1340	3	61	陆地	21	6	25	25	202
1341	3	61	陆地	21	7	41	41	54
1342	3	61	陆地	21	8	20	20	177
1343	3	61	陆地	21	9	49	49	53
1344	3	61	陆地	21	10	20	20	177
1345	3	61	陆地	21	11	52	52	53
1346	3	61	水面	2	0	5	20	194
1347	3	61	水面	2	1	10	20	194
1348	3	61	水面	2	2	15	25	194
1349	3	61	水面	2	3	20	25	194
1350	3	61	水面	2	4	20	25	194
1351	3	61	钓鱼	20	0	5	5	129
1352	3	61	钓鱼	20	1	5	5	129
1353	3	61	钓鱼	20	2	5	15	60
1354	3	61	钓鱼	20	3	5	15	129
1355	3	61	钓鱼	20	4	5	15	118
1356	3	61	钓鱼	20	5	15	25	60
1357	3	61	钓鱼	20	6	20	30	61
1358	3	61	钓鱼	20	7	15	25	130
1359	3	61	钓鱼	20	8	15	25	54
1360	3	61	钓鱼	20	9	25	35	54
1361	3	62	水面	2	0	5	20	72
1362	3	62	水面	2	1	20	35	72
1363	3	62	水面	2	2	35	40	72
1364	3	62	水面	2	3	35	40	73
1365	3	62	水面	2	4	35	40	73
1366	3	62	钓鱼	20	0	5	5	129
1367	3	62	钓鱼	20	1	5	5	129
1368	3	62	钓鱼	20	2	5	15	116
1369	3	62	钓鱼	20	3	5	15	129
1370	3	62	钓鱼	20	4	5	15	116
1371	3	62	钓鱼	20	5	15	25	116
1372	3	62	钓鱼	20	6	15	25	211
1373	3	62	钓鱼	20	7	15	25	130
1374	3	62	钓鱼	20	8	25	35	117
1375	3	62	钓鱼	20	9	25	35	54
1376	3	63	陆地	21	0	44	44	21
1377	3	63	陆地	21	1	10	10	161
1378	3	63	陆地	21	2	10	10	231
1379	3	63	陆地	21	3	48	48	22
1380	3	63	陆地	21	4	15	15	161
1381	3	63	陆地	21	5	41	41	52
1382	3	63	陆地	21	6	50	50	22
1383	3	63	陆地	21	7	41	41	54
1384	3	63	陆地	21	8	15	15	231
1385	3	63	陆地	21	9	47	47	53
1386	3	63	陆地	21	10	15	15	231
1387	3	63	陆地	21	11	50	50	53
1388	3	64	陆地	21	0	46	46	74
1389	3	64	陆地	21	1	15	15	231
1390	3	64	陆地	21	2	46	46	104
1391	3	64	陆地	21	3	50	50	22
1392	3	64	陆地	21	4	52	52	105
1393	3	64	陆地	21	5	43	43	52
1394	3	64	陆地	21	6	54	54	95
1395	3	64	陆地	21	7	30	30	227
1396	3	64	陆地	21	8	15	15	246
1397	3	64	陆地	21	9	49	49	53
1398	3	64	陆地	21	10	20	20	246
1399	3	64	陆地	21	11	52	52	53
1400	3	64	碎岩	25	0	25	35	74
1401	3	64	碎岩	25	1	30	45	75
1402	3	64	碎岩	25	2	35	50	75
1403	3	64	碎岩	25	3	30	40	74
1404	3	64	碎岩	25	4	30	40	74
1405	3	65	水面	2	0	5	20	72
1406	3	65	水面	2	1	20	35	72
1407	3	65	水面	2	2	35	40	72
1408	3	65	水面	2	3	35	40	73
1409	3	65	水面	2	4	35	40	73
1410	3	65	钓鱼	20	0	5	5	129
1411	3	65	钓鱼	20	1	5	5	129
1412	3	65	钓鱼	20	2	5	15	116
1413	3	65	钓鱼	20	3	5	15	129
1414	3	65	钓鱼	20	4	5	15	116
1415	3	65	钓鱼	20	5	15	25	116
1416	3	65	钓鱼	20	6	15	25	211
1417	3	65	钓鱼	20	7	15	25	130
1418	3	65	钓鱼	20	8	25	35	117
1419	3	65	钓鱼	20	9	25	35	54
1420	3	19	陆地	21	0	2	2	19
1421	3	19	陆地	21	1	2	2	16
1422	3	19	陆地	21	2	3	3	452
1423	3	19	陆地	21	3	3	3	449
1424	3	19	陆地	21	4	2	2	161
1425	3	19	陆地	21	5	2	2	459
1426	3	19	陆地	21	6	3	3	559
1427	3	19	陆地	21	7	3	3	559
1428	3	19	陆地	21	8	4	4	288
1429	3	19	陆地	21	9	4	4	288
1430	3	19	陆地	21	10	5	5	568
1431	3	19	陆地	21	11	4	4	568
1432	3	20	陆地	21	0	4	4	557
1433	3	20	陆地	21	1	4	4	309
1434	3	20	陆地	21	2	4	5	456
1435	3	20	陆地	21	3	4	5	179
1436	3	20	陆地	21	4	4	5	187
1437	3	20	陆地	21	5	4	4	775
1438	3	20	陆地	21	6	5	5	231
1439	3	20	陆地	21	7	5	5	27
1440	3	20	陆地	21	8	4	5	707
1441	3	20	陆地	21	9	4	5	1111
1442	3	20	陆地	21	10	5	5	564
1443	3	20	陆地	21	11	5	5	564
1444	3	21	陆地	21	0	10	11	484
1445	3	21	陆地	21	1	9	12	23
1446	3	21	陆地	21	2	9	10	21
1447	3	21	陆地	21	3	9	11	29
1448	3	21	陆地	21	4	8	12	777
1449	3	21	陆地	21	5	8	11	32
1450	3	21	陆地	21	6	10	12	52
1451	3	21	陆地	21	7	10	12	780
1452	3	21	陆地	21	8	10	10	780
1453	3	21	陆地	21	9	11	13	487
1454	3	21	陆地	21	10	10	13	39
1455	3	21	陆地	21	11	10	12	39
1456	3	22	陆地	21	0	15	15	572
1457	3	22	陆地	21	1	14	15	69
1458	3	22	陆地	21	2	14	15	456
1459	3	22	陆地	21	3	14	15	470
1460	3	22	陆地	21	4	14	16	484
1461	3	22	陆地	21	5	14	15	480
1462	3	22	陆地	21	6	14	16	818
1463	3	22	陆地	21	7	14	14	777
1464	3	22	陆地	21	8	15	15	855
1465	3	22	陆地	21	9	14	17	855
1466	3	22	陆地	21	10	15	15	193
1467	3	22	陆地	21	11	15	15	193
1468	3	22	水面	2	0	35	40	55
1469	3	22	水面	2	1	35	40	55
1470	3	22	水面	2	2	40	40	55
1471	3	22	水面	2	3	35	40	55
1472	3	22	水面	2	4	35	40	55
1473	3	22	钓鱼	20	0	5	5	129
1474	3	22	钓鱼	20	1	5	5	129
1475	3	22	钓鱼	20	2	5	15	116
1476	3	22	钓鱼	20	3	5	15	129
1477	3	22	钓鱼	20	4	5	15	98
1478	3	22	钓鱼	20	5	15	25	116
1479	3	22	钓鱼	20	6	15	25	116
1480	3	22	钓鱼	20	7	15	25	130
1481	3	22	钓鱼	20	8	25	35	116
1482	3	22	钓鱼	20	9	25	35	54
1483	3	23	陆地	21	0	18	19	52
1484	3	23	陆地	21	1	18	20	1148
1485	3	23	陆地	21	2	19	20	630
1486	3	23	陆地	21	3	19	20	58
1487	3	23	陆地	21	4	19	21	792
1488	3	23	陆地	21	5	19	21	972
1489	3	23	陆地	21	6	19	21	37
1490	3	23	陆地	21	7	18	20	630
1491	3	23	陆地	21	8	18	20	88
1492	3	23	陆地	21	9	18	20	88
1493	3	23	陆地	21	10	18	21	478
1494	3	23	陆地	21	11	18	18	478
1495	3	24	陆地	21	0	19	21	191
1496	3	24	陆地	21	1	19	21	473
1497	3	24	陆地	21	2	19	21	367
1498	3	24	陆地	21	3	19	21	784
1499	3	24	陆地	21	4	19	21	1142
1500	3	24	陆地	21	5	18	20	810
1501	3	24	陆地	21	6	18	20	108
1502	3	24	陆地	21	7	18	21	108
1503	3	24	陆地	21	8	18	21	356
1504	3	24	陆地	21	9	18	21	356
1505	3	24	陆地	21	10	18	18	175
1506	3	24	陆地	21	11	18	18	175
1507	3	24	水面	2	0	20	25	54
1508	3	24	水面	2	1	20	25	54
1509	3	24	水面	2	2	25	30	54
1510	3	24	水面	2	3	30	35	54
1511	3	24	水面	2	4	35	40	54
1512	3	24	钓鱼	20	0	5	5	129
1513	3	24	钓鱼	20	1	5	5	90
1514	3	24	钓鱼	20	2	5	15	90
1515	3	24	钓鱼	20	3	5	15	129
1516	3	24	钓鱼	20	4	5	15	211
1517	3	24	钓鱼	20	5	25	30	79
1518	3	24	钓鱼	20	6	20	30	61
1519	3	24	钓鱼	20	7	15	25	130
1520	3	24	钓鱼	20	8	15	25	54
1521	3	24	钓鱼	20	9	25	35	54
1522	3	25	陆地	21	0	33	37	638
1523	3	25	陆地	21	1	34	38	794
1524	3	25	陆地	21	2	38	39	680
1525	3	25	陆地	21	3	35	37	680
1526	3	25	陆地	21	4	33	37	959
1527	3	25	陆地	21	5	35	39	1132
1528	3	25	陆地	21	6	36	38	983
1529	3	25	陆地	21	7	36	38	983
1530	3	25	陆地	21	8	35	38	672
1531	3	25	陆地	21	9	34	39	672
1532	3	25	陆地	21	10	35	35	137
1533	3	25	陆地	21	11	35	35	137
1534	3	26	陆地	21	0	33	35	296
1535	3	26	陆地	21	1	33	35	625
1536	3	26	陆地	21	2	34	34	37
1537	3	26	陆地	21	3	34	34	393
1538	3	26	陆地	21	4	35	35	596
1539	3	26	陆地	21	5	33	35	596
1540	3	26	陆地	21	6	34	34	981
1541	3	26	陆地	21	7	34	34	981
1542	3	26	陆地	21	8	35	35	234
1543	3	26	陆地	21	9	35	35	234
1544	3	26	陆地	21	10	36	36	241
1545	3	26	陆地	21	11	36	36	241
1546	3	27	陆地	21	0	24	27	669
1547	3	27	陆地	21	1	25	27	102
1548	3	27	陆地	21	2	25	28	607
1549	3	27	陆地	21	3	25	28	968
1550	3	27	陆地	21	4	24	27	1168
1551	3	27	陆地	21	5	25	28	1114
1552	3	27	陆地	21	6	24	27	492
1553	3	27	陆地	21	7	27	27	492
1554	3	27	陆地	21	8	25	26	369
1555	3	27	陆地	21	9	24	26	369
1556	3	27	陆地	21	10	24	26	504
1557	3	27	陆地	21	11	24	26	504
1558	3	28	陆地	21	0	25	28	100
1559	3	28	陆地	21	1	25	28	802
1560	3	28	陆地	21	2	26	29	802
1561	3	28	陆地	21	3	25	30	1163
1562	3	28	陆地	21	4	25	30	353
1563	3	28	陆地	21	5	25	30	315
1564	3	28	陆地	21	6	25	30	640
1565	3	28	陆地	21	7	26	30	640
1566	3	28	陆地	21	8	25	28	81
1567	3	28	陆地	21	9	25	28	81
1568	3	28	陆地	21	10	25	29	506
1569	3	28	陆地	21	11	25	29	506
1570	3	28	水面	2	0	5	10	72
1571	3	28	水面	2	1	10	20	72
1572	3	28	水面	2	2	20	30	72
1573	3	28	水面	2	3	30	35	309
1574	3	28	水面	2	4	35	40	309
1575	3	28	钓鱼	20	0	5	5	129
1576	3	28	钓鱼	20	1	5	5	223
1577	3	28	钓鱼	20	2	5	15	323
1578	3	28	钓鱼	20	3	5	15	129
1579	3	28	钓鱼	20	4	5	15	1221
1580	3	28	钓鱼	20	5	15	25	324
1581	3	28	钓鱼	20	6	35	40	324
1582	3	28	钓鱼	20	7	35	40	603
1583	3	28	钓鱼	20	8	25	35	117
1584	3	28	钓鱼	20	9	25	35	117
1585	3	29	陆地	21	0	22	24	976
1586	3	29	陆地	21	1	22	24	633
1587	3	29	陆地	21	2	20	23	96
1588	3	29	陆地	21	3	23	24	318
1589	3	29	陆地	21	4	23	25	609
1590	3	29	陆地	21	5	23	25	767
1591	3	29	陆地	21	6	23	25	612
1592	3	29	陆地	21	7	24	26	612
1593	3	29	陆地	21	8	23	25	986
1594	3	29	陆地	21	9	23	25	986
1595	3	29	陆地	21	10	23	25	614
1596	3	29	陆地	21	11	23	25	614
1597	3	29	水面	2	0	5	10	72
1598	3	29	水面	2	1	10	20	72
1599	3	29	水面	2	2	20	30	72
1600	3	29	水面	2	3	30	35	72
1601	3	29	水面	2	4	35	40	72
1602	3	29	钓鱼	20	0	5	5	129
1603	3	29	钓鱼	20	1	5	5	129
1604	3	29	钓鱼	20	2	5	15	116
1605	3	29	钓鱼	20	3	5	15	129
1606	3	29	钓鱼	20	4	5	15	98
1607	3	29	钓鱼	20	5	15	25	116
1608	3	29	钓鱼	20	6	15	25	116
1609	3	29	钓鱼	20	7	15	25	130
1610	3	29	钓鱼	20	8	25	35	116
1611	3	29	钓鱼	20	9	25	35	54
1612	3	30	陆地	21	0	47	49	570
1613	3	30	陆地	21	1	46	48	18
1614	3	30	陆地	21	2	47	49	792
1615	3	30	陆地	21	3	47	48	340
1616	3	30	陆地	21	4	47	48	567
1617	3	30	陆地	21	5	48	48	1045
1618	3	30	陆地	21	6	47	47	78
1619	3	30	陆地	21	7	46	47	78
1620	3	30	陆地	21	8	47	48	478
1621	3	30	陆地	21	9	47	48	478
1622	3	30	陆地	21	10	40	40	1
1623	3	30	陆地	21	11	40	40	1
1624	3	30	水面	2	0	5	10	72
1625	3	30	水面	2	1	10	20	72
1626	3	30	水面	2	2	20	30	72
1627	3	30	水面	2	3	30	35	509
1628	3	30	水面	2	4	35	40	509
1629	3	30	钓鱼	60	0	5	5	129
1630	3	30	钓鱼	60	1	5	5	98
1631	3	30	钓鱼	60	2	5	15	223
1632	3	30	钓鱼	60	3	15	30	984
1633	3	30	钓鱼	60	4	5	15	98
1634	3	30	钓鱼	60	5	35	40	117
1635	3	30	钓鱼	60	6	35	40	117
1636	3	30	钓鱼	60	7	15	25	130
1637	3	30	钓鱼	60	8	25	35	996
1638	3	30	钓鱼	60	9	25	35	55
1639	3	31	陆地	21	0	50	53	518
1640	3	31	陆地	21	1	50	52	637
1641	3	31	陆地	21	2	49	51	363
1642	3	31	陆地	21	3	49	50	971
1643	3	31	陆地	21	4	50	50	565
1644	3	31	陆地	21	5	47	49	1044
1645	3	31	陆地	21	6	50	51	241
1646	3	31	陆地	21	7	48	48	241
1647	3	31	陆地	21	8	47	47	380
1648	3	31	陆地	21	9	49	49	380
1649	3	31	陆地	21	10	45	45	4
1650	3	31	陆地	21	11	45	45	4
1651	3	31	水面	2	0	5	10	72
1652	3	31	水面	2	1	10	20	72
1653	3	31	水面	2	2	20	30	471
1654	3	31	水面	2	3	30	35	471
1655	3	31	水面	2	4	35	40	471
1656	3	31	钓鱼	20	0	5	5	129
1657	3	31	钓鱼	20	1	5	5	60
1658	3	31	钓鱼	20	2	5	15	964
1659	3	31	钓鱼	20	3	5	15	968
1660	3	31	钓鱼	20	4	5	15	330
1661	3	31	钓鱼	20	5	15	25	373
1662	3	31	钓鱼	20	6	15	25	327
1663	3	31	钓鱼	20	7	15	25	511
1664	3	31	钓鱼	20	8	25	35	511
1665	3	31	钓鱼	20	9	25	35	511
1666	3	32	陆地	21	0	50	50	310
1667	3	32	陆地	21	1	51	53	594
1668	3	32	陆地	21	2	50	50	321
1669	3	32	陆地	21	3	49	49	321
1670	3	32	陆地	21	4	50	53	597
1671	3	32	陆地	21	5	49	49	597
1672	3	32	陆地	21	6	48	50	597
1673	3	32	陆地	21	7	49	51	597
1674	3	32	陆地	21	8	48	48	685
1675	3	32	陆地	21	9	48	48	685
1676	3	32	陆地	21	10	45	45	985
1677	3	32	陆地	21	11	45	45	985
1678	3	33	陆地	21	0	50	52	644
1679	3	33	陆地	21	1	49	53	477
1680	3	33	陆地	21	2	50	53	980
1681	3	33	陆地	21	3	50	52	649
1682	3	33	陆地	21	4	50	53	569
1683	3	33	陆地	21	5	50	54	958
1684	3	33	陆地	21	6	50	52	614
1685	3	33	陆地	21	7	50	53	614
1686	3	33	陆地	21	8	50	52	651
1687	3	33	陆地	21	9	50	52	651
1688	3	33	陆地	21	10	48	48	132
1689	3	33	陆地	21	11	48	48	132
1690	3	34	陆地	21	0	34	38	966
1691	3	34	陆地	21	1	34	38	631
1692	3	34	陆地	21	2	35	38	85
1693	3	34	陆地	21	3	34	36	1162
1694	3	34	陆地	21	4	35	35	367
1695	3	34	陆地	21	5	34	37	994
1696	3	34	陆地	21	6	35	35	584
1697	3	34	陆地	21	7	34	36	994
1698	3	34	陆地	21	8	34	37	658
1699	3	34	陆地	21	9	35	36	658
1700	3	34	陆地	21	10	38	38	809
1701	3	34	陆地	21	11	38	38	809
1702	3	35	陆地	21	0	47	49	110
1703	3	35	陆地	21	1	46	49	576
1704	3	35	陆地	21	2	47	49	89
1705	3	35	陆地	21	3	47	50	97
1706	3	35	陆地	21	4	46	48	352
1707	3	35	陆地	21	5	47	49	321
1708	3	35	陆地	21	6	43	43	584
1709	3	35	陆地	21	7	43	43	584
1710	3	35	陆地	21	8	47	49	997
1711	3	35	陆地	21	9	46	46	997
1712	3	35	陆地	21	10	45	45	227
1713	3	35	陆地	21	11	45	45	227
1714	3	36	陆地	21	0	50	53	178
1715	3	36	陆地	21	1	50	53	365
1716	3	36	陆地	21	2	50	52	595
1717	3	36	陆地	21	3	49	51	513
1718	3	36	陆地	21	4	50	50	359
1719	3	36	陆地	21	5	52	52	958
1720	3	36	陆地	21	6	49	51	507
1721	3	36	陆地	21	7	50	50	507
1722	3	36	陆地	21	8	48	48	678
1723	3	36	陆地	21	9	49	49	678
1724	3	36	陆地	21	10	45	45	133
1725	3	36	陆地	21	11	45	45	133
1726	3	37	水面	2	0	55	65	510
1727	3	37	水面	2	1	55	65	646
1728	3	37	水面	2	2	55	65	603
1729	3	37	水面	2	3	55	60	801
1730	3	37	水面	2	4	55	60	801
1731	3	37	钓鱼	20	0	5	5	129
1732	3	37	钓鱼	20	1	5	5	116
1733	3	37	钓鱼	20	2	5	15	223
1734	3	37	钓鱼	20	3	5	15	79
1735	3	37	钓鱼	20	4	5	15	79
1736	3	37	钓鱼	20	5	35	40	324
1737	3	37	钓鱼	20	6	15	25	373
1738	3	37	钓鱼	20	7	35	40	327
1739	3	37	钓鱼	20	8	25	35	226
1740	3	37	钓鱼	20	9	25	35	226
1741	3	38	水面	2	0	55	58	73
1742	3	38	水面	2	1	50	55	331
1743	3	38	水面	2	2	50	55	314
1744	3	38	水面	2	3	50	60	171
1745	3	38	水面	2	4	50	60	171
1746	3	38	钓鱼	20	0	5	5	129
1747	3	38	钓鱼	20	1	5	5	170
1748	3	38	钓鱼	20	2	5	15	313
1749	3	38	钓鱼	20	3	5	15	211
1750	3	38	钓鱼	20	4	5	15	222
1751	3	38	钓鱼	20	5	15	25	117
1752	3	38	钓鱼	20	6	15	25	603
1753	3	38	钓鱼	20	7	40	45	801
1754	3	38	钓鱼	20	8	25	35	996
1755	3	38	钓鱼	20	9	25	35	996
1756	3	39	陆地	14	0	50	52	99
1757	3	39	陆地	14	1	50	53	99
1758	3	39	陆地	14	2	50	52	70
1759	3	39	陆地	14	3	50	52	70
1760	3	39	陆地	14	4	49	51	33
1761	3	39	陆地	14	5	49	51	33
1762	3	39	陆地	14	6	48	48	455
1763	3	39	陆地	14	7	48	48	455
1764	3	39	陆地	14	8	48	49	168
1765	3	39	陆地	14	9	49	49	168
1766	3	39	陆地	14	10	45	45	71
1767	3	39	陆地	14	11	45	45	71
1768	3	39	水面	2	0	55	65	73
1769	3	39	水面	2	1	55	60	1139
1770	3	39	水面	2	2	55	64	510
1771	3	39	水面	2	3	55	63	310
1772	3	39	水面	2	4	55	63	1137
1773	3	39	钓鱼	20	0	5	5	129
1774	3	39	钓鱼	20	1	5	5	90
1775	3	39	钓鱼	20	2	5	15	98
1776	3	39	钓鱼	20	3	5	15	211
1777	3	39	钓鱼	20	4	5	15	1221
1778	3	39	钓鱼	20	5	15	25	224
1779	3	39	钓鱼	20	6	15	25	510
1780	3	39	钓鱼	20	7	40	45	99
1781	3	39	钓鱼	20	8	25	35	381
1782	3	39	钓鱼	20	9	25	35	381
1783	3	40	水面	2	0	50	55	73
1784	3	40	水面	2	1	50	55	226
1785	3	40	水面	2	2	50	55	226
1786	3	40	水面	2	3	50	55	646
1787	3	40	水面	2	4	50	55	646
1788	3	40	钓鱼	20	0	5	5	129
1789	3	40	钓鱼	20	1	5	5	90
1790	3	40	钓鱼	20	2	5	15	98
1791	3	40	钓鱼	20	3	5	15	211
1792	3	40	钓鱼	20	4	5	15	222
1793	3	40	钓鱼	20	5	30	35	224
1794	3	40	钓鱼	20	6	30	35	510
1795	3	40	钓鱼	20	7	40	45	331
1796	3	40	钓鱼	20	8	25	35	381
1797	3	40	钓鱼	20	9	25	35	381
1798	3	41	陆地	21	0	3	3	1123
1799	3	41	陆地	21	1	3	3	56
1800	3	41	陆地	21	2	4	4	21
1801	3	41	陆地	21	3	4	4	220
1802	3	41	陆地	21	4	2	2	459
1803	3	41	陆地	21	5	3	4	209
1804	3	41	陆地	21	6	3	3	738
1805	3	41	陆地	21	7	5	5	948
1806	3	41	陆地	21	8	5	5	948
1807	3	41	陆地	21	9	5	5	961
1808	3	41	陆地	21	10	5	5	566
1809	3	41	陆地	21	11	5	5	566
1810	3	41	水面	2	0	20	25	54
1811	3	41	水面	2	1	20	25	54
1812	3	41	水面	2	2	25	30	54
1813	3	41	水面	2	3	30	35	54
1814	3	41	水面	2	4	35	40	54
1815	3	41	钓鱼	20	0	5	5	118
1816	3	41	钓鱼	20	1	5	5	54
1817	3	41	钓鱼	20	2	5	15	326
1818	3	41	钓鱼	20	3	5	15	511
1819	3	41	钓鱼	20	4	5	15	964
1820	3	41	钓鱼	20	5	15	25	325
1821	3	41	钓鱼	20	6	20	30	325
1822	3	41	钓鱼	20	7	15	25	603
1823	3	41	钓鱼	20	8	15	25	314
1824	3	41	钓鱼	20	9	25	35	314
1825	3	42	陆地	21	0	32	32	57
1826	3	42	陆地	21	1	40	40	22
1827	3	42	陆地	21	2	34	34	565
1828	3	42	陆地	21	3	34	34	567
1829	3	42	陆地	21	4	32	32	569
1830	3	42	陆地	21	5	34	34	379
1831	3	42	陆地	21	6	42	42	57
1832	3	42	陆地	21	7	44	44	379
1833	3	42	陆地	21	8	32	32	42
1834	3	42	陆地	21	9	42	42	42
1835	3	42	陆地	21	10	37	37	451
1836	3	42	陆地	21	11	44	44	451
1837	3	42	水面	2	0	20	25	54
1838	3	42	水面	2	1	20	25	54
1839	3	42	水面	2	2	25	30	54
1840	3	42	水面	2	3	30	35	54
1841	3	42	水面	2	4	35	40	54
1842	3	42	钓鱼	20	0	5	5	129
1843	3	42	钓鱼	20	1	5	5	129
1844	3	42	钓鱼	20	2	5	15	60
1845	3	42	钓鱼	20	3	5	15	129
1846	3	42	钓鱼	20	4	5	15	118
1847	3	42	钓鱼	20	5	15	25	60
1848	3	42	钓鱼	20	6	20	30	61
1849	3	42	钓鱼	20	7	15	25	130
1850	3	42	钓鱼	20	8	15	25	54
1851	3	42	钓鱼	20	9	25	35	54
1852	3	43	陆地	21	0	15	16	209
1853	3	43	陆地	21	1	15	16	601
1854	3	43	陆地	21	2	14	16	370
1855	3	43	陆地	21	3	16	16	641
1856	3	43	陆地	21	4	14	14	63
1857	3	43	陆地	21	5	14	16	386
1858	3	43	陆地	21	6	15	16	239
1859	3	43	陆地	21	7	15	15	83
1860	3	43	陆地	21	8	15	16	392
1861	3	43	陆地	21	9	15	16	392
1862	3	43	陆地	21	10	15	16	77
1863	3	43	陆地	21	11	15	15	77
1864	3	43	水面	8	0	40	40	55
1865	3	43	水面	8	1	35	40	55
1866	3	43	水面	8	2	35	40	55
1867	3	43	水面	8	3	35	40	55
1868	3	43	水面	8	4	35	40	55
1869	3	43	钓鱼	20	0	5	5	129
1870	3	43	钓鱼	20	1	5	5	116
1871	3	43	钓鱼	20	2	5	15	963
1872	3	43	钓鱼	20	3	5	15	313
1873	3	43	钓鱼	20	4	5	15	313
1874	3	43	钓鱼	20	5	15	25	325
1875	3	43	钓鱼	20	6	15	25	325
1876	3	43	钓鱼	20	7	15	25	331
1877	3	43	钓鱼	20	8	25	35	224
1878	3	43	钓鱼	20	9	25	35	224
1879	3	44	陆地	21	0	17	18	358
1880	3	44	陆地	21	1	16	18	304
1881	3	44	陆地	21	2	16	18	204
1882	3	44	陆地	21	3	16	18	60
1883	3	44	陆地	21	4	16	19	183
1884	3	44	陆地	21	5	15	19	84
1885	3	44	陆地	21	6	16	17	584
1886	3	44	陆地	21	7	16	17	1127
1887	3	44	陆地	21	8	15	17	190
1888	3	44	陆地	21	9	15	17	190
1889	3	44	陆地	21	10	18	18	380
1890	3	44	陆地	21	11	18	18	380
1891	3	44	水面	2	0	20	25	54
1892	3	44	水面	2	1	20	25	54
1893	3	44	水面	2	2	25	30	54
1894	3	44	水面	2	3	30	35	54
1895	3	44	水面	2	4	35	40	54
1896	3	44	钓鱼	45	0	5	5	129
1897	3	44	钓鱼	45	1	5	5	170
1898	3	44	钓鱼	45	2	5	15	968
1899	3	44	钓鱼	45	3	5	15	129
1900	3	44	钓鱼	45	4	5	15	118
1901	3	44	钓鱼	45	5	15	25	60
1902	3	44	钓鱼	45	6	20	30	61
1903	3	44	钓鱼	45	7	15	25	130
1904	3	44	钓鱼	45	8	15	25	54
1905	3	44	钓鱼	45	9	25	35	54
1906	3	0	水面	1	0	5	10	72
1907	3	0	水面	1	1	10	20	72
1908	3	0	水面	1	2	20	30	73
1909	3	0	水面	1	3	30	35	73
1910	3	0	水面	1	4	35	40	73
1911	3	0	钓鱼	10	0	5	5	72
1912	3	0	钓鱼	10	1	5	5	509
1913	3	0	钓鱼	10	2	5	15	323
1914	3	0	钓鱼	10	3	5	15	330
1915	3	0	钓鱼	10	4	5	15	211
1916	3	0	钓鱼	10	5	15	25	325
1917	3	0	钓鱼	10	6	15	25	325
1918	3	0	钓鱼	10	7	15	25	373
1919	3	0	钓鱼	10	8	45	45	324
1920	3	0	钓鱼	10	9	45	50	324
1921	3	1	陆地	5	0	1	1	0
1922	3	1	陆地	5	1	1	1	0
1923	3	1	陆地	5	2	1	1	0
1924	3	1	陆地	5	3	1	1	0
1925	3	1	陆地	5	4	1	1	0
1926	3	1	陆地	5	5	1	1	0
1927	3	1	陆地	5	6	1	1	0
1928	3	1	陆地	5	7	1	1	0
1929	3	1	陆地	5	8	1	1	0
1930	3	1	陆地	5	9	1	1	0
1931	3	1	陆地	5	10	1	1	0
1932	3	1	陆地	5	11	1	1	0
1933	3	1	水面	12	0	40	40	171
1934	3	1	水面	12	1	30	35	171
1935	3	1	水面	12	2	30	40	171
1936	3	1	水面	12	3	40	50	171
1937	3	1	水面	12	4	35	40	171
1938	3	1	钓鱼	10	0	5	5	170
1939	3	1	钓鱼	10	1	5	5	79
1940	3	1	钓鱼	10	2	5	15	800
1941	3	1	钓鱼	10	3	5	15	223
1942	3	1	钓鱼	10	4	5	15	1221
1943	3	1	钓鱼	10	5	15	25	325
1944	3	1	钓鱼	10	6	20	30	325
1945	3	1	钓鱼	10	7	35	40	996
1946	3	1	钓鱼	10	8	45	50	801
1947	3	1	钓鱼	10	9	45	50	801
1948	3	3	陆地	5	0	1	1	0
1949	3	3	陆地	5	1	1	1	0
1950	3	3	陆地	5	2	1	1	0
1951	3	3	陆地	5	3	1	1	0
1952	3	3	陆地	5	4	1	1	0
1953	3	3	陆地	5	5	1	1	0
1954	3	3	陆地	5	6	1	1	0
1955	3	3	陆地	5	7	1	1	0
1956	3	3	陆地	5	8	1	1	0
1957	3	3	陆地	5	9	1	1	0
1958	3	3	陆地	5	10	1	1	0
1959	3	3	陆地	5	11	1	1	0
1960	3	3	水面	8	0	35	40	55
1961	3	3	水面	8	1	35	40	55
1962	3	3	水面	8	2	35	40	55
1963	3	3	水面	8	3	35	40	55
1964	3	3	水面	8	4	35	40	55
1965	3	3	钓鱼	10	0	5	5	223
1966	3	3	钓鱼	10	1	5	5	60
1967	3	3	钓鱼	10	2	5	15	963
1968	3	3	钓鱼	10	3	5	15	313
1969	3	3	钓鱼	10	4	5	15	313
1970	3	3	钓鱼	10	5	15	25	325
1971	3	3	钓鱼	10	6	15	25	325
1972	3	3	钓鱼	10	7	35	40	331
1973	3	3	钓鱼	10	8	35	40	224
1974	3	3	钓鱼	10	9	35	40	224
1975	3	5	水面	2	0	30	40	72
1976	3	5	水面	2	1	35	40	310
1977	3	5	水面	2	2	35	40	73
1978	3	5	水面	2	3	35	40	7
1979	3	5	水面	2	4	25	25	7
1980	3	5	钓鱼	10	0	15	15	129
1981	3	5	钓鱼	10	1	15	15	118
1982	3	5	钓鱼	10	2	25	30	116
1983	3	5	钓鱼	10	3	25	30	90
1984	3	5	钓鱼	10	4	24	30	98
1985	3	5	钓鱼	10	5	15	25	325
1986	3	5	钓鱼	10	6	15	25	325
1987	3	5	钓鱼	10	7	15	25	647
1988	3	5	钓鱼	10	8	25	35	117
1989	3	5	钓鱼	10	9	25	35	130
1990	3	6	水面	12	0	25	25	61
1991	3	6	水面	12	1	25	30	61
1992	3	6	水面	12	2	25	30	61
1993	3	6	水面	12	3	30	40	61
1994	3	6	水面	12	4	40	40	61
1995	3	6	钓鱼	10	0	5	5	129
1996	3	6	钓鱼	10	1	5	5	1138
1997	3	6	钓鱼	10	2	5	15	60
1998	3	6	钓鱼	10	3	5	15	1211
1999	3	6	钓鱼	10	4	5	15	1211
2000	3	6	钓鱼	10	5	15	25	54
2001	3	6	钓鱼	10	6	15	25	964
2002	3	6	钓鱼	10	7	15	25	964
2003	3	6	钓鱼	10	8	25	35	89
2004	3	6	钓鱼	10	9	30	40	1035
2005	3	7	水面	1	0	20	25	54
2006	3	7	水面	1	1	20	25	54
2007	3	7	水面	1	2	25	30	54
2008	3	7	水面	1	3	30	35	54
2009	3	7	水面	1	4	35	40	54
2010	3	7	钓鱼	10	0	5	5	129
2011	3	7	钓鱼	10	1	5	5	129
2012	3	7	钓鱼	10	2	5	15	118
2013	3	7	钓鱼	10	3	5	15	129
2014	3	7	钓鱼	10	4	5	15	60
2015	3	7	钓鱼	10	5	15	25	118
2016	3	7	钓鱼	10	6	20	30	119
2017	3	7	钓鱼	10	7	15	25	130
2018	3	7	钓鱼	10	8	15	25	54
2019	3	7	钓鱼	10	9	25	35	54
2020	3	8	水面	1	0	62	65	73
2021	3	8	水面	1	1	62	65	226
2022	3	8	水面	1	2	62	65	226
2023	3	8	水面	1	3	62	65	1137
2024	3	8	水面	1	4	62	65	1137
2025	3	8	钓鱼	10	0	5	5	129
2026	3	8	钓鱼	10	1	5	5	90
2027	3	8	钓鱼	10	2	5	15	98
2028	3	8	钓鱼	10	3	5	15	211
2029	3	8	钓鱼	10	4	5	15	222
2030	3	8	钓鱼	10	5	35	40	224
2031	3	8	钓鱼	10	6	35	40	510
2032	3	8	钓鱼	10	7	20	25	331
2033	3	8	钓鱼	10	8	25	35	381
2034	3	8	钓鱼	10	9	25	35	381
2035	3	12	水面	1	0	5	20	72
2036	3	12	水面	1	1	20	35	72
2037	3	12	水面	1	2	35	40	72
2038	3	12	水面	1	3	35	40	73
2039	3	12	水面	1	4	35	40	73
2040	3	12	钓鱼	10	0	5	5	129
2041	3	12	钓鱼	10	1	5	5	129
2042	3	12	钓鱼	10	2	5	15	116
2043	3	12	钓鱼	10	3	5	15	129
2044	3	12	钓鱼	10	4	5	15	116
2045	3	12	钓鱼	10	5	15	25	116
2046	3	12	钓鱼	10	6	15	25	90
2047	3	12	钓鱼	10	7	15	25	130
2048	3	12	钓鱼	10	8	25	35	117
2049	3	12	钓鱼	10	9	25	35	54
2050	3	15	水面	2	0	5	15	194
2051	3	15	水面	2	1	5	35	54
2052	3	15	水面	2	2	15	25	194
2053	3	15	水面	2	3	15	25	194
2054	3	15	水面	2	4	15	25	194
2055	3	15	钓鱼	20	0	5	5	129
2056	3	15	钓鱼	20	1	5	5	129
2057	3	15	钓鱼	20	2	5	15	60
2058	3	15	钓鱼	20	3	5	15	129
2059	3	15	钓鱼	20	4	5	15	118
2060	3	15	钓鱼	20	5	15	25	60
2061	3	15	钓鱼	20	6	20	30	61
2062	3	15	钓鱼	20	7	15	25	130
2063	3	15	钓鱼	20	8	15	25	54
2064	3	15	钓鱼	20	9	25	35	54
2065	3	16	水面	1	0	5	35	72
2066	3	16	水面	1	1	5	15	187
2067	3	16	水面	1	2	35	40	72
2068	3	16	水面	1	3	35	40	73
2069	3	16	水面	1	4	35	40	73
2070	3	16	钓鱼	10	0	5	5	129
2071	3	16	钓鱼	10	1	5	5	129
2072	3	16	钓鱼	10	2	5	15	116
2073	3	16	钓鱼	10	3	5	15	129
2074	3	16	钓鱼	10	4	5	15	116
2075	3	16	钓鱼	10	5	15	25	116
2076	3	16	钓鱼	10	6	15	25	90
2077	3	16	钓鱼	10	7	15	25	130
2078	3	16	钓鱼	10	8	25	35	117
2079	3	16	钓鱼	10	9	25	35	54
2080	1	122	陆地	5	0	10	10	41
2081	1	122	陆地	5	1	12	12	41
2082	1	122	陆地	5	2	8	8	41
2083	1	122	陆地	5	3	14	14	41
2084	1	122	陆地	5	4	10	10	41
2085	1	122	陆地	5	5	12	12	41
2086	1	122	陆地	5	6	16	16	41
2087	1	122	陆地	5	7	6	6	41
2088	1	122	陆地	5	8	8	8	41
2089	1	122	陆地	5	9	14	14	41
2090	1	122	陆地	5	10	8	8	41
2091	1	122	陆地	5	11	14	14	41
2092	1	122	陆地	5	0	7	7	179
2093	1	122	陆地	5	1	9	9	179
2094	1	122	陆地	5	2	5	5	179
2095	1	122	陆地	5	3	11	11	179
2096	1	122	陆地	5	4	7	7	179
2097	1	122	陆地	5	5	9	9	179
2098	1	122	陆地	5	6	13	13	179
2099	1	122	陆地	5	7	3	3	179
2100	1	122	陆地	5	8	5	5	179
2101	1	122	陆地	5	9	11	11	179
2102	1	122	陆地	5	10	5	5	179
2103	1	122	陆地	5	11	11	11	179
2104	1	122	陆地	5	0	23	23	204
2105	1	122	陆地	5	1	25	25	204
2106	1	122	陆地	5	2	22	22	204
2107	1	122	陆地	5	3	27	27	204
2108	1	122	陆地	5	4	23	23	204
2109	1	122	陆地	5	5	25	25	204
2110	1	122	陆地	5	6	29	29	204
2111	1	122	陆地	5	7	19	19	204
2112	1	122	陆地	5	8	21	21	204
2113	1	122	陆地	5	9	27	27	204
2114	1	122	陆地	5	10	21	21	204
2115	1	122	陆地	5	11	27	27	204
2116	1	122	陆地	5	0	16	16	228
2117	1	122	陆地	5	1	18	18	228
2118	1	122	陆地	5	2	14	14	228
2119	1	122	陆地	5	3	20	20	228
2120	1	122	陆地	5	4	16	16	228
2121	1	122	陆地	5	5	18	18	228
2122	1	122	陆地	5	6	22	22	228
2123	1	122	陆地	5	7	12	12	228
2124	1	122	陆地	5	8	14	14	228
2125	1	122	陆地	5	9	20	20	228
2126	1	122	陆地	5	10	14	14	228
2127	1	122	陆地	5	11	20	20	228
2128	1	122	陆地	5	0	22	22	216
2129	1	122	陆地	5	1	24	24	216
2130	1	122	陆地	5	2	20	20	216
2131	1	122	陆地	5	3	26	26	216
2132	1	122	陆地	5	4	22	22	216
2133	1	122	陆地	5	5	24	24	216
2134	1	122	陆地	5	6	28	28	216
2135	1	122	陆地	5	7	18	18	216
2136	1	122	陆地	5	8	20	20	216
2137	1	122	陆地	5	9	26	26	216
2138	1	122	陆地	5	10	20	20	216
2139	1	122	陆地	5	11	26	26	216
2140	1	122	陆地	5	0	22	22	190
2141	1	122	陆地	5	1	24	24	190
2142	1	122	陆地	5	2	20	20	190
2143	1	122	陆地	5	3	26	26	190
2144	1	122	陆地	5	4	22	22	190
2145	1	122	陆地	5	5	24	24	190
2146	1	122	陆地	5	6	28	28	190
2147	1	122	陆地	5	7	18	18	190
2148	1	122	陆地	5	8	20	20	190
2149	1	122	陆地	5	9	26	26	190
2150	1	122	陆地	5	10	20	20	190
2151	1	122	陆地	5	11	26	26	190
2152	1	122	陆地	5	0	22	22	213
2153	1	122	陆地	5	1	24	24	213
2154	1	122	陆地	5	2	20	20	213
2155	1	122	陆地	5	3	26	26	213
2156	1	122	陆地	5	4	22	22	213
2157	1	122	陆地	5	5	24	24	213
2158	1	122	陆地	5	6	28	28	213
2159	1	122	陆地	5	7	18	18	213
2160	1	122	陆地	5	8	20	20	213
2161	1	122	陆地	5	9	26	26	213
2162	1	122	陆地	5	10	20	20	213
2163	1	122	陆地	5	11	26	26	213
2164	1	122	陆地	5	0	22	22	234
2165	1	122	陆地	5	1	24	24	234
2166	1	122	陆地	5	2	20	20	234
2167	1	122	陆地	5	3	26	26	234
2168	1	122	陆地	5	4	22	22	234
2169	1	122	陆地	5	5	24	24	234
2170	1	122	陆地	5	6	28	28	234
2171	1	122	陆地	5	7	18	18	234
2172	1	122	陆地	5	8	20	20	234
2173	1	122	陆地	5	9	26	26	234
2174	1	122	陆地	5	10	20	20	234
2175	1	122	陆地	5	11	26	26	234
2176	1	122	陆地	5	0	22	22	235
2177	1	122	陆地	5	1	24	24	235
2178	1	122	陆地	5	2	20	20	235
2179	1	122	陆地	5	3	26	26	235
2180	1	122	陆地	5	4	22	22	235
2181	1	122	陆地	5	5	24	24	235
2182	1	122	陆地	5	6	28	28	235
2183	1	122	陆地	5	7	18	18	235
2184	1	122	陆地	5	8	20	20	235
2185	1	122	陆地	5	9	26	26	235
2186	1	122	陆地	5	10	20	20	235
2187	1	122	陆地	5	11	26	26	235
2188	1	36	陆地	4	0	7	8	50
2189	1	36	陆地	4	1	7	8	74
2190	1	36	陆地	4	2	7	8	577
2191	1	36	陆地	4	3	7	9	822
2192	1	36	陆地	4	4	8	10	612
2193	1	36	陆地	4	5	8	9	332
2194	1	36	陆地	4	6	7	10	986
2195	1	36	陆地	4	7	8	10	986
2196	1	36	陆地	4	8	7	10	339
2197	1	36	陆地	4	9	8	8	339
2198	1	36	陆地	4	10	9	11	320
2199	1	36	陆地	4	11	9	11	320
2200	3	4	陆地	5	0	1	1	0
2201	3	4	陆地	5	1	1	1	0
2202	3	4	陆地	5	2	1	1	0
2203	3	4	陆地	5	3	1	1	0
2204	3	4	陆地	5	4	1	1	0
2205	3	4	陆地	5	5	1	1	0
2206	3	4	陆地	5	6	1	1	0
2207	3	4	陆地	5	7	1	1	0
2208	3	4	陆地	5	8	1	1	0
2209	3	4	陆地	5	9	1	1	0
2210	3	4	陆地	5	10	1	1	0
2211	3	4	陆地	5	11	1	1	0
2212	3	2	陆地	5	0	1	1	0
2213	3	2	陆地	5	1	1	1	0
2214	3	2	陆地	5	2	1	1	0
2215	3	2	陆地	5	3	1	1	0
2216	3	2	陆地	5	4	1	1	0
2217	3	2	陆地	5	5	1	1	0
2218	3	2	陆地	5	6	1	1	0
2219	3	2	陆地	5	7	1	1	0
2220	3	2	陆地	5	8	1	1	0
2221	3	2	陆地	5	9	1	1	0
2222	3	2	陆地	5	10	1	1	0
2223	3	2	陆地	5	11	1	1	0
2224	1	123	陆地	0	0	1	1	0
2225	1	123	陆地	0	1	1	1	0
2226	1	123	陆地	0	2	1	1	0
2227	1	123	陆地	0	3	1	1	0
2228	1	123	陆地	0	4	1	1	0
2229	1	123	陆地	0	5	1	1	0
2230	1	123	陆地	0	6	1	1	0
2231	1	123	陆地	0	7	1	1	0
2232	1	123	陆地	0	8	1	1	0
2233	1	123	陆地	0	9	1	1	0
2234	1	123	陆地	0	10	1	1	0
2235	1	123	陆地	0	11	1	1	0
2236	1	125	陆地	0	0	1	1	0
2237	1	125	陆地	0	1	1	1	0
2238	1	125	陆地	0	2	1	1	0
2239	1	125	陆地	0	3	1	1	0
2240	1	125	陆地	0	4	1	1	0
2241	1	125	陆地	0	5	1	1	0
2242	1	125	陆地	0	6	1	1	0
2243	1	125	陆地	0	7	1	1	0
2244	1	125	陆地	0	8	1	1	0
2245	1	125	陆地	0	9	1	1	0
2246	1	125	陆地	0	10	1	1	0
2247	1	125	陆地	0	11	1	1	0
2248	1	126	陆地	0	0	1	1	0
2249	1	126	陆地	0	1	1	1	0
2250	1	126	陆地	0	2	1	1	0
2251	1	126	陆地	0	3	1	1	0
2252	1	126	陆地	0	4	1	1	0
2253	1	126	陆地	0	5	1	1	0
2254	1	126	陆地	0	6	1	1	0
2255	1	126	陆地	0	7	1	1	0
2256	1	126	陆地	0	8	1	1	0
2257	1	126	陆地	0	9	1	1	0
2258	1	126	陆地	0	10	1	1	0
2259	1	126	陆地	0	11	1	1	0
2260	1	127	陆地	0	0	1	1	0
2261	1	127	陆地	0	1	1	1	0
2262	1	127	陆地	0	2	1	1	0
2263	1	127	陆地	0	3	1	1	0
2264	1	127	陆地	0	4	1	1	0
2265	1	127	陆地	0	5	1	1	0
2266	1	127	陆地	0	6	1	1	0
2267	1	127	陆地	0	7	1	1	0
2268	1	127	陆地	0	8	1	1	0
2269	1	127	陆地	0	9	1	1	0
2270	1	127	陆地	0	10	1	1	0
2271	1	127	陆地	0	11	1	1	0
2272	1	127	水面	0	0	1	1	0
2273	1	127	水面	0	1	1	1	0
2274	1	127	水面	0	2	1	1	0
2275	1	127	水面	0	3	1	1	0
2276	1	127	水面	0	4	1	1	0
2277	1	127	钓鱼	0	0	1	1	0
2278	1	127	钓鱼	0	1	1	1	0
2279	1	127	钓鱼	0	2	1	1	0
2280	1	127	钓鱼	0	3	1	1	0
2281	1	127	钓鱼	0	4	1	1	0
2282	1	127	钓鱼	0	5	1	1	0
2283	1	127	钓鱼	0	6	1	1	0
2284	1	127	钓鱼	0	7	1	1	0
2285	1	127	钓鱼	0	8	1	1	0
2286	1	127	钓鱼	0	9	1	1	0
2287	2	64	陆地	0	0	1	1	0
2288	2	64	陆地	0	1	1	1	0
2289	2	64	陆地	0	2	1	1	0
2290	2	64	陆地	0	3	1	1	0
2291	2	64	陆地	0	4	1	1	0
2292	2	64	陆地	0	5	1	1	0
2293	2	64	陆地	0	6	1	1	0
2294	2	64	陆地	0	7	1	1	0
2295	2	64	陆地	0	8	1	1	0
2296	2	64	陆地	0	9	1	1	0
2297	2	64	陆地	0	10	1	1	0
2298	2	64	陆地	0	11	1	1	0
2299	2	64	水面	0	0	1	1	0
2300	2	64	水面	0	1	1	1	0
2301	2	64	水面	0	2	1	1	0
2302	2	64	水面	0	3	1	1	0
2303	2	64	水面	0	4	1	1	0
2304	2	64	钓鱼	0	0	1	1	0
2305	2	64	钓鱼	0	1	1	1	0
2306	2	64	钓鱼	0	2	1	1	0
2307	2	64	钓鱼	0	3	1	1	0
2308	2	64	钓鱼	0	4	1	1	0
2309	2	64	钓鱼	0	5	1	1	0
2310	2	64	钓鱼	0	6	1	1	0
2311	2	64	钓鱼	0	7	1	1	0
2312	2	64	钓鱼	0	8	1	1	0
2313	2	64	钓鱼	0	9	1	1	0
2314	2	62	陆地	0	0	1	1	0
2315	2	62	陆地	0	1	1	1	0
2316	2	62	陆地	0	2	1	1	0
2317	2	62	陆地	0	3	1	1	0
2318	2	62	陆地	0	4	1	1	0
2319	2	62	陆地	0	5	1	1	0
2320	2	62	陆地	0	6	1	1	0
2321	2	62	陆地	0	7	1	1	0
2322	2	62	陆地	0	8	1	1	0
2323	2	62	陆地	0	9	1	1	0
2324	2	62	陆地	0	10	1	1	0
2325	2	62	陆地	0	11	1	1	0
2326	2	63	陆地	0	0	1	1	0
2327	2	63	陆地	0	1	1	1	0
2328	2	63	陆地	0	2	1	1	0
2329	2	63	陆地	0	3	1	1	0
2330	2	63	陆地	0	4	1	1	0
2331	2	63	陆地	0	5	1	1	0
2332	2	63	陆地	0	6	1	1	0
2333	2	63	陆地	0	7	1	1	0
2334	2	63	陆地	0	8	1	1	0
2335	2	63	陆地	0	9	1	1	0
2336	2	63	陆地	0	10	1	1	0
2337	2	63	陆地	0	11	1	1	0
