1	1	200	0	0	147010230	0	0	3	0	0	2	135489621	0
2	2	600	0	0	147010253	0	0	3	1	0	2	135489621	1
3	3	1200	0	0	147010297	0	0	3	2	0	2	135489621	2
4	4	50000	0	0	147010339	0	0	3	3	0	2	135489621	3
5	5	20	0	0	147010372	0	0	3	4	0	2	135489621	4
6	6	300	0	0	147010410	0	0	3	5	0	2	135489621	5
7	7	1000	0	0	147010450	0	0	3	6	0	2	135489621	6
8	8	1000	0	0	147010494	0	0	3	7	0	2	135489621	7
9	9	1000	0	0	147010527	0	0	3	8	0	2	135489621	8
10	10	1000	0	0	147010560	0	0	3	9	0	2	135489621	9
11	11	1000	0	0	147010608	0	0	3	10	0	2	135489621	10
12	12	1000	0	0	147010635	0	0	3	11	0	2	135489621	11
13	13	1000	0	0	147010684	0	0	3	12	0	2	135489621	12
14	14	1000	0	0	147010726	0	0	3	13	0	2	135489621	13
15	15	1000	0	0	147010770	0	0	3	14	0	2	135489621	14
16	16	1000	0	0	147010820	0	0	3	15	0	2	135489621	15
17	17	1000	0	0	147010858	0	0	3	16	0	2	135489621	16
18	18	1000	0	0	147010898	0	0	3	17	0	2	135489621	17
19	19	1000	0	0	147010944	0	0	3	18	0	2	135489621	18
20	20	1000	0	0	147010990	0	0	3	19	0	2	135489621	19
21	21	1000	0	0	147011023	0	0	3	20	0	2	135489621	20
22	22	1000	0	0	147011056	0	0	3	21	0	2	135489621	21
23	23	500	0	0	147011087	0	0	3	22	0	2	135489621	22
24	24	1000	0	0	147011125	0	0	3	23	0	2	135489621	23
25	25	1000	0	0	147011154	0	0	3	24	0	2	135489621	24
26	26	1000	0	0	147011183	0	0	3	25	0	2	135489621	25
27	27	1000	0	0	147011214	0	0	3	26	0	2	135489621	26
28	28	200	0	20	147011251	0	0	2	1	135487957	1	135490205	0
29	29	700	0	60	147011274	0	0	2	1	135487957	1	135490205	0
30	30	1200	0	200	147011297	0	0	2	1	135487957	1	135490205	0
31	31	2500	0	255	147011319	0	0	2	1	135487957	1	135490205	0
32	32	3000	0	255	147011342	0	0	2	1	135487957	1	135490205	0
33	33	2000	0	0	147011375	0	0	2	1	135487957	1	135490205	0
34	34	4000	0	0	147011404	0	0	2	1	135487957	1	135490205	0
35	35	200	0	50	147011431	0	0	2	1	135487957	1	135490205	0
36	36	300	0	60	147011470	0	0	2	1	135487957	1	135490205	0
37	37	400	0	80	147011502	0	0	2	1	135487957	1	135490205	0
38	38	600	0	100	147011534	0	0	2	1	135487957	1	135490205	0
39	39	500	0	0	147011570	0	0	2	1	135487957	1	135490205	0
40	40	1200	0	0	147011602	0	0	2	1	135487957	1	135490205	0
41	41	300	0	0	147011638	0	0	2	1	135487957	1	135490205	0
42	42	2800	0	0	147011668	0	0	2	1	135487957	1	135490205	0
43	43	200	0	0	147011701	0	0	2	1	135487957	1	135490205	0
44	44	300	0	0	147011715	0	0	2	1	135487957	1	135490205	0
45	45	300	0	0	147011729	0	0	2	1	135487957	1	135490205	0
46	46	100	0	0	147011743	0	0	2	1	135487957	1	135490205	0
47	47	100	0	0	147011757	0	0	2	1	135487957	1	135490205	0
48	48	400	0	0	147011771	0	0	2	1	135487957	1	135490205	0
49	49	1200	0	10	147011788	0	0	2	1	135488097	1	135490261	0
50	50	2000	0	255	147011816	0	0	2	1	135488097	1	135490261	0
51	51	3000	0	10	147011844	0	0	2	1	135488097	1	135490261	0
52	52	4500	0	255	147011873	0	0	2	1	135488097	1	135490261	0
53	53	200	1	20	147011906	0	0	2	1	135487957	1	135490205	0
54	54	14000	0	0	147011939	0	0	2	1	135488069	0	0	0
55	55	3000	0	20	147011977	0	0	1	1	135487957	1	135490205	0
56	56	0	0	0	147012001	0	0	1	4	135491005	0	0	0
57	0	0	0	0	147012028	0	0	1	4	135491005	0	0	0
58	0	0	0	0	147012034	0	0	1	4	135491005	0	0	0
59	59	350	0	0	147012066	0	0	2	1	135487957	1	135490205	0
60	60	350	0	0	147012098	0	0	1	2	135487957	1	135490205	0
61	0	0	0	0	147012130	0	0	1	4	135491005	0	0	0
62	0	0	0	0	147012136	0	0	1	4	135491005	0	0	0
63	0	0	0	0	147012142	0	0	1	4	135491005	0	0	0
64	64	350	0	0	147012148	0	0	1	1	135487957	1	135490205	0
65	65	3000	0	0	147012180	0	0	2	1	135487957	0	0	0
66	66	3000	0	0	147012201	0	0	2	1	135487957	0	0	0
67	67	3000	0	0	147012222	0	0	2	1	135487957	0	0	0
68	68	3000	0	0	147012243	0	0	2	1	135487957	0	0	0
69	69	3000	0	0	147012264	0	0	2	1	135487957	0	0	0
70	70	3000	0	0	147012285	0	0	2	1	135487957	0	0	0
71	71	10000	0	0	147012306	0	0	2	1	135488125	0	0	0
72	72	10000	0	0	147012329	0	0	2	1	135488125	0	0	0
73	73	1000	0	0	147012350	0	0	1	1	135487957	0	0	0
74	74	1000	0	0	147012387	0	0	1	1	135487957	0	0	0
75	75	1000	0	0	147012426	0	0	1	1	135487957	0	0	0
76	76	1000	0	0	147012465	0	0	1	1	135487957	0	0	0
77	77	1000	0	0	147012504	0	0	1	1	135487957	0	0	0
78	78	1000	0	0	147012543	0	0	1	1	135487957	0	0	0
79	79	10000	0	0	147012582	0	0	1	1	135487985	0	0	0
80	80	20000	0	0	147012632	0	0	2	1	135491037	0	0	1
81	81	20000	0	0	147012682	0	0	2	1	135491037	0	0	3
82	82	20000	0	0	147012732	0	0	2	1	135491037	0	0	4
83	83	20000	0	0	147012782	0	0	2	1	135491037	0	0	2
84	84	20000	0	0	147012832	0	0	2	1	135491037	0	0	5
85	85	20000	0	0	147012882	0	0	2	1	135491037	0	0	8
86	86	20000	0	0	147012932	0	0	2	1	135491037	0	0	9
87	87	20000	0	0	147012982	0	0	2	1	135491037	0	0	7
88	88	20000	0	0	147013032	0	0	2	1	135491037	0	0	15
89	89	20000	0	0	147013082	0	0	2	1	135491037	0	0	16
90	90	20000	0	0	147013132	0	0	2	1	135491037	0	0	19
91	91	20000	0	0	147013182	0	0	2	1	135491037	0	0	17
92	92	20000	0	0	147013232	0	0	2	1	135491037	0	0	20
93	93	20000	0	0	147013282	0	0	2	1	135491037	0	0	21
94	94	20000	0	0	147013332	0	0	2	1	135491037	0	0	23
95	95	20000	0	0	147013382	0	0	2	1	135491037	0	0	22
96	96	20000	0	0	147013432	0	0	2	1	135491037	0	0	10
97	97	20000	0	0	147013482	0	0	2	1	135491037	0	0	11
98	98	20000	0	0	147013532	0	0	2	1	135491037	0	0	13
99	99	20000	0	0	147013582	0	0	2	1	135491037	0	0	14
100	100	20000	0	0	147013632	0	0	2	1	135491037	0	0	12
101	101	15000	0	0	147013666	0	0	1	1	135488153	0	0	0
102	102	1500	0	0	147013686	0	0	2	1	135488181	0	0	0
103	103	3000	0	0	147013724	0	0	2	1	135488209	0	0	0
104	104	4500	0	0	147013763	0	0	2	1	135488237	0	0	0
105	105	6500	0	0	147013802	0	0	2	1	135488265	0	0	0
106	106	7500	0	0	147013841	0	0	2	1	135488293	0	0	0
107	107	8500	0	0	147013880	0	0	2	1	135488321	0	0	0
108	108	9500	0	0	147013919	0	0	2	1	135488349	0	0	0
109	109	10500	0	0	147013958	0	0	2	1	135488377	0	0	0
110	110	20	0	0	147013998	0	0	1	1	135487957	1	135490205	0
111	111	20	0	0	147014030	0	0	1	1	135491005	1	135490205	0
112	112	20	0	0	147014062	0	0	1	1	135491005	1	135490205	0
113	113	20	0	50	147014094	0	0	1	1	135489169	0	0	0
114	114	20	0	150	147014135	0	0	1	1	135489169	0	0	0
115	115	400	0	100	147014174	0	0	1	4	135488781	0	0	0
116	116	700	0	200	147014213	0	0	1	4	135488781	0	0	0
117	117	900	0	250	147014252	0	0	1	4	135488781	0	0	0
118	0	0	0	0	147014291	0	0	1	4	135491005	0	0	0
119	0	0	0	0	147014297	0	0	1	4	135491005	0	0	0
120	0	0	0	0	147014303	0	0	1	4	135491005	0	0	0
121	121	1000	0	0	147014309	0	0	1	2	135489425	0	0	0
122	122	1000	0	0	147014330	0	0	1	4	135491005	2	135489989	0
123	123	2000	0	0	147014358	0	0	1	4	135491005	2	135489989	0
124	124	1000	0	0	147014386	0	0	1	4	135491005	2	135489989	0
125	125	2000	0	0	147014412	0	0	1	4	135491005	2	135489989	0
126	126	1000	0	0	147014438	0	0	1	4	135491005	2	135489989	0
127	127	1000	0	0	147014464	0	0	1	4	135491005	2	135489989	0
128	128	1000	0	0	147014494	0	0	1	4	135491005	2	135489989	0
129	129	1500	0	0	147014527	0	0	1	4	135491005	2	135489989	0
130	130	100	0	0	147014567	0	0	1	4	135491005	2	135490289	0
131	131	100	0	0	147014600	0	0	1	4	135491005	2	135490289	0
132	0	0	0	0	147014633	0	0	1	4	135491005	0	0	0
133	133	8000	0	0	147014639	0	0	1	4	135491005	0	0	0
134	0	0	0	0	147014676	0	0	1	4	135491005	0	0	0
135	0	0	0	0	147014682	0	0	1	4	135491005	0	0	0
136	136	10000	0	0	147014688	0	0	1	4	135491005	0	0	0
137	137	20000	0	0	147014714	0	0	1	4	135491005	0	0	0
138	138	500	0	0	147014762	0	0	1	4	135491005	0	0	0
139	139	5000	0	0	147014788	0	0	1	4	135491005	0	0	0
140	140	15000	0	0	147014814	0	0	1	4	135491005	0	0	0
141	141	2000	0	0	147014835	0	0	1	4	135491005	0	0	0
142	142	8000	0	0	147014861	0	0	1	4	135491005	0	0	0
143	143	20000	0	0	147014894	0	0	1	4	135491005	0	0	0
144	144	5000	0	0	147014915	0	0	1	4	135491005	0	0	0
145	145	9800	0	0	147014945	0	0	1	4	135491005	0	0	0
146	146	30000	0	0	147014984	0	0	1	4	135491005	0	0	0
147	147	20	0	0	147015005	0	0	1	4	135491005	0	0	0
148	148	20	0	0	147015034	0	0	1	4	135491005	0	0	0
149	149	1000	0	0	147015063	0	0	1	4	135491005	0	0	0
150	150	1000	0	0	147015106	0	0	1	4	135491005	0	0	0
151	151	1000	0	0	147015149	0	0	1	4	135491005	0	0	0
152	152	1000	0	0	147015192	0	0	1	4	135491005	0	0	0
153	153	100	0	0	147015235	0	0	1	4	135491005	0	0	0
154	154	300	0	0	147015276	0	0	1	4	135491005	0	0	0
155	155	5000	0	0	147015305	0	0	1	4	135491005	0	0	0
156	156	12000	190	0	147015352	0	0	6	4	135491005	0	0	0
157	157	1000	0	0	147015382	0	0	1	4	135491005	0	0	0
158	158	1000	0	0	147015426	0	0	1	4	135491005	0	0	0
159	159	5000	0	0	147015443	0	0	1	4	135491005	0	0	0
160	160	10000	0	0	147015460	0	0	1	4	135491005	0	0	0
161	161	50000	0	0	147015477	0	0	1	4	135491005	0	0	0
162	162	60000	0	0	147015494	0	0	1	4	135491005	0	0	0
163	163	64000	0	0	147015511	0	0	1	4	135491005	0	0	0
164	164	65000	0	0	147015528	0	0	1	4	135491005	0	0	0
165	0	0	0	0	147015545	0	0	1	4	135491005	0	0	0
166	166	7000	0	0	147015551	0	0	1	4	135491005	0	0	0
167	167	7000	0	0	147015601	0	0	1	4	135491005	0	0	0
168	168	10000	0	0	147015651	0	0	1	4	135491005	0	0	0
169	169	7000	0	0	147015684	0	0	1	4	135491005	0	0	0
170	170	7000	0	0	147015734	0	0	1	4	135491005	0	0	0
171	171	7000	0	0	147015784	0	0	1	4	135491005	0	0	0
172	172	7000	0	0	147015834	0	0	1	4	135491005	0	0	0
173	173	7000	0	0	147015884	0	0	1	4	135491005	0	0	0
174	174	7000	0	0	147015934	0	0	1	4	135491005	0	0	0
175	175	7000	0	0	147015975	0	0	1	4	135491005	0	0	0
176	176	7000	0	0	147016016	0	0	1	4	135491005	0	0	0
177	0	0	0	0	147016066	0	0	1	4	135491005	0	0	0
178	0	0	0	0	147016072	0	0	1	4	135491005	0	0	0
179	0	0	0	0	147016078	0	0	1	4	135491005	0	0	0
180	0	0	0	0	147016084	0	0	1	4	135491005	0	0	0
181	0	0	0	0	147016090	0	0	1	4	135491005	0	0	0
182	0	0	0	0	147016096	0	0	1	4	135491005	0	0	0
183	0	0	0	0	147016102	0	0	1	4	135491005	0	0	0
184	0	0	0	0	147016108	0	0	1	4	135491005	0	0	0
185	0	0	0	0	147016114	0	0	1	4	135491005	0	0	0
186	0	0	0	0	147016120	0	0	1	4	135491005	0	0	0
187	0	0	0	0	147016126	0	0	1	4	135491005	0	0	0
188	0	0	0	0	147016132	0	0	1	4	135491005	0	0	0
189	189	200	0	0	147016138	0	0	1	4	135491005	0	0	0
190	190	200	0	0	147016166	0	0	1	4	135491005	0	0	0
191	191	200	0	0	147016198	0	0	1	4	135491005	0	0	0
192	192	200	0	0	147016226	0	0	1	4	135491005	0	0	0
193	193	200	0	0	147016264	0	0	1	4	135491005	0	0	0
194	194	200	0	0	147016302	0	0	1	4	135491005	0	0	0
195	195	200	0	0	147016328	0	0	1	4	135491005	0	0	0
196	196	50000	191	0	147016360	0	0	6	4	135491005	0	0	0
197	196	50000	192	0	147016388	0	0	6	4	135491005	0	0	0
198	0	0	0	0	147016418	0	0	1	4	135491005	0	0	0
199	0	0	0	0	147016424	0	0	1	4	135491005	0	0	0
200	200	50	0	0	147016430	0	0	1	0	135484673	0	0	0
201	201	50	0	0	147016469	0	0	1	0	135484673	0	0	1
202	202	50	0	0	147016508	0	0	1	0	135484673	0	0	2
203	203	50	0	0	147016547	0	0	1	0	135484673	0	0	3
204	204	50	0	0	147016586	0	0	1	0	135484673	0	0	4
205	205	50	0	0	147016625	0	0	1	0	135484673	0	0	5
206	206	50	0	0	147016664	0	0	1	0	135484673	0	0	6
207	207	50	0	0	147016697	0	0	1	0	135484673	0	0	7
208	208	50	0	0	147016736	0	0	1	0	135484673	0	0	8
209	209	50	0	0	147016775	0	0	1	0	135484673	0	0	9
210	210	50	0	0	147016814	0	0	1	0	135484673	0	0	10
211	211	50	0	0	147016848	0	0	1	0	135484673	0	0	11
212	212	2100	0	0	147016884	0	0	1	1	135489493	0	0	0
213	213	2100	0	0	147016905	0	0	1	1	135489493	0	0	0
214	214	2100	0	0	147016926	0	0	1	1	135489493	0	0	0
215	215	2100	0	0	147016947	0	0	1	1	135489493	0	0	0
216	216	3000	0	0	147016968	0	0	1	1	135489493	0	0	0
217	217	3000	0	0	147016989	0	0	1	1	135489493	0	0	0
218	218	3000	0	0	147017010	0	0	1	1	135489493	0	0	0
219	219	3000	0	0	147017031	0	0	1	1	135489493	0	0	0
220	220	3000	0	0	147017052	0	0	1	1	135489493	0	0	0
221	221	3000	0	0	147017073	0	0	1	1	135489493	0	0	0
222	0	0	0	0	147017094	0	0	1	4	135491005	0	0	0
223	223	9800	0	0	147017100	0	0	1	1	135489493	0	0	0
224	224	9800	0	0	147017121	0	0	1	1	135489493	0	0	0
225	225	50000	0	0	147017142	0	0	1	1	135489493	0	0	0
226	226	50000	0	0	147017163	0	0	1	1	135489493	0	0	0
227	0	0	0	0	147017184	0	0	1	4	135491005	0	0	0
228	228	2000	44	10	147017190	0	0	6	4	135491005	0	0	0
229	229	9800	0	0	147017220	0	0	1	1	135489493	0	0	0
230	230	11000	61	0	147017241	0	0	6	1	135489493	0	0	0
231	231	15000	175	0	147017273	0	0	6	4	135491005	0	0	0
232	232	12000	177	0	147017305	0	0	6	4	135491005	0	0	0
233	233	12000	176	0	147017337	0	0	6	4	135491005	0	0	0
234	230	14000	180	0	147017369	0	0	6	1	135489493	0	0	0
235	235	2000	178	0	147017402	0	0	6	4	135491005	0	0	0
236	236	2000	181	0	147017434	0	0	6	4	135491005	0	0	0
237	237	2000	184	0	147017464	0	0	6	4	135491005	0	0	0
238	238	2000	185	0	147017494	0	0	6	4	135491005	0	0	0
239	239	2000	0	0	147017524	0	0	1	4	135491005	0	0	0
240	0	0	0	0	147017545	0	0	1	4	135491005	0	0	0
241	0	0	0	0	147017551	0	0	1	4	135491005	0	0	0
242	0	0	0	0	147017572	0	0	1	4	135491005	0	0	0
243	0	0	0	0	147017578	0	0	1	4	135491005	0	0	0
244	0	0	0	0	147017584	0	0	1	4	135491005	0	0	0
245	0	0	0	0	147017590	0	0	1	4	135491005	0	0	0
246	0	0	0	0	147017596	0	0	1	4	135491005	0	0	0
247	247	30000	38	0	147017602	0	0	1	4	135491005	0	0	0
248	248	300	0	0	147017635	0	0	1	1	135490957	0	0	2
249	249	300	0	0	147017662	0	0	1	1	135490957	0	0	2
250	250	300	0	0	147017689	0	0	1	1	135490957	0	0	2
251	251	300	0	0	147017716	0	0	1	1	135490957	0	0	2
252	252	10000	107	30	147017743	0	0	4	4	135491005	0	0	10
253	253	10000	107	30	147017776	0	0	4	4	135491005	0	0	11
254	254	10000	107	30	147017809	0	0	4	4	135491005	0	0	13
255	255	10000	107	30	147017842	0	0	4	4	135491005	0	0	12
256	256	10000	107	30	147017875	0	0	4	4	135491005	0	0	15
257	257	10000	107	30	147017908	0	0	4	4	135491005	0	0	1
258	258	10000	107	30	147017945	0	0	4	4	135491005	0	0	3
259	259	10000	107	30	147017978	0	0	4	4	135491005	0	0	4
260	260	10000	107	30	147018015	0	0	4	4	135491005	0	0	2
261	261	10000	107	30	147018052	0	0	4	4	135491005	0	0	14
262	262	10000	107	30	147018091	0	0	4	4	135491005	0	0	6
263	263	10000	107	30	147018124	0	0	4	4	135491005	0	0	5
264	264	10000	107	30	147018161	0	0	4	4	135491005	0	0	7
265	265	10000	107	30	147018198	0	0	4	4	135491005	0	0	16
266	266	10000	107	30	147018231	0	0	4	4	135491005	0	0	17
267	267	10000	107	30	147018264	0	0	4	4	135491005	0	0	8
268	268	10000	107	30	147018297	0	0	4	4	135491005	0	0	18
269	269	0	120	0	147018334	0	0	1	4	135491005	0	0	11
270	270	0	120	0	147018385	0	0	1	4	135491005	0	0	13
271	271	0	120	0	147018436	0	0	1	4	135491005	0	0	10
272	272	0	120	0	147018487	0	0	1	4	135491005	0	0	15
273	273	10000	158	0	147018538	0	0	1	4	135491005	0	0	10
274	274	10000	158	0	147018584	0	0	1	4	135491005	0	0	11
275	275	10000	158	0	147018630	0	0	1	4	135491005	0	0	13
276	276	10000	158	0	147018676	0	0	1	4	135491005	0	0	12
277	277	10000	158	0	147018722	0	0	1	4	135491005	0	0	15
278	278	10000	158	0	147018768	0	0	1	4	135491005	0	0	1
279	279	10000	158	0	147018816	0	0	1	4	135491005	0	0	3
280	280	10000	158	0	147018862	0	0	1	4	135491005	0	0	4
281	281	10000	158	0	147018910	0	0	1	4	135491005	0	0	2
282	282	10000	158	0	147018958	0	0	1	4	135491005	0	0	14
283	283	10000	158	0	147019007	0	0	1	4	135491005	0	0	6
284	284	10000	158	0	147019053	0	0	1	4	135491005	0	0	5
285	285	10000	158	0	147019101	0	0	1	4	135491005	0	0	7
286	286	10000	158	0	147019149	0	0	1	4	135491005	0	0	16
287	287	10000	158	0	147019195	0	0	1	4	135491005	0	0	17
288	288	10000	158	0	147019241	0	0	1	4	135491005	0	0	8
289	289	10000	158	0	147019287	0	0	1	4	135491005	0	0	18
290	0	0	0	0	147019335	0	0	1	4	135491005	0	0	0
291	0	0	0	0	147019341	0	0	1	4	135491005	0	0	0
292	292	0	145	0	147019347	0	0	8	4	135491005	0	0	0
293	293	0	145	0	147019394	0	0	8	4	135491005	0	0	0
294	294	0	140	0	147019441	0	0	6	4	135491005	0	0	0
295	295	0	140	0	147019487	0	0	6	4	135491005	0	0	0
296	296	0	140	0	147019533	0	0	6	4	135491005	0	0	0
297	297	0	140	0	147019579	0	0	6	4	135491005	0	0	0
298	298	0	140	0	147019625	0	0	6	4	135491005	0	0	0
299	299	0	140	0	147019671	0	0	6	4	135491005	0	0	0
300	300	0	140	0	147019717	0	0	6	4	135491005	0	0	0
301	301	0	140	0	147019761	0	0	6	4	135491005	0	0	0
302	302	0	140	0	147019807	0	0	6	4	135491005	0	0	0
303	303	0	140	0	147019851	0	0	6	4	135491005	0	0	0
304	304	0	140	0	147019895	0	0	6	4	135491005	0	0	0
305	305	0	140	0	147019941	0	0	6	4	135491005	0	0	0
306	306	0	140	0	147019987	0	0	6	4	135491005	0	0	0
307	307	0	140	0	147020035	0	0	6	4	135491005	0	0	0
308	308	0	140	0	147020079	0	0	6	4	135491005	0	0	0
309	309	0	140	0	147020123	0	0	6	4	135491005	0	0	0
310	310	0	140	0	147020167	0	0	6	4	135491005	0	0	0
311	311	0	140	0	147020213	0	0	6	4	135491005	0	0	0
312	312	0	140	0	147020261	0	0	6	4	135491005	0	0	0
313	313	0	140	0	147020311	0	0	6	4	135491005	0	0	0
314	314	0	140	0	147020357	0	0	6	4	135491005	0	0	0
315	315	0	140	0	147020405	0	0	6	4	135491005	0	0	0
316	316	0	140	0	147020451	0	0	6	4	135491005	0	0	0
317	317	0	140	0	147020497	0	0	6	4	135491005	0	0	0
318	318	33000	140	0	147020543	0	0	6	4	135491005	0	0	0
319	319	0	140	0	147020589	0	0	6	4	135491005	0	0	0
320	320	0	140	0	147020635	0	0	6	4	135491005	0	0	0
321	321	37500	140	0	147020681	0	0	6	4	135491005	0	0	0
322	322	37500	140	0	147020731	0	0	6	4	135491005	0	0	0
323	323	0	140	0	147020777	0	0	6	4	135491005	0	0	0
324	324	0	140	0	147020823	0	0	6	4	135491005	0	0	0
325	325	0	140	0	147020869	0	0	6	4	135491005	0	0	0
326	326	0	140	0	147020915	0	0	6	4	135491005	0	0	0
327	327	0	140	0	147020963	0	0	6	4	135491005	0	0	0
328	328	42000	140	0	147021011	0	0	6	4	135491005	0	0	0
329	329	0	140	0	147021059	0	0	6	4	135491005	0	0	0
330	330	60000	140	0	147021105	0	0	6	4	135491005	0	0	0
331	331	0	140	0	147021151	0	0	6	4	135491005	0	0	0
332	332	0	140	0	147021197	0	0	6	4	135491005	0	0	0
333	333	0	140	0	147021245	0	0	6	4	135491005	0	0	0
334	334	0	140	0	147021293	0	0	6	4	135491005	0	0	0
335	335	65000	140	0	147021339	0	0	6	4	135491005	0	0	0
336	336	0	140	0	147021387	0	0	6	4	135491005	0	0	0
337	337	0	140	0	147021435	0	0	6	4	135491005	0	0	0
338	338	33000	140	0	147021481	0	0	6	4	135491005	0	0	0
339	339	0	140	0	147021529	0	0	6	4	135491005	0	0	0
340	340	0	140	0	147021579	0	0	6	4	135491005	0	0	0
341	341	50000	140	0	147021625	0	0	6	4	135491005	0	0	0
342	342	55000	140	0	147021673	0	0	6	4	135491005	0	0	0
343	343	0	140	0	147021719	0	0	6	4	135491005	0	0	0
344	344	30000	140	0	147021767	0	0	6	4	135491005	0	0	0
345	345	0	140	0	147021813	0	0	6	4	135491005	0	0	0
346	346	0	140	0	147021861	0	0	6	4	135491005	0	0	0
347	347	0	140	0	147021907	0	0	6	4	135491005	0	0	0
348	348	0	140	0	147021955	0	0	1	4	135491005	0	0	0
349	349	1500	121	40	147022005	0	0	4	4	135491005	0	0	0
350	350	1500	121	40	147022045	0	0	4	4	135491005	0	0	10
351	351	1500	121	40	147022083	0	0	4	4	135491005	0	0	11
352	352	1500	121	40	147022121	0	0	4	4	135491005	0	0	13
353	353	1500	121	40	147022159	0	0	4	4	135491005	0	0	12
354	354	1500	121	40	147022197	0	0	4	4	135491005	0	0	15
355	355	1500	121	40	147022235	0	0	4	4	135491005	0	0	1
356	356	1500	121	40	147022275	0	0	4	4	135491005	0	0	3
357	357	1500	121	40	147022313	0	0	4	4	135491005	0	0	4
358	358	1500	121	40	147022353	0	0	4	4	135491005	0	0	2
359	359	1500	121	40	147022393	0	0	4	4	135491005	0	0	14
360	360	1500	121	40	147022435	0	0	4	4	135491005	0	0	6
361	361	1500	121	40	147022473	0	0	4	4	135491005	0	0	5
362	362	1500	121	40	147022513	0	0	4	4	135491005	0	0	7
363	363	1500	121	40	147022553	0	0	4	4	135491005	0	0	16
364	364	1500	121	40	147022591	0	0	4	4	135491005	0	0	17
365	365	1500	121	40	147022629	0	0	4	4	135491005	0	0	8
366	366	1500	121	40	147022667	0	0	4	4	135491005	0	0	18
367	367	50000	159	0	147022707	0	0	6	4	135491005	0	0	0
368	368	50000	159	0	147022749	0	0	6	4	135491005	0	0	10
369	369	50000	159	0	147022789	0	0	6	4	135491005	0	0	11
370	370	50000	159	0	147022829	0	0	6	4	135491005	0	0	13
371	371	50000	159	0	147022869	0	0	6	4	135491005	0	0	12
372	372	50000	159	0	147022909	0	0	6	4	135491005	0	0	15
373	373	50000	159	0	147022949	0	0	6	4	135491005	0	0	1
374	374	50000	159	0	147022991	0	0	6	4	135491005	0	0	3
375	375	50000	159	0	147023031	0	0	6	4	135491005	0	0	4
376	376	50000	159	0	147023073	0	0	6	4	135491005	0	0	2
377	377	50000	159	0	147023115	0	0	6	4	135491005	0	0	14
378	378	50000	159	0	147023157	0	0	6	4	135491005	0	0	6
379	379	50000	159	0	147023197	0	0	6	4	135491005	0	0	5
380	380	50000	159	0	147023239	0	0	6	4	135491005	0	0	7
381	381	50000	159	0	147023281	0	0	6	4	135491005	0	0	16
382	382	50000	159	0	147023321	0	0	6	4	135491005	0	0	17
383	383	50000	159	0	147023361	0	0	6	4	135491005	0	0	8
384	384	50000	159	0	147023401	0	0	6	4	135491005	0	0	18
385	385	0	159	0	147023443	0	0	6	4	135491005	0	0	255
386	386	0	159	0	147023475	0	0	6	4	135491005	0	0	255
387	387	0	159	0	147023501	0	0	6	4	135491005	0	0	255
388	388	0	159	0	147023533	0	0	6	4	135491005	0	0	255
389	389	0	159	0	147023563	0	0	6	4	135491005	0	0	255
390	390	0	159	0	147023593	0	0	6	4	135491005	0	0	255
391	391	0	159	0	147023630	0	0	6	4	135491005	0	0	255
392	392	0	159	0	147023667	0	0	1	4	135491005	0	0	255
393	393	0	159	0	147023700	0	0	1	4	135491005	0	0	255
394	394	0	159	0	147023728	0	0	1	4	135491005	0	0	255
395	395	0	159	0	147023765	0	0	1	4	135491005	0	0	255
396	396	0	159	0	147023797	0	0	1	4	135491005	0	0	255
397	397	0	159	0	147023834	0	0	1	4	135491005	0	0	255
398	398	0	159	0	147023867	0	0	1	4	135491005	0	0	255
399	399	0	159	0	147023899	0	0	1	4	135491005	0	0	255
400	400	0	159	0	147023940	0	0	1	4	135491005	0	0	255
401	401	0	159	0	147023983	0	0	1	4	135491005	0	0	255
402	402	1000	45	0	147024020	0	0	6	4	135491005	0	0	0
403	403	1000	66	0	147024067	0	0	6	4	135491005	0	0	0
404	404	1000	65	0	147024104	0	0	6	4	135491005	0	0	0
405	405	1000	63	0	147024147	0	0	1	4	135491005	0	0	0
406	406	1000	64	0	147024184	0	0	6	4	135491005	0	0	0
407	407	1000	93	0	147024214	0	0	1	4	135491005	0	0	0
408	408	2000	36	0	147024244	0	0	6	4	135491005	0	0	0
409	409	2000	35	0	147024274	0	0	6	4	135491005	0	0	0
410	410	0	34	50	147024304	0	0	6	4	135491005	0	0	0
411	411	0	94	20	147024353	0	0	6	4	135491005	0	0	0
412	412	0	95	20	147024403	0	0	6	4	135491005	0	0	0
413	413	0	96	20	147024453	0	0	6	4	135491005	0	0	0
414	414	2000	52	20	147024503	0	0	4	4	135491005	0	0	0
415	415	5000	22	20	147024548	0	0	4	4	135491005	0	0	0
416	416	2000	57	20	147024589	0	0	4	4	135491005	0	0	0
417	417	2000	47	20	147024628	0	0	4	4	135491005	0	0	0
418	418	5000	84	5	147024665	0	0	4	4	135491005	0	0	0
419	419	2000	52	20	147024704	0	0	4	4	135491005	0	0	0
420	420	2000	48	20	147024737	0	0	4	4	135491005	0	0	0
421	421	11000	32	10	147024770	0	0	4	4	135491005	0	0	0
422	422	6000	33	0	147024819	0	0	4	4	135491005	0	0	0
423	423	100	0	0	147024866	0	0	1	4	135491005	0	0	0
424	424	100	0	0	147024915	0	0	1	4	135491005	0	0	0
425	425	100	0	0	147024964	0	0	1	4	135491005	0	0	0
426	426	100	0	0	147025013	0	0	1	4	135491005	0	0	0
427	427	100	0	0	147025062	0	0	1	4	135491005	0	0	0
428	428	3000	24	0	147025111	0	0	1	4	135491005	0	0	0
429	429	3000	99	8	147025161	0	0	1	4	135491005	0	0	0
430	430	3000	99	8	147025209	0	0	1	4	135491005	0	0	1
431	431	3000	99	8	147025259	0	0	1	4	135491005	0	0	2
432	432	3000	99	8	147025309	0	0	1	4	135491005	0	0	4
433	433	3000	99	8	147025359	0	0	1	4	135491005	0	0	5
434	434	3000	99	8	147025409	0	0	1	4	135491005	0	0	3
435	435	1000	60	20	147025459	0	0	4	4	135491005	0	0	0
436	436	1000	58	20	147025502	0	0	4	4	135491005	0	0	0
437	437	1000	52	20	147025543	0	0	4	4	135491005	0	0	0
438	438	1000	51	20	147025584	0	0	4	4	135491005	0	0	0
439	439	1000	48	20	147025625	0	0	4	4	135491005	0	0	0
440	440	1000	55	20	147025666	0	0	4	4	135491005	0	0	0
441	441	1000	50	20	147025707	0	0	4	4	135491005	0	0	0
442	442	1000	54	20	147025750	0	0	4	4	135491005	0	0	0
443	443	1000	46	20	147025791	0	0	4	4	135491005	0	0	0
444	444	1000	53	20	147025834	0	0	4	4	135491005	0	0	0
445	445	1000	57	20	147025877	0	0	4	4	135491005	0	0	0
446	446	1000	31	20	147025922	0	0	4	4	135491005	0	0	0
447	447	1000	47	20	147025963	0	0	4	4	135491005	0	0	0
448	448	1000	56	20	147026006	0	0	4	4	135491005	0	0	0
449	449	1000	59	20	147026049	0	0	4	4	135491005	0	0	0
450	450	1000	49	20	147026090	0	0	4	4	135491005	0	0	0
451	451	2000	42	20	147026131	0	0	6	4	135491005	0	0	0
452	452	4000	29	0	147026172	0	0	4	4	135491005	0	0	0
453	453	4000	68	0	147026212	0	0	4	4	135491005	0	0	0
454	454	4000	67	0	147026252	0	0	4	4	135491005	0	0	0
455	455	4000	86	0	147026285	0	0	4	4	135491005	0	0	0
456	456	4000	87	0	147026317	0	0	4	4	135491005	0	0	0
457	457	4000	69	0	147026349	0	0	4	4	135491005	0	0	0
458	458	4000	71	0	147026391	0	0	4	4	135491005	0	0	0
459	459	4000	74	0	147026435	0	0	4	4	135491005	0	0	0
460	460	4000	72	0	147026477	0	0	4	4	135491005	0	0	0
461	461	4000	156	0	147026519	0	0	4	4	135491005	0	0	0
462	462	4000	156	3	147026566	0	0	4	4	135491005	0	0	0
463	463	4000	156	2	147026613	0	0	4	4	135491005	0	0	0
464	464	4000	156	1	147026660	0	0	4	4	135491005	0	0	0
465	465	4000	128	0	147026707	0	0	4	4	135491005	0	0	0
466	466	4000	129	0	147026755	0	0	4	4	135491005	0	0	0
467	467	4000	142	0	147026803	0	0	4	4	135491005	0	0	0
468	468	4000	143	0	147026851	0	0	4	4	135491005	0	0	0
469	469	4000	22	10	147026899	0	0	4	4	135491005	0	0	0
470	470	4000	23	0	147026941	0	0	4	4	135491005	0	0	0
471	471	3000	25	0	147026974	0	0	1	4	135491005	0	0	0
472	472	4000	26	20	147027007	0	0	4	4	135491005	0	0	0
473	473	4000	27	0	147027044	0	0	1	4	135491005	0	0	0
474	474	4000	28	0	147027091	0	0	4	4	135491005	0	0	0
475	475	5000	179	10	147027124	0	0	6	4	135491005	0	0	0
476	476	10000	32	10	147027165	0	0	1	4	135491005	0	0	0
477	477	5000	33	0	147027214	0	0	1	4	135491005	0	0	0
478	478	4000	37	0	147027253	0	0	1	4	135491005	0	0	0
479	479	4000	39	10	147027287	0	0	4	4	135491005	0	0	0
480	480	10000	40	0	147027319	0	0	1	4	135491005	0	0	0
481	481	4000	41	0	147027353	0	0	4	4	135491005	0	0	0
482	482	4000	43	10	147027383	0	0	4	4	135491005	0	0	0
483	483	4000	62	8	147027414	0	0	4	4	135491005	0	0	0
484	484	4000	81	10	147027448	0	0	4	4	135491005	0	0	0
485	485	4000	80	10	147027481	0	0	4	4	135491005	0	0	0
486	486	4000	82	10	147027518	0	0	4	4	135491005	0	0	0
487	487	4000	77	20	147027555	0	0	4	4	135491005	0	0	0
488	488	4000	73	0	147027598	0	0	4	4	135491005	0	0	0
489	489	4000	78	0	147027646	0	0	4	4	135491005	0	0	0
490	490	4000	75	0	147027688	0	0	4	4	135491005	0	0	0
491	491	4000	85	0	147027736	0	0	4	4	135491005	0	0	0
492	492	4000	83	20	147027785	0	0	4	4	135491005	0	0	0
493	493	4000	79	20	147027823	0	0	4	4	135491005	0	0	0
494	494	4000	89	0	147027871	0	0	4	4	135491005	0	0	0
495	495	4000	84	0	147027917	0	0	4	4	135491005	0	0	0
496	496	4000	91	0	147027962	0	0	1	4	135491005	0	0	0
497	497	4000	90	0	147027999	0	0	4	4	135491005	0	0	0
498	498	4000	70	0	147028048	0	0	4	4	135491005	0	0	0
499	499	4000	90	0	147028091	0	0	4	4	135491005	0	0	0
500	500	4000	92	0	147028138	0	0	4	4	135491005	0	0	0
501	501	4000	76	30	147028186	0	0	4	4	135491005	0	0	0
502	502	5000	183	0	147028233	0	0	6	4	135491005	0	0	0
503	503	5000	182	10	147028263	0	0	6	4	135491005	0	0	0
504	504	4000	118	50	147028293	0	0	4	4	135491005	0	0	0
505	505	4000	117	0	147028340	0	0	4	4	135491005	0	0	0
506	506	4000	122	0	147028383	0	0	4	4	135491005	0	0	0
507	507	4000	123	0	147028429	0	0	4	4	135491005	0	0	0
508	508	4000	124	0	147028473	0	0	4	4	135491005	0	0	0
509	509	4000	125	0	147028506	0	0	4	4	135491005	0	0	0
510	510	4000	126	0	147028554	0	0	4	4	135491005	0	0	0
511	511	4000	127	0	147028584	0	0	4	4	135491005	0	0	0
512	512	1000	144	0	147028630	0	0	4	4	135491005	0	0	0
513	513	1000	119	50	147028669	0	0	4	4	135491005	0	0	0
514	514	4000	141	0	147028714	0	0	4	4	135491005	0	0	0
515	515	300	157	0	147028756	0	0	4	4	135491005	0	0	0
516	516	4000	155	0	147028788	0	0	4	4	135491005	0	0	0
517	517	4000	154	0	147028829	0	0	4	4	135491005	0	0	0
518	518	8000	0	0	147028869	0	0	4	4	135491005	0	0	0
519	519	12000	0	0	147028902	0	0	4	4	135491005	0	0	0
520	520	20000	0	0	147028943	0	0	4	4	135491005	0	0	0
521	521	2000	0	0	147028966	0	0	4	4	135491005	0	0	0
522	522	5000	0	0	147029009	0	0	4	4	135491005	0	0	0
523	523	9000	0	0	147029054	0	0	4	4	135491005	0	0	0
524	524	20	2	0	147029092	0	0	5	1	135487957	1	135490205	0
525	525	20	3	0	147029122	0	0	5	1	135487957	1	135490205	0
526	526	20	4	0	147029152	0	0	5	1	135487957	1	135490205	0
527	527	20	5	0	147029182	0	0	5	1	135487957	1	135490205	0
528	528	20	6	0	147029212	0	0	5	1	135487957	1	135490205	0
529	529	20	7	10	147029242	0	0	5	1	135488097	1	135490261	0
530	530	20	1	10	147029268	0	0	5	1	135487957	1	135490205	0
531	531	20	8	0	147029296	0	0	5	4	135491005	1	135490205	0
532	532	20	9	0	147029326	0	0	5	1	135487957	1	135490205	0
533	533	20	100	25	147029356	0	0	5	1	135487957	1	135490205	0
534	534	20	10	8	147029386	0	0	5	4	135491005	0	0	0
535	535	20	11	8	147029428	0	0	5	4	135491005	0	0	0
536	536	20	12	8	147029470	0	0	5	4	135491005	0	0	0
537	537	20	13	8	147029512	0	0	5	4	135491005	0	0	0
538	538	20	14	8	147029554	0	0	5	4	135491005	0	0	0
539	539	20	0	0	147029596	0	0	5	4	135491005	0	0	0
540	540	20	0	0	147029639	0	0	5	4	135491005	0	0	0
541	541	20	0	0	147029682	0	0	5	4	135491005	0	0	0
542	542	20	0	0	147029725	0	0	5	4	135491005	0	0	0
543	543	20	0	0	147029768	0	0	5	4	135491005	0	0	0
544	544	20	0	0	147029811	0	0	5	1	135488041	0	0	0
545	545	20	0	0	147029860	0	0	5	1	135488041	0	0	0
546	546	20	0	0	147029910	0	0	5	1	135488041	0	0	0
547	547	20	0	0	147029960	0	0	5	1	135488041	0	0	0
548	548	20	0	0	147030010	0	0	5	1	135488041	0	0	0
549	549	20	0	0	147030060	0	0	5	1	135488041	0	0	0
550	550	20	0	0	147030110	0	0	5	4	135491005	0	0	0
551	551	20	0	0	147030153	0	0	5	4	135491005	0	0	0
552	552	20	0	0	147030196	0	0	5	4	135491005	0	0	0
553	553	20	0	0	147030239	0	0	5	4	135491005	0	0	0
554	554	20	0	0	147030282	0	0	5	4	135491005	0	0	0
555	555	20	0	0	147030325	0	0	5	4	135491005	0	0	0
556	556	20	0	0	147030368	0	0	5	4	135491005	0	0	0
557	557	20	0	0	147030411	0	0	5	4	135491005	0	0	0
558	558	20	0	0	147030454	0	0	5	4	135491005	0	0	0
559	559	20	98	0	147030497	0	0	5	4	135491005	0	0	0
560	560	20	98	10	147030536	0	0	5	4	135491005	0	0	0
561	561	20	98	11	147030583	0	0	5	4	135491005	0	0	0
562	562	20	98	13	147030630	0	0	5	4	135491005	0	0	0
563	563	20	98	12	147030677	0	0	5	4	135491005	0	0	0
564	564	20	98	15	147030724	0	0	5	4	135491005	0	0	0
565	565	20	98	1	147030771	0	0	5	4	135491005	0	0	0
566	566	20	98	3	147030820	0	0	5	4	135491005	0	0	0
567	567	20	98	4	147030867	0	0	5	4	135491005	0	0	0
568	568	20	98	2	147030916	0	0	5	4	135491005	0	0	0
569	569	20	98	14	147030965	0	0	5	4	135491005	0	0	0
570	570	20	98	6	147031014	0	0	5	4	135491005	0	0	0
571	571	20	98	5	147031061	0	0	5	4	135491005	0	0	0
572	572	20	98	7	147031110	0	0	5	4	135491005	0	0	0
573	573	20	98	16	147031159	0	0	5	4	135491005	0	0	0
574	574	20	98	17	147031206	0	0	5	4	135491005	0	0	0
575	575	20	98	8	147031253	0	0	5	4	135491005	0	0	0
576	576	20	98	18	147031300	0	0	5	4	135491005	0	0	0
577	577	20	15	4	147031349	0	0	5	4	135491005	0	0	0
578	578	20	16	4	147031380	0	0	5	4	135491005	0	0	0
579	579	20	17	4	147031411	0	0	5	4	135491005	0	0	0
580	580	20	18	4	147031440	0	0	5	4	135491005	0	0	0
581	581	20	19	4	147031469	0	0	5	4	135491005	0	0	0
582	582	20	20	4	147031498	0	0	5	4	135491005	0	0	0
583	583	20	21	4	147031540	0	0	5	4	135491005	0	0	0
584	0	0	0	0	147031584	0	0	1	4	135491005	0	0	0
585	585	20	101	4	147031629	0	0	5	4	135491005	0	0	0
586	586	20	102	4	147031670	0	0	5	4	135491005	0	0	0
587	587	20	103	0	147031701	0	0	5	4	135491005	0	0	0
588	588	20	189	0	147031744	0	0	5	4	135491005	0	0	0
589	589	20	105	0	147031777	0	0	5	4	135491005	0	0	0
590	590	20	106	0	147031819	0	0	5	4	135491005	0	0	0
591	584	20	0	0	147031861	0	0	5	4	135490397	1	135490745	0
592	592	15000	0	0	147031906	0	0	7	1	135488405	0	0	0
593	593	50000	0	0	147031953	0	0	7	1	135488405	0	0	0
594	594	25000	0	0	147031984	0	0	7	1	135488405	0	0	0
595	595	30000	0	0	147032023	0	0	7	1	135488405	0	0	0
596	596	1000	0	0	147032060	0	0	7	1	135488405	0	0	0
597	597	22000	0	0	147032092	0	0	7	1	135488405	0	0	0
598	598	20000	0	0	147032141	0	0	7	1	135488405	0	0	0
599	599	12000	0	0	147032184	0	0	7	1	135488405	0	0	0
600	600	9000	0	0	147032233	0	0	7	1	135488405	0	0	0
601	601	3000	0	0	147032280	0	0	7	1	135488405	0	0	0
602	602	20000	0	0	147032324	0	0	7	1	135488405	0	0	0
603	603	3000	0	0	147032371	0	0	7	1	135488405	0	0	0
604	604	65000	0	0	147032412	0	0	7	1	135488405	0	0	0
605	605	55000	0	0	147032439	0	0	7	1	135488405	0	0	0
606	606	50000	0	0	147032466	0	0	7	1	135488405	0	0	0
607	607	30000	0	0	147032491	0	0	7	1	135488405	0	0	0
608	608	30000	0	0	147032537	0	0	7	1	135488405	0	0	0
609	609	20000	0	0	147032578	0	0	7	1	135488405	0	0	0
610	610	40000	0	0	147032625	0	0	7	1	135488405	0	0	0
611	611	8000	0	0	147032656	0	0	7	1	135488405	0	0	0
612	612	10000	0	0	147032684	0	0	7	1	135488405	0	0	0
613	613	35000	0	0	147032706	0	0	7	1	135488405	0	0	0
614	614	15000	0	0	147032751	0	0	7	1	135488405	0	0	0
615	615	65000	0	0	147032774	0	0	7	1	135488405	0	0	0
616	616	55000	0	0	147032801	0	0	7	1	135488405	0	0	0
617	617	60000	0	0	147032828	0	0	7	1	135488405	0	0	0
618	618	10000	0	0	147032855	0	0	7	1	135488405	0	0	0
619	619	7500	0	0	147032877	0	0	7	1	135488405	0	0	0
620	620	65000	0	0	147032906	0	0	7	1	135488405	0	0	0
621	621	65000	0	0	147032929	0	0	7	1	135488405	0	0	0
622	622	15000	0	0	147032952	0	0	7	1	135488405	0	0	0
623	623	6000	0	0	147032977	0	0	7	1	135488405	0	0	0
624	624	30000	0	0	147033008	0	0	7	1	135488405	0	0	0
625	625	25000	0	0	147033054	0	0	7	1	135488405	0	0	0
626	626	65000	0	0	147033091	0	0	7	1	135488405	0	0	0
627	627	65000	0	0	147033118	0	0	7	1	135488405	0	0	0
628	628	20000	0	0	147033145	0	0	7	1	135488405	0	0	0
629	629	55000	0	0	147033192	0	0	7	1	135488405	0	0	0
630	630	26000	0	0	147033219	0	0	7	1	135488405	0	0	0
631	631	25000	0	0	147033249	0	0	7	1	135488405	0	0	0
632	632	5000	0	0	147033265	0	0	7	1	135488405	0	0	0
633	633	18000	0	0	147033295	0	0	7	1	135488405	0	0	0
634	634	8000	0	0	147033326	0	0	7	1	135488405	0	0	0
635	635	20000	0	0	147033374	0	0	7	1	135488405	0	0	0
636	636	9000	0	0	147033422	0	0	7	1	135488405	0	0	0
637	637	14000	0	0	147033459	0	0	7	1	135488405	0	0	0
638	638	11000	0	0	147033480	0	0	7	1	135488405	0	0	0
639	639	9500	0	0	147033503	0	0	7	1	135488405	0	0	0
640	640	5500	0	0	147033536	0	0	7	1	135488405	0	0	0
641	641	58000	0	0	147033586	0	0	7	1	135488405	0	0	0
642	642	45000	0	0	147033631	0	0	7	1	135488405	0	0	0
643	643	50000	0	0	147033654	0	0	7	1	135488405	0	0	0
644	644	50000	0	0	147033693	0	0	7	1	135488405	0	0	0
645	645	65000	0	0	147033718	0	0	7	1	135488405	0	0	0
646	646	30000	0	0	147033735	0	0	7	1	135488405	0	0	0
647	647	45000	0	0	147033756	0	0	7	1	135488405	0	0	0
648	648	30000	0	0	147033770	0	0	7	1	135488405	0	0	0
649	649	30000	0	0	147033813	0	0	7	1	135488405	0	0	0
650	650	30000	0	0	147033856	0	0	7	1	135488405	0	0	0
651	651	60000	0	0	147033881	0	0	7	1	135488405	0	0	0
652	652	38000	0	0	147033902	0	0	7	1	135488405	0	0	0
653	653	18000	0	0	147033946	0	0	7	1	135488405	0	0	0
654	654	65000	0	0	147033970	0	0	7	1	135488405	0	0	0
655	655	22000	0	0	147034013	0	0	7	1	135488405	0	0	0
656	656	30000	0	0	147034040	0	0	7	1	135488405	0	0	0
657	657	12500	0	0	147034056	0	0	7	1	135488405	0	0	0
658	658	55000	0	0	147034097	0	0	7	1	135488405	0	0	0
659	659	7000	0	0	147034120	0	0	7	1	135488405	0	0	0
660	660	55000	0	0	147034142	0	0	7	1	135488405	0	0	0
661	661	28000	0	0	147034169	0	0	7	1	135488405	0	0	0
662	662	18000	0	0	147034192	0	0	7	1	135488405	0	0	0
663	663	30000	0	0	147034233	0	0	7	1	135488405	0	0	0
664	664	30000	0	0	147034254	0	0	7	1	135488405	0	0	0
665	665	40000	0	0	147034297	0	0	7	1	135488405	0	0	0
666	666	45000	0	0	147034311	0	0	7	1	135488405	0	0	0
667	667	30000	0	0	147034348	0	0	7	1	135488405	0	0	0
668	668	35000	0	0	147034387	0	0	7	1	135488405	0	0	0
669	669	45000	0	0	147034408	0	0	7	1	135488405	0	0	0
670	670	30000	0	0	147034451	0	0	7	1	135488405	0	0	0
671	671	30000	0	0	147034472	0	0	7	1	135488405	0	0	0
672	672	30000	0	0	147034498	0	0	7	1	135488405	0	0	0
673	673	20000	0	0	147034519	0	0	7	1	135488405	0	0	0
674	674	20000	0	0	147034535	0	0	7	1	135488405	0	0	0
675	675	34000	0	0	147034574	0	0	7	1	135488405	0	0	0
676	676	38000	0	0	147034590	0	0	7	1	135488405	0	0	0
677	677	26000	0	0	147034607	0	0	7	1	135488405	0	0	0
678	678	45000	0	0	147034639	0	0	7	1	135488405	0	0	0
679	679	32000	0	0	147034666	0	0	7	1	135488405	0	0	0
680	680	30000	0	0	147034686	0	0	7	1	135488405	0	0	0
681	681	14000	0	0	147034728	0	0	7	1	135488405	0	0	0
682	682	45000	0	0	147034761	0	0	7	1	135488405	0	0	0
683	683	20000	0	0	147034804	0	0	7	1	135488405	0	0	0
684	684	50000	0	0	147034831	0	0	7	1	135488405	0	0	0
685	685	34000	0	0	147034854	0	0	7	1	135488405	0	0	0
686	686	60000	0	0	147034891	0	0	7	1	135488405	0	0	0
687	687	40000	0	0	147034936	0	0	7	1	135488405	0	0	0
688	688	23000	0	0	147034975	0	0	7	1	135488405	0	0	0
689	689	40000	0	0	147035015	0	0	7	1	135488405	0	0	0
690	690	46000	0	0	147035042	0	0	7	1	135488405	0	0	0
691	691	40000	0	0	147035075	0	0	7	1	135488405	0	0	0
692	692	17000	0	0	147035103	0	0	7	1	135488405	0	0	0
693	693	22000	0	0	147035140	0	0	7	1	135488405	0	0	0
694	694	30000	0	0	147035156	0	0	7	1	135488405	0	0	0
695	695	10000	0	0	147035198	0	0	7	1	135488405	0	0	0
696	696	12000	0	0	147035243	0	0	7	1	135488405	0	0	0
697	697	16000	0	0	147035259	0	0	7	1	135488405	0	0	0
698	698	25000	0	0	147035282	0	0	7	1	135488405	0	0	0
699	699	25000	0	0	147035309	0	0	7	1	135488405	0	0	0
700	700	25000	0	0	147035336	0	0	7	1	135488405	0	0	0
701	701	56000	0	0	147035363	0	0	7	1	135488405	0	0	0
702	702	24000	0	0	147035400	0	0	7	1	135488405	0	0	0
703	703	50000	0	0	147035424	0	0	7	1	135488405	0	0	0
704	704	30000	0	0	147035440	0	0	7	1	135488405	0	0	0
705	705	61000	0	0	147035470	0	0	7	1	135488405	0	0	0
706	706	59000	0	0	147035497	0	0	7	1	135488405	0	0	0
707	707	30000	0	0	147035514	0	0	7	1	135488405	0	0	0
708	708	30000	0	0	147035555	0	0	7	1	135488405	0	0	0
709	709	30000	0	0	147035598	0	0	7	1	135488405	0	0	0
710	710	30000	0	0	147035641	0	0	7	1	135488405	0	0	0
711	711	30000	0	0	147035682	0	0	7	1	135488405	0	0	0
712	712	30000	0	0	147035731	0	0	7	1	135488405	0	0	0
713	713	30000	0	0	147035769	0	0	7	1	135488405	0	0	0
714	714	30000	0	0	147035817	0	0	7	1	135488405	0	0	0
715	715	30000	0	0	147035864	0	0	7	1	135488405	0	0	0
716	716	30000	0	0	147035914	0	0	7	1	135488405	0	0	0
717	717	30000	0	0	147035964	0	0	7	1	135488405	0	0	0
718	718	30000	0	0	147036014	0	0	7	1	135488405	0	0	0
719	719	30000	0	0	147036055	0	0	7	1	135488405	0	0	0
720	720	30000	0	0	147036105	0	0	7	1	135488405	0	0	0
721	721	30000	0	0	147036148	0	0	7	1	135488405	0	0	0
722	722	30000	0	0	147036196	0	0	7	1	135488405	0	0	0
723	723	30000	0	0	147036245	0	0	7	1	135488405	0	0	0
724	724	30000	0	0	147036285	0	0	7	1	135488405	0	0	0
725	725	30000	0	0	147036333	0	0	7	1	135488405	0	0	0
726	726	30000	0	0	147036376	0	0	7	1	135488405	0	0	0
727	727	30000	0	0	147036416	0	0	7	1	135488405	0	0	0
728	728	30000	0	0	147036456	0	0	7	1	135488405	0	0	0
729	729	30000	0	0	147036506	0	0	7	1	135488405	0	0	0
730	730	30000	0	0	147036530	0	0	7	1	135488405	0	0	0
731	731	30000	0	0	147036579	0	0	7	1	135488405	0	0	0
732	732	30000	0	0	147036626	0	0	7	1	135488405	0	0	0
733	733	30000	0	0	147036675	0	0	7	1	135488405	0	0	0
734	734	30000	0	0	147036716	0	0	7	1	135488405	0	0	0
735	735	30000	0	0	147036743	0	0	7	1	135488405	0	0	0
736	736	30000	0	0	147036790	0	0	7	1	135488405	0	0	0
737	737	30000	0	0	147036823	0	0	7	1	135488405	0	0	0
738	738	30000	0	0	147036850	0	0	7	1	135488405	0	0	0
739	739	30000	0	0	147036873	0	0	7	1	135488405	0	0	0
740	740	30000	0	0	147036923	0	0	7	1	135488405	0	0	0
741	741	30000	0	0	147036972	0	0	7	1	135488405	0	0	0
742	742	30000	0	0	147037019	0	0	7	1	135488405	0	0	0
743	743	30000	0	0	147037066	0	0	7	1	135488405	0	0	0
744	744	30000	0	0	147037116	0	0	7	1	135488405	0	0	0
745	745	30000	0	0	147037159	0	0	7	1	135488405	0	0	0
746	746	30000	0	0	147037209	0	0	7	1	135488405	0	0	0
747	747	30000	0	0	147037241	0	0	7	1	135488405	0	0	0
748	748	30000	0	0	147037291	0	0	7	1	135488405	0	0	0
749	749	30000	0	0	147037332	0	0	7	1	135488405	0	0	0
750	750	30000	0	0	147037382	0	0	7	1	135488405	0	0	0
751	751	30000	0	0	147037424	0	0	7	1	135488405	0	0	0
752	752	30000	0	0	147037469	0	0	7	1	135488405	0	0	0
753	753	30000	0	0	147037514	0	0	7	1	135488405	0	0	0
754	754	30000	0	0	147037563	0	0	7	1	135488405	0	0	0
755	755	30000	0	0	147037613	0	0	7	1	135488405	0	0	0
756	756	30000	0	0	147037657	0	0	7	1	135488405	0	0	0
757	757	30000	0	0	147037701	0	0	7	1	135488405	0	0	0
758	758	30000	0	0	147037747	0	0	7	1	135488405	0	0	0
759	759	30000	0	0	147037790	0	0	7	1	135488405	0	0	0
760	760	30000	0	0	147037839	0	0	7	1	135488405	0	0	0
761	761	30000	0	0	147037881	0	0	7	1	135488405	0	0	0
762	762	30000	0	0	147037914	0	0	7	1	135488405	0	0	0
763	763	30000	0	0	147037943	0	0	7	1	135488405	0	0	0
764	764	30000	0	0	147037992	0	0	7	1	135488405	0	0	0
765	765	30000	0	0	147038019	0	0	7	1	135488405	0	0	0
766	766	30000	0	0	147038049	0	0	7	1	135488405	0	0	0
767	767	30000	0	0	147038091	0	0	7	1	135488405	0	0	0
768	768	30000	0	0	147038136	0	0	7	1	135488405	0	0	0
769	769	30000	0	0	147038186	0	0	7	1	135488405	0	0	0
770	770	30000	0	0	147038231	0	0	7	1	135488405	0	0	0
771	771	30000	0	0	147038281	0	0	7	1	135488405	0	0	0
772	772	30000	0	0	147038322	0	0	7	1	135488405	0	0	0
773	773	30000	0	0	147038371	0	0	7	1	135488405	0	0	0
774	774	30000	0	0	147038416	0	0	7	1	135488405	0	0	0
775	775	30000	0	0	147038446	0	0	7	1	135488405	0	0	0
776	776	30000	0	0	147038495	0	0	7	1	135488405	0	0	0
777	777	30000	0	0	147038540	0	0	7	1	135488405	0	0	0
778	778	30000	0	0	147038582	0	0	7	1	135488405	0	0	0
779	779	30000	0	0	147038619	0	0	7	1	135488405	0	0	0
780	780	30000	0	0	147038666	0	0	7	1	135488405	0	0	0
781	781	30000	0	0	147038715	0	0	7	1	135488405	0	0	0
782	782	30000	0	0	147038760	0	0	7	1	135488405	0	0	0
783	783	30000	0	0	147038809	0	0	7	1	135488405	0	0	0
784	784	30000	0	0	147038854	0	0	7	1	135488405	0	0	0
785	785	30000	0	0	147038892	0	0	7	1	135488405	0	0	0
786	786	30000	0	0	147038938	0	0	7	1	135488405	0	0	0
787	787	30000	0	0	147038985	0	0	7	1	135488405	0	0	0
788	788	30000	0	0	147039035	0	0	7	1	135488405	0	0	0
789	789	30000	0	0	147039084	0	0	7	1	135488405	0	0	0
790	790	30000	0	0	147039134	0	0	7	1	135488405	0	0	0
791	791	30000	0	0	147039175	0	0	7	1	135488405	0	0	0
792	792	30000	0	0	147039209	0	0	7	1	135488405	0	0	0
793	793	30000	0	0	147039234	0	0	7	1	135488405	0	0	0
794	794	30000	0	0	147039278	0	0	7	1	135488405	0	0	0
795	795	30000	0	0	147039326	0	0	7	1	135488405	0	0	0
796	796	30000	0	0	147039375	0	0	7	1	135488405	0	0	0
797	797	30000	0	0	147039423	0	0	7	1	135488405	0	0	0
798	798	30000	0	0	147039448	0	0	7	1	135488405	0	0	0
799	799	30000	0	0	147039488	0	0	7	1	135488405	0	0	0
800	800	30000	0	0	147039505	0	0	7	1	135488405	0	0	0
801	801	30000	0	0	147039554	0	0	7	1	135488405	0	0	0
802	802	30000	0	0	147039601	0	0	7	1	135488405	0	0	0
803	803	30000	0	0	147039651	0	0	7	1	135488405	0	0	0
804	804	30000	0	0	147039696	0	0	7	1	135488405	0	0	0
805	805	30000	0	0	147039745	0	0	7	1	135488405	0	0	0
806	806	30000	0	0	147039795	0	0	7	1	135488405	0	0	0
807	807	30000	0	0	147039839	0	0	7	1	135488405	0	0	0
808	808	30000	0	0	147039887	0	0	7	1	135488405	0	0	0
809	809	30000	0	0	147039904	0	0	7	1	135488405	0	0	0
810	810	30000	0	0	147039954	0	0	7	1	135488405	0	0	0
811	811	30000	0	0	147039998	0	0	7	1	135488405	0	0	0
812	812	30000	0	0	147040047	0	0	7	1	135488405	0	0	0
813	813	30000	0	0	147040093	0	0	7	1	135488405	0	0	0
814	814	30000	0	0	147040120	0	0	7	1	135488405	0	0	0
815	815	30000	0	0	147040165	0	0	7	1	135488405	0	0	0
816	816	30000	0	0	147040215	0	0	7	1	135488405	0	0	0
817	817	30000	0	0	147040262	0	0	7	1	135488405	0	0	0
818	818	30000	0	0	147040299	0	0	7	1	135488405	0	0	0
819	819	30000	0	0	147040348	0	0	7	1	135488405	0	0	0
820	820	30000	0	0	147040398	0	0	7	1	135488405	0	0	0
821	821	30000	0	0	147040441	0	0	7	1	135488405	0	0	0
822	822	30000	0	0	147040462	0	0	7	1	135488405	0	0	0
823	823	30000	0	0	147040511	0	0	7	1	135488405	0	0	0
824	824	30000	0	0	147040527	0	0	7	1	135488405	0	0	0
825	825	30000	0	0	147040552	0	0	7	1	135488405	0	0	0
826	826	30000	0	0	147040575	0	0	7	1	135488405	0	0	0
827	827	30000	0	0	147040616	0	0	7	1	135488405	0	0	0
828	828	30000	0	0	147040646	0	0	7	1	135488405	0	0	0
829	829	30000	0	0	147040676	0	0	7	1	135488405	0	0	0
830	830	30000	0	0	147040725	0	0	7	1	135488405	0	0	0
831	831	30000	0	0	147040767	0	0	7	1	135488405	0	0	0
832	832	30000	0	0	147040812	0	0	7	1	135488405	0	0	0
833	833	30000	0	0	147040856	0	0	7	1	135488405	0	0	0
834	834	30000	0	0	147040903	0	0	7	1	135488405	0	0	0
835	835	30000	0	0	147040950	0	0	7	1	135488405	0	0	0
836	836	30000	0	0	147040980	0	0	7	1	135488405	0	0	0
837	837	30000	0	0	147041028	0	0	7	1	135488405	0	0	0
838	838	0	0	0	147041059	1	0	7	1	135488405	0	0	0
839	839	0	0	0	147041106	1	0	7	1	135488405	0	0	0
840	840	0	0	0	147041134	1	0	7	1	135488405	0	0	0
841	841	0	0	0	147041168	1	0	7	1	135488405	0	0	0
842	842	0	0	0	147041199	1	0	7	1	135488405	0	0	0
843	843	0	0	0	147041229	1	0	7	1	135488405	0	0	0
844	844	0	0	0	147041268	1	0	7	1	135488405	0	0	0
845	845	0	0	0	147041309	1	0	7	1	135488405	0	0	0
846	846	0	0	0	147041346	1	0	8	4	135491005	0	0	0
847	847	0	0	0	147041391	1	0	8	4	135491005	0	0	0
848	0	0	0	0	147041431	0	0	1	4	135491005	0	0	0
849	0	0	0	0	147041452	0	0	1	4	135491005	0	0	0
850	0	0	0	0	147041501	0	0	1	4	135491005	0	0	0
851	851	0	97	0	147041507	0	0	8	1	135490909	0	0	6
852	0	0	0	0	147041530	0	0	1	4	135491005	0	0	0
853	853	0	0	0	147041563	1	0	1	1	135491005	0	0	0
854	0	0	0	0	147041613	0	0	1	4	135491005	0	0	0
855	0	0	0	0	147041619	0	0	1	4	135491005	0	0	0
856	0	0	0	0	147041625	0	0	1	4	135491005	0	0	0
857	0	0	0	0	147041631	0	0	1	4	135491005	0	0	0
858	858	0	0	0	147041637	1	0	1	1	135491065	0	0	0
859	0	0	0	0	147041680	0	0	1	4	135491005	0	0	0
860	860	0	0	0	147041686	1	0	8	4	135491005	0	0	0
861	861	0	0	0	147041730	1	0	8	4	135491005	0	0	0
862	0	0	0	0	147041780	0	0	1	4	135491005	0	0	0
863	863	0	0	0	147041786	1	1	8	2	135491005	0	0	0
864	864	0	0	0	147041819	1	1	8	2	135484745	0	0	0
865	865	0	0	0	147041858	1	1	8	2	135484745	0	0	1
866	866	0	0	0	147041898	1	1	8	2	135485197	0	0	0
867	867	0	0	0	147041946	1	1	8	2	135485197	0	0	1
868	868	0	0	0	147041985	1	1	8	2	135485197	0	0	2
869	869	0	0	0	147042018	1	1	8	2	135485313	0	0	0
870	870	0	0	0	147042061	1	1	8	4	135487381	0	0	0
871	871	0	0	0	147042099	1	1	8	2	135491005	0	0	0
872	872	0	0	0	147042142	1	1	8	4	135491005	0	0	0
873	873	0	0	0	147042173	1	1	8	4	135491005	0	0	0
874	0	0	0	0	147042200	0	0	1	4	135491005	0	0	0
875	875	0	0	0	147042206	1	0	8	4	135487269	0	0	0
876	876	0	0	0	147042255	1	1	8	4	135487397	0	0	0
877	877	0	0	0	147042297	1	0	8	2	135487693	0	0	0
878	0	0	0	0	147042340	0	0	1	4	135491005	0	0	0
879	879	0	0	0	147042346	1	1	8	3	135487069	0	0	0
880	880	0	0	0	147042394	1	0	8	4	135491005	0	0	0
881	881	0	0	0	147042428	1	0	8	4	135491005	0	0	0
882	882	0	0	0	147042473	1	1	8	4	135491005	0	0	0
883	883	0	0	0	147042506	1	1	8	2	135491005	0	0	0
884	884	0	0	0	147042544	1	0	8	4	135491005	0	0	0
885	885	0	0	0	147042565	1	0	8	4	135491005	0	0	1
886	886	0	0	0	147042592	1	1	8	4	135491005	0	0	0
887	887	0	0	0	147042623	1	1	8	4	135491005	0	0	0
888	888	0	0	0	147042656	1	1	8	4	135491005	0	0	0
889	889	0	0	0	147042702	2	0	8	4	135491005	0	0	0
890	890	0	0	0	147042727	2	0	8	4	135491005	0	0	0
891	891	0	0	0	147042767	1	0	8	4	135491005	0	0	0
892	892	0	0	0	147042807	1	0	8	4	135491005	0	0	0
893	893	0	0	0	147042856	1	0	8	4	135491005	0	0	0
894	894	0	0	0	147042897	1	0	8	4	135491005	0	0	0
895	895	0	0	0	147042930	1	0	8	4	135491005	0	0	0
896	896	0	0	0	147042959	1	0	8	4	135491005	0	0	0
897	897	0	0	0	147042988	1	0	8	4	135491005	0	0	0
898	898	0	0	0	147043017	1	0	8	4	135491005	0	0	0
899	899	0	0	0	147043046	1	0	8	4	135491005	0	0	0
900	900	0	0	0	147043076	1	1	8	4	135491005	0	0	0
901	901	0	0	0	147043118	1	0	8	4	135491005	0	0	0
902	902	0	0	0	147043157	2	0	8	4	135491005	0	0	0
903	903	0	0	0	147043207	1	0	8	4	135491005	0	0	0
904	904	0	0	0	147043245	1	0	8	4	135491005	0	0	0
905	905	0	0	0	147043289	1	0	8	4	135491005	0	0	0
906	906	0	0	0	147043318	1	0	8	4	135491005	0	0	0
907	907	0	0	0	147043347	1	0	8	4	135491005	0	0	0
908	908	0	0	0	147043381	1	0	8	4	135491005	0	0	0
909	909	0	0	0	147043430	1	1	8	4	135491005	0	0	0
910	910	0	0	0	147043475	1	1	8	4	135491005	0	0	0
911	911	0	0	0	147043517	1	1	8	4	135491005	0	0	0
912	912	0	0	0	147043555	1	1	8	4	135491005	0	0	0
913	913	0	0	0	147043592	1	1	8	4	135491005	0	0	0
914	914	0	0	0	147043629	0	0	1	4	135491005	0	0	0
915	915	9800	0	0	147043662	0	0	1	1	135489493	0	0	0
916	916	9800	0	0	147043683	0	0	1	1	135489493	0	0	0
917	917	9800	0	0	147043704	0	0	1	1	135489493	0	0	0
918	918	12000	186	0	147043725	0	0	4	4	135491005	0	0	0
919	919	12000	187	0	147043757	0	0	6	4	135491005	0	0	0
920	920	12000	188	0	147043787	0	0	6	4	135491005	0	0	0
921	921	10000	0	0	147043835	0	0	1	1	135488013	0	0	0
922	0	0	145	0	147043885	0	0	8	4	135491005	0	0	0
