1	40	0	100	35	0	0	0	51	0	100
2	50	1	100	25	0	0	0	115	0	100
3	15	0	85	10	0	0	0	51	0	100
4	18	0	85	15	0	0	0	307	0	100
5	80	0	85	20	0	0	0	307	0	160
6	40	0	100	20	100	0	0	50	0	100
7	75	10	100	15	10	0	0	787	0	140
8	75	15	100	15	10	0	0	787	0	140
9	75	13	100	15	10	0	0	787	0	140
10	40	0	100	35	0	0	0	51	0	100
11	55	0	100	30	0	0	0	51	0	100
12	170	0	90	5	0	0	0	51	0	180
13	130	0	100	10	0	8	0	114	1	160
14	0	0	0	20	0	16	0	8	2	256
15	65	6	95	30	50	0	0	51	0	135
16	40	2	100	35	0	0	0	50	1	100
17	60	2	100	35	0	0	0	51	0	120
18	0	0	0	20	0	0	-6	20	2	3072
19	90	2	95	15	0	0	0	51	0	175
20	15	0	85	20	100	0	0	51	0	100
21	80	0	75	20	0	0	0	51	0	160
22	45	12	100	25	0	0	0	51	0	100
23	65	0	100	20	30	0	0	8723	0	120
24	30	1	100	30	0	0	0	51	0	100
25	120	0	75	5	0	0	0	51	0	190
26	100	1	95	10	0	0	0	179	0	180
27	60	1	85	15	30	0	0	531	0	120
28	0	4	100	15	0	0	0	22	2	3584
29	70	0	100	15	30	0	0	531	0	140
30	65	0	100	25	0	0	0	51	0	120
31	15	0	85	20	0	0	0	51	0	100
32	150	0	90	5	0	0	0	179	0	200
33	40	0	100	35	0	0	0	51	0	100
34	85	0	100	15	30	0	0	8723	0	160
35	15	0	90	20	100	0	0	51	0	100
36	90	0	85	20	0	0	0	179	0	175
37	120	0	100	10	100	4	0	51	0	190
38	120	0	100	15	0	0	0	179	0	190
39	0	0	100	30	0	8	0	22	2	2048
40	15	3	100	35	30	0	0	530	0	100
41	40	6	100	20	20	0	0	530	0	100
42	25	6	95	20	0	0	0	50	0	100
43	0	0	100	30	0	8	0	22	2	2048
44	60	17	100	25	30	0	0	1555	0	120
45	0	0	100	40	0	8	0	22	2	2304
46	0	0	0	20	0	0	-6	20	2	2304
47	0	0	55	15	0	0	0	22	2	2560
48	0	0	55	20	0	0	0	22	2	2560
49	1	0	90	20	0	0	0	50	1	100
50	0	0	100	20	0	0	0	22	2	256
51	40	3	100	30	10	8	0	530	1	100
52	40	10	100	25	10	0	0	530	1	100
53	95	10	100	15	10	0	0	530	1	175
54	0	15	0	30	0	16	0	8	2	1536
55	40	11	100	25	0	0	0	50	1	100
56	120	11	80	5	0	0	0	50	1	185
57	90	11	100	15	0	32	0	32818	1	175
58	95	15	100	10	10	0	0	530	1	175
59	120	15	70	5	10	8	0	530	1	185
60	65	14	100	20	10	0	0	530	1	120
61	65	11	100	20	10	0	0	530	1	120
62	65	15	100	20	10	0	0	530	1	120
63	160	0	90	5	0	0	0	50	1	200
64	35	2	100	35	0	0	0	51	0	100
65	80	2	100	20	0	0	0	51	0	160
66	80	1	80	20	0	0	0	179	0	160
67	1	1	100	20	0	0	0	51	0	100
68	1	1	100	20	0	1	-5	3	0	100
69	1	1	100	20	0	0	0	51	0	100
70	85	5	85	15	0	0	0	51	0	160
71	30	12	100	25	0	0	0	18	1	100
72	50	12	100	15	0	0	0	18	1	120
73	0	12	90	10	0	0	0	22	2	256
74	0	0	0	20	0	16	0	8	2	2816
75	55	12	95	25	0	8	0	114	0	100
76	120	12	100	10	0	0	0	50	1	190
77	0	3	75	35	0	0	0	22	2	2304
78	0	12	75	30	0	0	0	22	2	3072
79	0	12	75	15	0	0	0	22	2	2560
80	120	12	100	10	100	4	0	51	1	190
81	0	6	95	40	0	8	0	22	2	2560
82	70	16	100	10	20	0	0	50	0	150
83	35	10	85	15	100	0	0	50	1	100
84	40	13	100	30	10	0	0	530	1	100
85	95	13	100	15	10	0	0	530	1	175
86	0	13	90	20	0	0	0	22	2	3072
87	110	13	70	10	30	0	0	530	1	185
88	50	5	90	15	0	0	0	50	0	100
89	100	4	100	10	0	32	0	16434	0	180
90	130	4	90	5	100	0	0	50	0	180
91	80	4	100	10	0	0	0	51	0	160
92	0	3	90	10	100	0	0	22	2	2304
93	50	14	100	25	10	0	0	530	1	100
94	90	14	100	10	10	0	0	530	1	175
95	0	14	60	20	0	0	0	22	2	2560
96	0	14	0	40	0	16	0	8	2	2048
97	0	14	0	30	0	16	0	8	2	256
98	40	0	100	30	0	0	1	51	0	100
99	20	0	100	20	0	0	0	51	0	100
100	0	14	0	20	0	16	-6	0	2	1536
101	1	7	100	15	0	0	0	50	1	100
102	0	0	0	10	0	0	0	2	2	3328
103	0	0	85	40	0	0	0	22	2	2048
104	0	0	0	15	0	16	0	8	2	256
105	0	0	0	10	0	16	0	8	2	256
106	0	0	0	30	0	16	0	8	2	2304
107	0	0	0	10	0	16	0	8	2	256
108	0	0	100	20	0	0	0	22	2	3584
109	0	7	100	10	0	0	0	22	2	2816
110	0	11	0	40	0	16	0	8	2	2304
111	0	0	0	40	0	16	0	8	2	3328
112	0	14	0	20	0	16	0	8	2	256
113	0	14	0	30	0	16	0	8	2	3072
114	0	15	0	30	0	272	0	2	2	1536
115	0	14	0	20	0	16	0	8	2	2304
116	0	0	0	30	0	16	0	8	2	3328
117	1	0	0	10	0	16	1	35	0	100
118	0	0	0	10	0	1	0	0	2	0
119	0	2	0	20	0	1	0	0	2	3840
120	200	0	100	5	0	32	0	50	0	200
121	100	0	75	10	0	0	0	50	0	180
122	30	7	100	30	30	0	0	531	0	100
123	30	3	70	20	40	0	0	530	1	100
124	65	3	100	20	30	0	0	530	1	120
125	65	4	85	20	10	0	0	530	0	120
126	120	10	85	5	10	0	0	530	1	185
127	80	11	100	15	20	0	0	531	0	160
128	35	11	85	15	100	0	0	51	0	100
129	75	0	0	20	0	8	0	50	1	120
130	130	0	100	10	0	0	0	51	0	195
131	20	0	100	15	0	0	0	50	0	100
132	10	0	100	35	10	0	0	531	0	100
133	0	14	0	20	0	16	0	8	2	256
134	0	14	80	15	0	0	0	22	2	3584
135	0	0	100	10	0	16	0	24	2	256
136	130	1	90	10	0	0	0	179	0	195
137	0	0	100	30	0	0	0	22	2	3072
138	100	14	100	15	0	0	0	18	1	180
139	0	3	90	40	0	8	0	22	2	2304
140	15	0	85	20	0	0	0	50	0	100
141	80	6	100	10	0	0	0	19	0	160
142	0	0	75	10	0	0	0	22	2	2560
143	140	2	90	5	30	0	0	530	0	200
144	0	0	0	10	0	0	0	0	2	1536
145	40	11	100	30	10	8	0	530	1	100
146	70	0	100	10	20	0	0	787	0	140
147	0	12	100	15	0	0	0	22	2	256
148	50	13	100	20	0	0	0	22	1	3584
149	1	14	100	15	0	0	0	50	1	100
150	0	0	0	40	0	16	0	0	2	5632
151	0	3	0	20	0	16	0	8	2	256
152	100	11	90	10	0	0	0	115	0	180
153	250	0	100	5	0	32	0	50	0	200
154	18	0	80	15	0	0	0	51	0	100
155	50	4	90	10	0	0	0	50	0	100
156	0	14	0	10	0	16	0	8	2	256
157	75	5	90	10	30	8	0	530	0	140
158	80	0	90	15	10	0	0	1555	0	160
159	0	0	0	30	0	16	0	8	2	2048
160	0	0	0	30	0	16	0	8	2	512
161	90	0	100	10	20	0	0	530	1	160
162	1	0	90	10	0	0	0	19	0	100
163	70	0	100	20	0	0	0	115	0	140
164	0	0	0	10	0	16	0	8	2	256
165	50	0	0	1	0	0	0	35	0	100
166	0	0	0	1	0	0	0	0	2	512
167	5	1	90	10	0	0	0	51	0	100
168	60	17	100	25	100	0	0	19	0	120
169	0	6	0	10	0	0	0	20	2	2304
170	0	0	0	5	0	0	0	18	2	2816
171	0	7	100	15	0	0	0	18	2	2816
172	60	10	100	25	10	0	0	531	0	120
173	50	0	100	15	30	0	0	530	1	100
174	0	7	0	10	0	0	0	0	2	1280
175	1	0	100	15	0	0	0	51	0	160
176	0	0	0	30	0	16	0	0	2	1536
177	115	2	90	10	0	0	0	114	1	180
178	0	12	100	40	0	8	0	22	2	256
179	1	1	100	15	0	0	0	51	0	160
180	0	7	100	10	0	0	0	22	2	1536
181	40	15	100	25	10	8	0	530	1	100
182	0	0	0	10	0	16	4	0	2	256
183	40	1	100	30	0	0	1	307	0	100
184	0	0	100	10	0	0	0	22	2	2560
185	60	17	0	20	0	0	0	51	0	120
186	0	18	75	10	0	0	0	22	2	2816
187	0	0	0	10	0	16	0	8	2	1536
188	90	3	100	10	30	0	0	530	1	175
189	30	4	100	10	100	0	0	530	0	110
190	100	11	100	10	50	0	0	2578	1	170
191	0	4	0	20	0	64	0	4	2	2304
192	120	13	50	5	100	0	0	530	1	190
193	0	0	0	40	0	0	0	22	2	768
194	0	7	0	5	0	16	0	0	2	1024
195	0	0	0	5	0	272	0	0	2	256
196	55	15	95	15	100	8	0	530	1	100
197	0	1	0	5	0	16	4	0	2	3584
198	25	4	90	10	0	0	0	50	0	100
199	0	0	0	5	0	0	0	18	2	2560
200	120	16	100	10	100	4	0	51	0	190
201	0	5	0	10	0	272	0	0	2	2560
202	75	12	100	10	0	0	0	18	1	140
203	0	0	0	10	0	16	4	0	2	256
204	0	18	100	20	0	0	0	22	2	2304
205	30	5	90	20	0	0	0	51	0	100
206	40	0	100	40	0	0	0	51	0	100
207	0	0	85	15	100	0	0	22	2	256
208	0	0	0	10	0	16	0	10	2	256
209	65	13	100	20	30	0	0	531	0	120
210	40	6	95	20	0	0	0	51	0	100
211	70	8	90	25	10	0	0	563	0	140
212	0	0	0	5	0	0	0	20	2	3072
213	0	0	100	15	0	0	0	22	2	256
214	0	0	0	10	0	1	0	0	2	768
215	0	0	0	5	0	16	0	8	2	1536
216	1	0	100	20	0	0	0	51	0	160
217	1	0	90	15	0	0	0	18	0	100
218	1	0	100	20	0	0	0	51	0	160
219	0	0	0	25	0	16	0	8	2	2560
220	0	0	0	20	0	0	0	18	2	2304
221	100	10	95	5	50	0	0	530	0	180
222	1	4	100	30	0	32	0	16434	0	140
223	100	1	50	5	100	0	0	787	0	180
224	120	6	85	10	0	0	0	51	0	190
225	60	16	100	20	30	0	0	562	1	120
226	0	0	0	40	0	16	0	0	2	256
227	0	0	100	5	0	0	0	22	2	2560
228	40	17	100	20	0	0	0	19	0	100
229	50	0	100	40	0	0	0	51	0	100
230	0	0	100	20	0	8	0	22	2	3328
231	100	8	75	15	30	0	0	531	0	180
232	50	8	95	35	10	0	0	531	0	100
233	70	1	0	10	0	0	-1	51	0	140
234	0	0	0	5	0	16	0	8	2	256
235	0	12	0	5	0	16	0	8	2	256
236	0	18	0	5	0	16	0	8	2	256
237	60	0	100	15	0	0	0	50	1	120
238	100	1	80	5	0	0	0	115	0	180
239	40	16	100	20	20	8	0	530	1	100
240	0	11	0	5	0	272	0	0	2	2560
241	0	10	0	5	0	272	0	0	2	2560
242	80	17	100	15	20	0	0	1555	0	160
243	1	14	100	20	0	1	-5	2	1	100
244	0	0	0	10	0	0	0	0	2	1536
245	80	0	100	5	0	0	2	51	0	160
246	75	5	100	5	10	0	0	530	1	120
247	80	7	100	15	20	0	0	530	1	160
248	120	14	100	10	0	0	0	0	1	190
249	65	1	95	15	50	0	0	531	0	135
250	35	11	85	15	100	0	0	32818	1	100
251	1	17	100	10	0	0	0	50	0	100
252	40	0	100	10	100	0	3	531	0	100
253	90	0	100	10	100	4	0	50	1	175
254	0	0	0	20	0	16	0	8	2	1536
255	1	0	100	10	0	0	0	34	1	180
256	0	0	0	10	0	16	0	8	2	256
257	95	10	90	10	10	8	0	530	1	175
258	0	15	0	10	0	272	0	2	2	2560
259	0	17	100	15	0	0	0	22	2	2304
260	0	17	100	15	0	0	0	22	2	3072
261	0	10	85	15	0	0	0	22	2	2048
262	0	17	100	10	0	0	0	18	2	1792
263	70	0	100	20	0	0	0	19	0	140
264	150	1	100	20	0	0	-3	259	0	200
265	70	0	100	10	0	0	0	19	0	140
266	0	0	100	20	0	16	2	0	2	256
267	0	0	0	20	0	1	0	0	2	0
268	0	13	100	20	0	16	0	8	2	3072
269	0	17	100	20	0	0	0	22	2	2048
270	0	0	100	20	0	128	5	0	2	256
271	0	14	100	10	0	0	0	18	2	4352
272	0	14	0	10	0	0	0	0	2	2560
273	0	0	0	10	0	16	0	8	2	3072
274	0	0	100	20	0	1	0	0	2	0
275	0	12	100	20	0	16	0	8	2	3072
276	120	1	100	5	0	0	0	19	0	190
277	0	14	100	15	0	1	4	0	2	4864
278	0	0	100	10	0	16	0	8	2	4352
279	60	1	100	10	0	0	-4	51	0	120
280	75	1	100	15	0	0	0	51	0	140
281	0	0	0	10	0	0	0	22	2	2560
282	65	17	100	20	100	0	0	19	0	120
283	1	0	100	5	0	0	0	51	0	160
284	150	10	100	5	0	8	0	50	1	200
285	0	14	0	10	0	0	0	18	2	2560
286	0	14	100	10	0	16	0	10	2	4864
287	0	0	100	20	0	16	0	8	2	1536
288	0	7	100	5	0	16	0	18	2	1024
289	0	17	100	10	0	1	4	16	2	4352
290	70	0	100	20	30	0	0	530	0	140
291	110	11	100	10	0	0	0	49	1	200
292	25	1	100	20	0	0	0	51	0	100
293	0	0	100	20	0	16	0	8	2	3584
294	0	6	0	20	0	16	0	8	2	256
295	95	14	100	10	50	0	0	530	1	140
296	95	14	100	5	50	0	0	530	1	140
297	0	2	100	15	0	0	0	22	2	2304
298	0	0	100	20	0	32	0	18	2	2816
299	85	10	90	10	10	0	0	595	0	160
300	0	4	100	15	0	272	0	0	2	3072
301	30	15	90	20	0	0	0	51	0	100
302	60	12	100	15	30	0	0	531	0	120
303	0	0	100	10	0	16	0	8	2	256
304	90	0	100	10	0	8	0	18	1	175
305	50	3	100	15	50	0	0	1555	0	100
306	75	0	95	10	50	0	0	531	0	140
307	105	10	95	10	0	0	0	114	1	200
308	105	11	95	10	0	0	0	114	1	170
309	90	8	90	10	20	0	0	819	0	175
310	30	7	100	15	30	0	0	531	0	100
311	50	0	100	10	0	0	0	50	1	160
312	0	12	0	5	0	16	0	8	2	1536
313	0	17	100	20	0	0	0	22	2	2816
314	60	2	95	25	0	8	0	114	1	120
315	140	10	90	5	100	0	0	50	1	195
316	0	0	0	40	0	0	0	22	2	2048
317	60	5	95	15	100	0	0	530	0	120
318	75	6	100	5	10	0	0	562	1	120
319	0	8	85	40	0	0	0	22	2	2816
320	0	12	55	15	0	0	0	22	2	2560
321	0	0	100	20	0	0	0	54	2	2304
322	0	14	0	20	0	16	0	8	2	3072
323	150	11	100	5	0	8	0	18	1	200
324	75	6	100	15	10	0	0	562	1	140
325	60	7	0	20	0	0	0	307	0	120
326	80	14	100	20	10	0	0	530	1	160
327	85	1	90	15	0	0	0	307	0	160
328	35	4	85	15	100	0	0	50	0	100
329	130	15	90	5	100	0	0	50	1	190
330	90	11	85	10	30	8	0	562	1	175
331	25	12	100	30	0	0	0	50	0	100
332	75	2	0	20	0	0	0	51	0	120
333	25	15	100	30	0	0	0	50	0	100
334	0	8	0	15	0	16	0	8	2	256
335	0	0	0	5	0	0	0	20	2	2304
336	0	0	0	40	0	16	0	8	2	2048
337	80	16	100	15	0	0	0	51	0	160
338	105	12	95	10	0	0	0	114	1	180
339	0	1	0	20	0	16	0	8	2	2048
340	85	2	85	5	30	0	0	563	0	160
341	55	4	95	15	100	0	0	562	1	100
342	90	3	100	25	10	0	0	627	0	100
343	60	0	100	25	100	0	0	19	0	120
344	120	13	100	15	10	0	0	691	0	190
345	75	12	0	20	0	0	0	50	1	120
346	0	11	100	15	0	272	0	0	2	3072
347	0	14	0	20	0	16	0	8	2	256
348	90	12	100	15	0	0	0	115	0	175
349	0	16	0	20	0	16	0	8	2	256
350	25	5	90	10	0	0	0	50	0	100
351	75	13	0	20	0	0	0	50	1	120
352	75	11	100	20	20	0	0	2610	1	120
353	145	8	100	5	0	0	0	0	1	200
354	140	14	90	5	100	0	0	50	1	200
355	0	2	0	10	0	16	0	8	2	256
356	0	14	0	5	0	272	0	0	2	2816
357	0	14	0	40	0	0	0	22	2	2816
358	70	1	100	10	100	0	0	51	0	140
359	100	1	90	10	100	0	0	307	0	180
360	1	8	100	5	0	0	0	51	0	160
361	0	14	0	10	0	16	0	8	2	0
362	65	11	100	10	0	0	0	50	1	120
363	1	0	100	15	0	0	0	18	0	160
364	30	0	100	10	100	0	2	16	0	100
365	60	2	100	20	100	0	0	51	0	120
366	0	2	0	15	0	16	0	8	2	768
367	0	0	0	30	0	144	0	0	2	768
368	0	8	100	10	0	1	0	18	0	0
369	70	6	100	20	0	0	0	51	0	140
370	120	1	100	5	100	0	0	51	0	190
371	50	17	100	10	0	0	0	51	0	100
372	60	17	100	10	0	0	0	51	0	120
373	0	17	100	15	0	0	0	22	2	2816
374	1	17	100	10	100	0	0	50	0	100
375	0	14	100	10	0	0	0	18	2	4608
376	0	0	0	5	0	0	0	51	1	0
377	0	14	100	15	0	0	0	22	2	4608
378	0	0	100	5	0	0	0	51	1	0
379	0	14	0	10	0	16	0	8	2	2048
380	0	3	100	10	0	0	0	22	2	2560
381	0	0	0	30	0	16	0	8	2	3584
382	0	0	0	20	0	0	0	2	2	4352
383	0	0	0	20	0	1	0	0	2	3328
384	0	14	0	10	0	0	0	18	2	2560
385	0	14	0	10	0	0	0	18	2	2560
386	60	17	100	5	0	0	0	51	0	120
387	140	0	100	5	0	0	0	51	0	200
388	0	12	100	10	0	0	0	22	2	2560
389	70	17	100	5	0	0	1	51	0	140
390	0	3	0	20	0	64	0	4	2	2304
391	0	14	0	10	0	0	0	2	2	768
392	0	11	0	20	0	16	0	8	2	2304
393	0	13	0	10	0	16	0	8	2	3584
394	120	10	100	15	10	0	0	691	0	190
395	60	1	100	10	30	0	0	563	0	120
396	80	1	0	20	0	0	0	2098	1	160
397	0	5	0	20	0	16	0	8	2	256
398	80	3	100	20	30	0	0	563	0	160
399	80	17	100	15	20	0	0	2578	1	160
400	70	17	100	15	0	0	0	115	0	140
401	90	11	90	10	0	0	0	51	0	175
402	80	12	100	15	0	0	0	50	0	160
403	75	2	95	15	30	0	0	530	1	140
404	80	6	100	15	0	0	0	51	0	160
405	90	6	100	10	10	0	0	562	1	175
406	90	16	100	10	0	0	0	2098	1	160
407	100	16	75	10	20	0	0	8723	0	180
408	80	5	100	20	0	0	0	50	1	160
409	75	1	100	10	0	0	0	307	0	140
410	40	1	100	30	0	0	1	50	1	100
411	120	1	70	5	10	0	0	530	1	190
412	90	12	100	10	10	0	0	530	1	175
413	120	2	100	15	0	0	0	179	0	190
414	90	4	100	10	10	0	0	562	1	175
415	0	17	100	10	0	0	0	18	2	4352
416	170	0	90	5	0	0	0	51	0	200
417	0	17	0	20	0	16	0	8	2	256
418	40	8	100	30	0	0	1	307	0	100
419	60	15	100	10	0	8	-4	51	0	120
420	40	15	100	30	0	0	1	50	0	100
421	70	7	100	15	0	0	0	115	0	140
422	65	13	95	15	10	0	0	1555	0	120
423	65	15	95	15	10	0	0	1555	0	120
424	65	10	95	15	10	0	0	1555	0	120
425	40	7	100	30	0	0	1	51	0	100
426	65	4	85	10	30	0	0	562	1	120
427	70	14	100	20	0	0	0	114	0	140
428	80	14	90	15	20	0	0	531	0	160
429	65	8	85	10	30	0	0	562	1	120
430	80	8	100	10	10	0	0	562	1	160
431	90	0	85	20	20	0	0	563	0	175
432	0	2	0	15	0	0	0	22	2	3328
433	0	14	0	5	0	272	-7	16	2	3328
434	140	16	90	5	100	0	0	50	1	195
435	80	13	100	15	30	32	0	562	1	160
436	80	10	100	15	30	32	0	562	1	160
437	140	12	90	5	100	0	0	50	1	195
438	120	12	85	10	0	0	0	51	0	190
439	165	5	90	5	0	0	0	50	0	200
440	70	3	100	20	10	0	0	627	0	140
441	120	3	80	5	30	0	0	562	0	190
442	80	8	100	15	30	0	0	531	0	160
443	60	8	0	20	0	0	0	50	0	120
444	100	5	80	5	0	0	0	114	0	180
445	0	0	100	20	0	8	0	6	2	4864
446	0	5	0	20	0	64	0	4	2	2304
447	1	12	100	20	0	0	0	51	1	160
448	65	2	100	20	100	0	0	530	1	120
449	100	0	100	10	0	0	0	50	1	180
450	60	6	100	20	100	0	0	51	0	120
451	50	13	90	10	70	0	0	562	1	100
452	120	12	100	15	0	0	0	179	0	190
453	40	11	100	20	0	0	1	51	0	100
454	90	6	100	15	0	0	0	114	0	175
455	0	6	0	10	0	16	0	8	2	2304
456	0	6	0	10	0	16	0	8	2	256
457	150	5	80	5	0	0	0	179	0	200
458	35	0	90	10	0	0	0	51	0	100
459	180	16	95	5	0	0	0	50	1	220
460	115	16	90	10	0	0	0	114	1	180
461	0	14	0	10	0	16	0	8	2	0
462	1	0	100	5	0	0	0	51	0	190
463	120	10	75	5	100	0	0	50	1	180
464	0	17	80	10	0	8	0	22	2	256
465	120	12	85	5	40	0	0	562	1	190
466	60	7	100	5	10	8	0	562	1	120
467	120	7	100	10	0	0	0	49	0	190
468	0	17	0	15	0	16	0	8	2	2048
469	0	5	0	10	0	16	3	8	2	2304
470	0	14	0	10	0	0	0	2	2	2560
471	0	14	0	10	0	0	0	2	2	2560
472	0	14	0	10	0	272	0	16	2	3072
473	80	14	100	10	0	0	0	50	1	160
474	65	3	100	10	0	0	0	50	1	120
475	0	8	0	15	0	16	0	8	2	256
476	0	6	0	20	0	16	2	0	2	256
477	0	14	0	15	0	0	0	22	2	2816
478	0	14	0	10	0	272	0	16	2	3072
479	50	5	100	15	100	0	0	50	0	100
480	60	1	100	10	0	0	0	51	0	120
481	70	10	100	15	100	0	0	50	1	140
482	95	3	100	10	10	32	0	530	1	175
483	0	6	0	20	0	16	0	8	2	256
484	1	8	100	10	0	0	0	8243	0	160
485	120	14	100	10	0	32	0	50	1	190
486	1	13	100	10	0	0	0	50	1	160
487	0	11	100	20	0	0	0	22	2	2816
488	50	10	100	20	100	0	0	563	0	100
489	0	3	0	20	0	16	0	8	2	256
490	65	1	100	20	100	0	0	563	0	120
491	40	3	100	20	100	0	0	562	1	100
492	95	17	100	15	0	0	0	51	0	175
493	0	0	100	15	0	0	0	22	2	2816
494	0	0	100	15	0	0	0	22	2	3072
495	0	0	0	15	0	0	0	0	2	2560
496	60	0	100	15	0	0	0	50	1	120
497	40	0	100	15	0	0	0	50	1	100
498	70	0	100	20	0	0	0	4147	0	140
499	50	3	0	15	100	0	0	50	1	100
500	20	14	100	10	0	0	0	50	1	100
501	0	1	0	15	0	16	3	8	2	2304
502	0	14	0	15	0	16	2	0	2	4352
503	80	11	100	15	30	0	0	562	1	160
504	0	0	0	15	0	16	0	8	2	256
505	0	14	0	10	0	0	0	2054	2	256
506	65	7	100	10	0	0	0	50	1	160
507	60	2	100	10	0	0	0	51	0	120
508	0	8	0	10	0	16	0	8	2	256
509	60	1	90	10	0	0	-6	19	0	120
510	60	10	100	15	100	8	0	50	1	120
511	0	17	100	15	0	0	0	22	2	2560
512	55	2	100	15	0	0	0	51	0	100
513	0	0	0	15	0	0	0	8	2	2816
514	70	0	100	5	0	0	0	51	0	140
515	1	1	100	5	0	0	0	34	1	180
516	0	0	0	15	0	0	0	16	2	4352
517	100	10	50	5	100	0	0	530	1	180
518	80	11	100	10	0	0	0	50	1	160
519	80	10	100	10	0	0	0	50	1	160
520	80	12	100	10	0	0	0	50	1	160
521	70	13	100	20	0	0	0	50	1	140
522	50	6	100	20	100	8	0	530	1	100
523	60	4	100	20	100	32	0	562	0	120
524	60	15	90	10	0	0	0	50	1	120
525	60	16	90	10	0	0	-6	19	0	120
526	0	0	0	30	0	16	0	8	2	2048
527	55	13	95	15	100	8	0	562	1	100
528	90	13	100	15	0	0	0	179	0	175
529	80	4	95	10	0	0	0	115	0	160
530	40	16	90	15	0	0	0	51	0	100
531	60	14	100	25	30	0	0	531	0	120
532	75	12	100	10	0	0	0	19	0	140
533	90	1	100	15	0	0	0	4147	0	175
534	75	11	95	10	50	0	0	531	0	140
535	1	10	100	10	0	0	0	8243	0	160
536	65	12	90	10	50	0	0	562	1	120
537	65	6	100	20	30	0	0	8723	0	120
538	0	12	0	10	0	16	0	8	2	256
539	85	17	95	10	40	0	0	562	1	160
540	100	14	100	10	0	0	0	50	1	180
541	25	0	85	10	0	0	0	51	0	100
542	120	2	70	10	20	0	0	562	1	185
543	130	0	100	15	0	0	0	179	0	190
544	50	8	85	15	0	0	0	51	0	180
545	100	10	100	5	30	32	0	562	1	180
546	120	0	100	10	0	0	0	50	1	190
547	75	0	100	10	10	8	0	530	1	140
548	85	1	100	10	0	0	0	50	1	160
549	65	15	95	10	100	8	0	530	1	120
550	130	13	85	5	20	0	0	563	0	195
551	130	10	85	5	20	0	0	562	1	195
552	80	10	100	10	50	0	0	562	1	160
553	130	15	90	10	10	0	0	562	0	200
554	130	15	90	10	10	0	0	562	1	200
555	55	17	95	15	100	8	0	562	1	100
556	85	15	90	10	30	0	0	530	0	160
557	180	10	95	5	100	0	0	51	0	220
558	100	10	100	5	0	0	0	50	1	180
559	100	13	100	5	0	0	0	50	0	180
560	100	1	95	10	0	0	0	8243	0	170
561	0	1	0	15	0	16	0	8	2	2304
562	120	3	90	10	0	0	0	2	1	190
563	0	4	0	10	0	272	0	0	2	2048
564	0	6	0	20	0	64	0	4	2	2560
565	50	6	100	25	0	0	0	51	0	100
566	90	7	100	10	100	0	0	49	0	175
567	0	7	100	20	0	0	0	18	2	512
568	0	0	100	30	0	0	0	22	2	2304
569	0	13	0	25	0	272	1	0	2	2816
570	65	13	100	20	0	32	0	50	1	120
571	0	12	100	20	0	0	0	18	2	512
572	90	12	100	15	0	32	0	50	0	175
573	70	15	100	20	10	0	0	562	1	140
574	40	18	0	15	0	8	0	50	1	100
575	0	17	100	20	0	0	0	22	2	1792
576	0	17	0	20	0	0	0	22	2	2048
577	50	18	100	10	0	0	0	51	1	100
578	0	18	0	10	0	16	3	0	2	3072
579	0	18	0	10	0	272	0	0	2	2304
580	0	12	0	10	0	272	0	0	2	2304
581	0	18	0	10	0	272	0	0	2	3072
582	0	13	0	20	0	0	0	0	2	2816
583	90	18	90	10	10	0	0	563	0	175
584	40	18	100	30	0	0	0	50	1	100
585	95	18	100	15	30	0	0	562	1	175
586	140	0	100	10	0	32	0	50	1	200
587	0	18	0	10	0	272	0	16	2	2304
588	0	8	0	10	0	16	4	0	2	256
589	0	0	0	20	0	0	0	20	2	2304
590	0	0	0	20	0	0	0	20	2	3072
591	100	5	95	5	50	8	0	562	0	180
592	110	11	95	5	30	0	0	562	1	185
593	80	14	0	5	0	0	0	48	1	160
594	15	11	100	20	0	0	1	50	1	100
595	75	10	100	10	100	0	0	562	1	140
596	0	12	0	10	0	16	4	0	2	2304
597	0	18	0	20	0	128	0	0	2	4864
598	0	13	100	15	0	0	0	22	2	3072
599	0	3	100	20	0	8	0	22	2	2304
600	0	6	100	20	0	0	1	22	2	4864
601	0	18	0	10	0	16	0	0	2	512
602	0	13	0	20	0	16	0	8	2	3072
603	0	0	0	30	0	16	0	0	2	512
604	0	13	0	10	0	272	0	0	2	2560
605	80	18	100	10	0	8	0	50	1	160
606	0	0	0	40	0	16	0	0	2	512
607	0	0	0	40	0	128	0	0	2	512
608	0	18	100	30	0	0	1	22	2	2304
609	20	13	100	20	100	0	0	563	0	100
610	40	0	100	40	0	0	0	51	0	100
611	20	6	100	20	100	0	0	51	1	100
612	40	1	100	20	100	0	0	819	0	100
613	80	2	100	10	0	0	0	50	1	160
614	90	4	100	10	100	8	0	50	0	175
615	90	4	100	10	100	8	0	50	0	175
616	90	4	100	10	0	8	0	50	0	175
617	140	18	90	10	0	0	0	178	1	200
618	120	11	85	10	0	8	0	2098	1	185
619	120	4	85	10	0	8	0	50	0	190
620	120	2	100	5	100	0	0	51	0	190
621	100	17	0	5	100	0	0	48	0	0
622	0	4	0	10	0	16	0	8	2	256
623	90	6	100	10	0	0	2	51	0	175
624	0	3	0	10	0	16	4	0	2	2304
625	80	7	100	10	0	0	0	562	0	160
626	85	17	100	10	0	0	0	4147	0	160
627	90	11	100	10	100	32	0	562	1	175
628	100	15	90	10	100	0	0	307	0	180
629	0	18	0	10	0	0	0	6	2	256
630	95	4	95	10	0	0	0	51	0	175
631	0	12	100	10	0	0	0	22	2	2304
632	125	12	100	10	0	0	0	51	0	190
633	40	12	100	40	0	0	0	50	0	100
634	0	0	0	15	0	0	3	6	2	3072
635	0	3	100	20	0	0	0	22	2	2560
636	0	0	0	30	0	16	0	8	2	2048
637	0	8	0	20	0	16	0	8	2	2816
638	80	17	100	15	0	0	0	563	0	160
639	90	6	100	15	0	0	0	50	1	175
640	80	8	100	20	0	0	0	563	0	160
641	0	14	0	10	0	272	0	0	2	2816
642	80	6	100	15	100	0	0	563	0	160
643	80	10	100	15	100	0	0	563	0	160
644	20	17	100	10	0	0	0	51	0	100
645	130	10	100	5	0	0	0	50	1	195
646	0	14	0	10	0	0	0	18	2	2560
647	75	8	0	10	0	0	0	51	0	155
648	0	3	0	20	0	0	0	6	2	512
649	90	0	100	15	0	0	0	50	1	175
650	100	16	100	10	0	0	0	50	1	140
651	70	12	100	15	100	0	0	563	0	140
652	0	14	0	15	0	0	0	2	2	2816
653	100	2	100	15	0	0	-3	34	0	180
654	110	16	100	5	0	0	0	50	1	185
655	90	16	100	15	0	0	0	51	0	175
656	60	17	100	20	0	32	0	51	0	120
657	0	15	0	20	0	16	0	8	2	2560
658	150	10	100	5	0	8	-3	34	1	200
659	140	18	90	5	100	0	0	50	1	195
660	85	14	100	15	0	0	0	1075	0	140
661	75	4	100	10	0	0	0	51	0	140
662	85	7	100	10	20	0	0	562	0	160
663	40	5	100	20	0	0	1	51	0	100
664	85	11	100	10	20	0	0	563	0	160
665	175	14	100	10	0	0	0	50	1	200
666	90	7	100	10	100	0	0	51	0	175
667	100	8	100	5	0	0	0	51	0	180
668	100	7	100	5	0	0	0	50	1	180
669	0	0	0	20	0	0	0	20	2	2304
670	80	13	100	10	30	0	0	19	0	160
671	1	18	90	10	0	0	0	51	1	100
672	120	0	100	10	0	0	0	51	0	175
673	150	10	100	5	0	32	0	50	1	200
674	100	13	100	15	0	0	0	307	0	180
675	100	14	100	5	0	32	0	50	1	180
676	80	13	100	10	100	0	2	563	0	0
677	90	11	100	15	30	8	0	562	1	0
678	90	2	95	15	30	0	0	531	0	0
679	1	13	0	20	0	0	0	50	1	0
680	60	11	100	20	0	0	0	50	1	0
681	60	13	100	20	100	0	0	50	1	0
682	60	10	100	20	100	0	0	51	0	0
683	80	14	95	15	0	0	0	50	1	0
684	80	17	95	15	0	0	0	50	1	0
685	100	12	90	10	0	0	0	54	0	0
686	100	15	90	10	0	0	0	50	1	0
687	120	18	85	5	0	0	0	50	1	0
688	1	0	0	20	0	0	0	51	0	0
689	60	8	100	5	30	0	0	787	0	120
690	100	16	100	5	0	0	0	34	1	0
691	80	11	100	15	0	0	0	114	1	0
692	80	17	100	10	0	0	0	1075	0	0
693	0	0	0	10	0	16	0	8	2	0
694	0	1	0	5	0	16	0	8	2	0
695	0	5	100	15	0	0	0	22	2	0
696	0	14	100	20	0	0	0	22	2	0
697	50	16	100	10	0	0	0	50	0	0
698	0	0	0	10	0	272	0	0	2	0
699	0	1	100	15	0	0	0	18	2	0
700	85	13	100	10	0	0	0	51	0	0
701	85	11	100	10	0	0	0	1075	0	0
702	0	0	100	10	0	272	0	16	2	0
703	0	16	100	5	0	16	0	8	2	0
704	80	1	100	10	0	0	0	51	0	160
705	0	18	0	15	0	0	0	0	2	0
706	80	12	100	10	100	0	0	562	0	160
707	35	12	100	15	100	0	0	51	0	130
708	120	10	90	5	10	0	0	562	0	190
709	100	8	100	5	0	0	0	51	0	180
710	100	8	100	5	0	0	0	51	0	180
711	110	13	100	10	100	0	0	50	0	185
712	60	16	100	15	100	8	0	563	0	155
713	40	12	100	40	0	0	0	51	0	140
714	80	13	100	10	0	8	0	50	1	160
715	80	12	100	10	100	0	0	562	1	160
716	80	12	100	10	100	0	0	562	0	160
717	75	18	100	15	100	0	0	563	0	155
718	90	18	95	10	20	0	0	562	1	170
719	0	11	0	10	0	16	0	8	2	0
720	0	17	100	10	0	16	4	0	2	0
721	80	17	0	10	0	0	0	51	0	160
722	150	1	100	5	0	0	0	50	0	200
723	150	16	90	5	0	0	0	50	1	200
724	140	8	95	5	0	0	0	50	1	195
725	80	14	100	10	0	0	0	50	1	160
726	130	8	100	5	0	0	0	51	0	190
727	25	16	90	20	100	0	0	50	0	135
728	120	5	90	10	0	0	0	50	1	190
729	90	3	100	10	20	0	0	562	1	170
730	100	18	100	5	0	32	0	50	1	180
731	70	12	100	20	0	0	0	51	0	150
732	70	13	100	20	0	0	0	50	1	150
733	50	0	100	10	0	0	0	2098	1	145
734	70	6	90	10	100	0	0	563	0	150
735	70	10	100	5	100	8	0	562	1	150
736	75	17	100	5	0	0	0	51	0	155
737	110	7	90	5	0	0	0	50	0	185
738	0	3	100	40	0	32	0	22	2	0
739	0	1	0	10	0	128	0	0	2	0
740	60	11	100	20	0	0	0	51	0	155
741	20	15	90	10	0	0	0	51	0	120
742	50	2	90	10	0	0	0	51	0	170
743	70	4	100	10	30	0	0	562	1	150
744	0	12	0	10	0	16	0	0	2	0
745	80	17	100	5	0	0	0	307	0	160
746	25	11	100	5	0	0	0	307	0	135
747	80	13	90	15	100	0	0	50	1	160
748	150	16	100	5	0	8	0	50	1	200
749	90	14	100	10	10	0	0	562	1	170
750	90	17	100	10	20	8	0	530	1	170
751	90	1	100	10	100	0	0	563	0	170
752	130	15	100	5	0	8	0	50	0	190
753	120	7	100	5	0	0	0	50	1	190
754	80	14	100	5	0	0	0	562	1	160
