0	0x0824F3C4
1	0x0824F3D8
2	0x0824F3F2
3	0x0824F40A
4	0x0824F422
5	0x0824F438
6	0x0824F452
7	0x0824F46D
8	0x0824F481
9	0x0824F49D
10	0x0824F4B3
11	0x0824F4CE
12	0x0824F4E5
13	0x0824F4FA
14	0x0824F513
15	0x0824F524
16	0x0824F534
17	0x0824F550
18	0x0824F564
19	0x0824F57E
20	0x0824F596
21	0x0824F5AA
22	0x0824F5C3
23	0x0824F5DC
24	0x0824F5F7
25	0x0824F607
26	0x0824F61F
27	0x0824F63A
28	0x0824F654
29	0x0824F66F
30	0x0824F68B
31	0x0824F6A5
32	0x0824F6BD
33	0x0824F6D5
34	0x0824F6EB
35	0x0824F705
36	0x0824F71F
37	0x0824F737
38	0x0824F746
39	0x0824F75E
40	0x0824F772
41	0x0824F785
42	0x0824F795
43	0x0824F7AF
44	0x0824F7C9
45	0x0824F7E5
46	0x0824F7FA
47	0x082ABE95
48	0x0824F82B
49	0x0824F847
50	0x0824F861
51	0x0824F878
52	0x0824F893
53	0x0824F8AE
54	0x0824F8C1
55	0x0824F8DD
56	0x0824F8F8
57	0x0824F90F
58	0x0824F925
59	0x0824F93A
60	0x0824F954
61	0x0824F969
62	0x0824F985
63	0x0824F99E
64	0x0824F9B8
65	0x0824F9D0
66	0x0824F9EC
67	0x0824FA07
68	0x0824FA23
69	0x0824FA3D
70	0x0824FA55
71	0x0824FA71
72	0x0824FA83
73	0x0824FA93
74	0x0824FAAF
75	0x0824FABE
76	0x0824FAD4
77	0x0824FAEE
78	0x0824F3C4
79	0x08950A60
80	0x08950A80
81	0x08950AA0
82	0x08950AC0
83	0x08950AE0
84	0x08950B00
85	0x08950B20
86	0x0824F68B
87	0x08950B40
88	0x08950B60
89	0x08950B80
90	0x08950BA0
91	0x08950BC0
92	0x08950BE0
93	0x08950C00
94	0x08950C20
95	0x08950C40
96	0x08950C60
97	0x08950C81
98	0x08950C9A
99	0x08950CB7
100	0x08950CDA
101	0x08950CDA
102	0x08950F00
103	0x08950D20
104	0x08950D40
105	0x08950D60
106	0x08950D7C
107	0x08950DA0
108	0x08950DBF
109	0x08950DE0
110	0x08950E00
111	0x08950E20
112	0x08950E40
113	0x08950E60
114	0x08950E80
115	0x08950EA0
116	0x08950EC0
117	0x08950EE0
118	0x089510C0
119	0x089510E0
120	0x08951100
121	0x08951120
122	0x08951140
123	0x0824F5F7
124	0x08951230
125	0x08951250
126	0x08951270
127	0x089512F0
128	0x08951310
129	0x08951330
130	0x0824F513
131	0x089513B0
132	0x089513D0
133	0x08954390
134	0x089543B0
135	0x089543D0
136	0x089543F3
137	0x08954418
138	0x08954440
139	0x0871AE60
140	0x0871AE90
141	0x0871AEB0
142	0x0871AED4
143	0x0871AF00
144	0x0871AF30
145	0x0871AF60
146	0x0871AF90
147	0x0871AFC0
148	0x0871AFF0
149	0x0871B020
150	0x0871B050
151	0x0873FE60
