1	0x08482834
2	0x08482874
3	0x084828BD
4	0x084828FF
5	0x08482946
6	0x08482985
7	0x084829C9
8	0x08482A11
9	0x08482A53
10	0x08482AA0
11	0x08482ACD
12	0x08482B00
13	0x08482B46
14	0x08482B94
15	0x08482BD5
16	0x08482C16
17	0x08482C4F
18	0x08482C89
19	0x08482CD3
20	0x08482D1D
21	0x08482D66
22	0x08482D96
23	0x08482DC8
24	0x08482E08
25	0x08482E45
26	0x08482E83
27	0x08482ECC
28	0x08482F0A
29	0x08482F4C
30	0x08482F8F
31	0x08482FD0
32	0x08483014
33	0x0848305C
34	0x084830A2
35	0x084830EB
36	0x08483130
37	0x08483178
38	0x084831BF
39	0x08483203
40	0x08483249
41	0x0848328B
42	0x084832D2
43	0x08483314
44	0x08483358
45	0x08483397
46	0x084833DC
47	0x08483426
48	0x0848346C
49	0x084834A8
50	0x084834ED
51	0x08483534
52	0x08483580
53	0x084835C2
54	0x08483606
55	0x0848364B
56	0x08483693
57	0x084836D6
58	0x0848371F
59	0x08483760
60	0x084837A1
61	0x084837E3
62	0x0848382A
63	0x0848386D
64	0x084838B3
65	0x084838EA
66	0x08483927
67	0x0848396E
68	0x084839AE
69	0x084839F8
70	0x08483A3A
71	0x08483A82
72	0x08483AC5
73	0x08483B0C
74	0x089216C3
75	0x08483B94
76	0x08483BDA
77	0x08483C22
78	0x08483C5D
79	0x08483C9B
80	0x08483CDB
81	0x08483D24
82	0x08483D6B
83	0x08483DB0
84	0x08483DFE
85	0x08483E3E
86	0x08483E80
87	0x08483EC2
88	0x08483F03
89	0x08483F44
90	0x08483F89
91	0x08483FC7
92	0x0848400F
93	0x08484058
94	0x08484098
95	0x084840DF
96	0x08484123
97	0x08484165
98	0x084841A8
99	0x084841E9
100	0x0848422E
101	0x08484278
102	0x084842C0
103	0x0848430A
104	0x08484353
105	0x08484398
106	0x084843E5
107	0x0848442E
108	0x08484476
109	0x084844B5
110	0x084844F3
111	0x0848453C
112	0x08484580
113	0x084845C5
114	0x08484606
115	0x08484647
116	0x08484689
117	0x084846D3
118	0x08484715
119	0x0848475E
120	0x084847A2
121	0x084847E8
122	0x0848482D
123	0x08484871
124	0x084848B5
125	0x084848F2
126	0x0848493B
127	0x08484986
128	0x084849CA
129	0x08484A15
130	0x08484A57
131	0x08484AA2
132	0x08484AE1
133	0x08484B27
134	0x08484B5B
135	0x08484BA1
136	0x08484BEB
137	0x08484C27
138	0x08484C75
139	0x08484CBB
140	0x08484D01
141	0x08484D42
142	0x08484D85
143	0x08484DCD
144	0x08484E18
145	0x08484E60
146	0x08484EA4
147	0x08484EE5
148	0x08484F20
149	0x08484F6A
150	0x08484FB5
151	0x08484FF8
152	0x0848503F
153	0x0848508B
154	0x084850D4
155	0x08485114
156	0x0848515E
157	0x084851AD
158	0x084851EF
159	0x08485231
160	0x08485277
161	0x084852B8
162	0x08485301
163	0x0848533C
164	0x08485382
165	0x084853BE
166	0x08485405
167	0x08485446
168	0x0848548B
169	0x084854D6
170	0x0848551D
171	0x08485560
172	0x084855AA
173	0x084855E9
174	0x0848562F
175	0x08485679
176	0x084856C1
177	0x0848570C
178	0x08485752
179	0x08485798
180	0x084857DF
181	0x0848581E
182	0x08485857
183	0x084858A1
184	0x084858E2
185	0x08485923
186	0x0848596B
187	0x084859AE
188	0x084859F2
189	0x08485A30
190	0x08485A7A
191	0x08485AC1
192	0x08485B0C
193	0x08485B55
194	0x08485B9C
195	0x08485BDE
196	0x08485C24
197	0x08485C66
198	0x08485CB0
199	0x08485CF0
200	0x08485D30
201	0x08485D77
202	0x08485DC1
203	0x08485E09
204	0x08485E55
205	0x08485EA0
206	0x08485EE1
207	0x08485F24
208	0x08485F6C
209	0x08485FB6
210	0x08485FF5
211	0x0848602B
212	0x08486075
213	0x084860B7
214	0x08486105
215	0x08486145
216	0x08486187
217	0x084861D1
218	0x0848621B
219	0x08486265
220	0x084862AB
221	0x084862F3
222	0x08486330
223	0x08486378
224	0x084863C7
225	0x0848640B
226	0x08486455
227	0x0848649F
228	0x084864E8
229	0x08486532
230	0x08486579
231	0x084865BF
232	0x08486606
233	0x08486651
234	0x08486693
235	0x084866DE
236	0x08486729
237	0x08486774
238	0x084867B7
239	0x084867FB
240	0x0848683A
241	0x0848687C
242	0x084868B8
243	0x084868FE
244	0x08486941
245	0x0848698A
246	0x084869CF
247	0x08486A1B
248	0x08486A62
249	0x08486AA6
250	0x08486AEF
251	0x08486B36
252	0x08486B7E
253	0x08486BC7
254	0x08486C10
255	0x08486C55
256	0x08486C95
257	0x08486CD4
258	0x08486D1C
259	0x08486D64
260	0x08486DB1
261	0x08486DF2
262	0x08486E37
263	0x08486E79
264	0x08486EBE
265	0x08486F04
266	0x08486F50
267	0x08486F96
268	0x08486FD4
269	0x0848865A
270	0x0848705C
271	0x0848709B
272	0x084870DD
273	0x0848711E
274	0x08487163
275	0x084871A1
276	0x084871E9
277	0x08487234
278	0x08487276
279	0x084872AA
280	0x084872F2
281	0x08487338
282	0x08487378
283	0x084873BE
284	0x084873FB
285	0x0848743C
286	0x0848747F
287	0x084874C1
288	0x0848750D
289	0x08487558
290	0x0848759A
291	0x084875E5
292	0x08487628
293	0x0848766B
294	0x084876A7
295	0x084876E6
296	0x0848772D
297	0x08487771
298	0x084877BB
299	0x084877F3
300	0x0848783A
301	0x0848787A
302	0x084878BC
303	0x084878F5
304	0x08487932
305	0x08487976
306	0x084879BC
307	0x08487A07
308	0x08487A53
309	0x08487A9E
310	0x08487AEB
311	0x08487B2F
312	0x08487B71
313	0x08487BBF
314	0x08487BFF
315	0x08487C46
316	0x08487C8B
317	0x08487CD2
318	0x08487D1D
319	0x08487D68
320	0x08487DB0
321	0x08487DEF
322	0x08487E30
323	0x08487E72
324	0x08487EB3
325	0x08487EF6
326	0x08487F35
327	0x08487F76
328	0x08487FB4
329	0x08487FF9
330	0x08488041
331	0x0848808A
332	0x084880D0
333	0x08488111
334	0x08488153
335	0x0848819A
336	0x084881E1
337	0x0848821F
338	0x08488266
339	0x084882B4
340	0x084882FB
341	0x08488341
342	0x08488383
343	0x084883C9
344	0x08488408
345	0x0848844B
346	0x0848848A
347	0x084884C5
348	0x08488507
349	0x0848854F
350	0x08488597
351	0x084885D3
352	0x08488614
353	0x0848865A
354	0x084886A1
355	0x08482834
356	0x08920285
357	0x084841A8
358	0x08920045
359	0x08920090
360	0x084872AA
361	0x089200D3
362	0x0892011E
363	0x08920168
364	0x089201AE
365	0x089201F9
366	0x08488383
367	0x0892023F
368	0x089202CC
369	0x084886A1
370	0x08920320
371	0x0892036D
372	0x089203B5
373	0x08920407
374	0x08920000
375	0x08920455
376	0x0848386D
377	0x0892049E
378	0x089204E4
379	0x08920527
380	0x08920569
381	0x089205AE
382	0x089205EE
383	0x08920637
384	0x08920683
385	0x089206B9
386	0x089206FF
387	0x08920742
388	0x0892078B
389	0x089207D6
390	0x0892081A
391	0x0892085D
392	0x089208AC
393	0x089208FA
394	0x08920932
395	0x08484398
396	0x0892097D
397	0x089209B2
398	0x089209F9
399	0x08920A40
400	0x08920A8C
401	0x08920AD3
402	0x08920B18
403	0x08920B61
404	0x08920BAC
405	0x08920BFD
406	0x08920C49
407	0x08920C99
408	0x08920CE3
409	0x08920D26
410	0x08485DC1
411	0x08920D65
412	0x08920DA2
413	0x08920DE4
414	0x08920EE3
415	0x08920E5F
416	0x08920E9F
417	0x08920F22
418	0x08920F5D
419	0x08920F9B
420	0x08920FE3
421	0x0892102D
422	0x08921076
423	0x08488408
424	0x089210C6
425	0x08921113
426	0x08921162
427	0x08484606
428	0x084886A1
429	0x089211AD
430	0x084872AA
431	0x089211F8
432	0x08921246
433	0x08921294
434	0x089212E5
435	0x08921335
436	0x0892137B
437	0x089213C5
438	0x08921401
439	0x08921445
440	0x0892148E
441	0x08920E26
442	0x089214D5
443	0x089214D5
444	0x084833DC
445	0x084833DC
446	0x08921516
447	0x08921557
448	0x089215A1
449	0x089215EC
450	0x0892179C
451	0x089217DC
452	0x08921633
453	0x0892167B
454	0x0892170C
455	0x08921756
456	0x084842C0
457	0x087448C0
458	0x0892181E
459	0x0892186C
460	0x089218A9
461	0x089218EB
462	0x08921928
463	0x08921971
464	0x089219B6
465	0x08921A03
466	0x08921A4A
467	0x08921A8B
468	0x08921AC4
469	0x08921DC0
470	0x08744910
471	0x08744940
472	0x08744990
473	0x08921BA2
474	0x08921BE7
475	0x08921C2B
476	0x08921C70
477	0x08921D3B
478	0x08921CF1
479	0x08921CAE
480	0x08921D7E
481	0x08921E0C
482	0x08921E55
483	0x08921E9D
484	0x08921F29
485	0x08921EE6
486	0x087449E0
487	0x08744A20
488	0x08744A60
489	0x08744AA0
490	0x08744AE0
491	0x08744B20
492	0x08744B70
493	0x08744BC0
494	0x08484D01
495	0x0848E3D0
496	0x08484D85
497	0x0848E430
498	0x0848E480
499	0x0848E4C0
500	0x0848E510
501	0x0848E560
502	0x08484F20
503	0x0848E5B0
504	0x0848E600
505	0x0848E660
506	0x0848E6B0
507	0x0848E700
508	0x0848E740
509	0x084836D6
510	0x08482CD3
511	0x084851AD
