1	0BF50F7102260226030B0D78012C057F0C1BFE030F0A2102D203790C1B074A0E5B046D0584ADFF
2	0F7103E90870030B0C1B02F40A590E1F0379FE0C1B074A0E5B046D0584AD0B5D0F27058410A1FE0EF104CCADFF
3	0F71087F0544012C10390A2102D203790C1BFE074A0E5B046D0584AD087F0E83046D0584FEA3AEA602AEADFF
4	0F710B2D0D1F0A0A0CCF0142030B0A1602D2FE03790C1B074A0E5B046D0584AD087F0E83FE046D0584A3AEA602AEADFF
5	0F710266093408790892030B0B2D0D1FFE046D058403790C1BADFF
6	0E1F03790C1B030B0BCB0CE60D1E10910E2CFE0742018F074A0E5B046D0584AD1030035C0522FE07D70F2409B903040AC7ADFF
7	0F7102660934057D0ECF030B0B2D0D1F046DFE058403790C1BAD0F7E0BED056E0B4303790C1BFE0E0A0B6B10F50BA910E30CADADFF
8	0F710266093404D40AB3030B0B2D0D1F046DFE058403790C1BAD0F7E0BED056E0B4303790C1BFE0E0A0B6B01B6035810E30CADADFF
9	0F7102660934032E08CA030B0B2D0D1F046DFE058403790C1BAD0F7E0BED056E0B4303790C1BFE0E0A0B6B0923019110E30CADADFF
10	0F7105CC0F600AEB0DA4018503E90870030BFE10D5110B10D403790C1B074A0E5B046D0584ADFF
11	05F403790C1B02B30890020405BB10D0B8FE04620F960BA904CCADFF
12	0F7102D30AC8110B057F05DF02F4030F05BBFE037403790C1B074A0E5B046D0584AD108C0EF1FE099410A1077D056E0F0B058401B10C63ADFF
13	1097100103EA107F0B50B80F880321A30565FE04F5046D058403790C1BAD0B5D0F27058410A1FE0EF104CCADFF
14	058F08A5031F0D020AAB10300DAE0CE20449FE0AB30C0BAD02D304050CE20449110C05A5030BFE046D0584ADFF
15	0F71088002F4057F10D5110B030F0AE91029FE03790C1B074A0E5B046D0584ADFE07C103740E2C0C3C04F30E2C0201ADFF
16	0F710263015105F404960AAB030B080803EAFE0DD20E1F03790C1B074A0E5B046D0584ADFF
17	02D302D3031F102C07B80958086B030B0263FE0151B805F40A9F10E10E1F03790C1B074A0E5BFE046D0584ADFF
18	029503CC03790C1BB80AD81097082205220175FE016307D709660BAD0223AD0B6704C303790C1BFE0D700F000BD8016307D70966B81030035C05F4FE1082072507330C3DADFF
19	0321A2056504F503CC0BAD0CED07E3B8FE0321A3056504F5046D058403790C1BADFE03CC0B250F21107B030B02491065ADFF
20	0BF50F7102260226030B0BCB0CE6057F0CDAFE0935030FB80FE6A5AEA6056504F509D00152FE074603790C1B074A0E5B046D0584ADFF
21	0BF50F7102260226030B0D78012C057F0CDAFE0935030F0C4702D203790C1B074A0E5BFE046D0584ADFF
22	0F710B670D14019B110B01420D4C0B1C039DFE0DDC0226030B0CDA09350C4702D203790C1BFE074A0E5B046D0584ADFF
23	0F7102D3071701E30CA503790C1B074A0E5BFE046D0584AD0F7E0BED056E0BF503790C1BFE0D7D0C98ADFF
24	0F71A3108C07170CE003CC03790C1B074AFE0E5B046D0584AD087F0E83A302AE04620F96FE0BA904CCADFF
25	0BF50278087902D30DA40B10030B10A90CE0FE0CE003CC03790C1B074A0E5B046D0584ADFF
26	0BF5027804490449030B0CDB07E30CE0046DFE058403790C1BAD0B6704C30CE00A661007110CFE05A5056E0C2103040BA904CCADFF
27	0F0B019C0BF50BCB0CE608030C7C0E8810D9B8FE0F0B019C0CE003CC03790C1B074A0E5B046DFE0584AD0F7E0BED056E0BF503790C1B0D7D0C98ADFF
28	0E1F03790C1B08860BAD0A7E0B91110BB802B3FE039D07070314099410A10904ADFF
29	05F40D1F0BCA0278B801871082031F0A860E1FFE03790C1B074A0E5B046D0584AD0F7E0BED056EFE0BF503790C1B0D7D0C98ADFF
30	0F7105CD0B71030B0719046D058403790C1BADFF
31	0F710719057F145502AC0E1F03790C1B074AFE0E5B046D0584AD087F0E83046D0584FEA3AEA602AEADFF
32	0F710E8810D9030B071902AC0B6B03790C1BFE074A0E5B046D0584AD108C0EF1099410A1077DFE056E0F0B058401B10C63ADFF
33	0F71106E04600BCB0CE610E10E1F03790C1BFE074A0E5B046D0584ADFF
34	0F71106E04600BCB0CE60EA210D003790C1BFE074A0E5B046D0584AD0F7E0BED056E0B430379FE0C1B0E0A0B6B0923019110E30CADADFF
35	0BF50F7102260226030B0BCB0CE6057F0CDAFE0935030FB80FE6A5AEA6056504F509D00746FE0C3D03790C1B074A0E5B046D0584ADFF
36	0F24075A0B4B030B0AB30C0B10E10E1F0379FE0C1B074A0E5B046D0584AD110C05A50F02056EFE0C2103040BB70E780BA904CCADFF
37	0FE6A3AEA4056504F509D0B8090C02D2FE0F0B0AB3031F046D058403790C1BAD02D309CCFE0F0B03AF0522110C05A5056E0E0A0B6B0579FE090CADFF
38	0A6F0994031F096510E10E1F03790C1B074AFE0E5B046D0584AD110C05A50F02056E0C210304FE01D60E2C030B0BA904CCADFF
39	07D7010D031F112B0F800EE8055B0D78012CB8FE0F830BF503790C1B0C2D052502D30F32AD056EFE0707031403790C1B030B03C30FA7ADFF
40	05F40F7E0363030B105E02AC0B6B03790C1BFE074A0E5B046D0584AD0F7E0BED056E0B43FE03790C1B0E0A0B6B10A1036310E30CADADFF
41	05F4A30463105E02AC0B6B03790C1BB8087FFE0E83A302AE04620F960BA904CCAD0F7E0BEDFE056E0B4303790C1B0E0A0B6B10A1036310E3FE0CADADFF
42	0E1F03790C1B03A50BC20B71105E074A0E5BFE046D0584AD087F0E83046D0584FEA3AEA602AEADFF
43	0F710DD00870030B0EC40BCF0BF50A9F04CCFE0A1FB802B3039D0707031403790C1B030B03C3FE0FA7ADFF
44	0F7105CD0B71030B0EA90EEE10D003790C1BFE074A0E5B046D0584AD0F7E0BED056E0BF50379FE0C1B0D7D0C98ADFF
45	0B4303790C1B0D0707D7010D030B07220BD7B8FE0F4D07B810D10F3208790BF50A9F0C2D0525B8FE02B3039D0707031403790C1B030B046D0584ADFF
46	0278104305220AD8109702ED03CC037903C0B8FE082205220175016307D709660BAD0223ADFE0B6703790C1B0D700F000BD8016307D70966B8FE1030035C05F41082072507330C3DADFF
47	0B4303790C1B0D070C2B0C0FB809580986030BFE04520BD7B802B3039D0E0A0B6B0C52097710E3FE0CADADFF
48	02B30BCB0CE603A502780CD90C27030B0F44FE01C3B802B3039D0BF503790C1B0579090CADFF
49	05F40267058401C310E10E1F03790C1B074AFE0E5B046D0584AD0195034D056E04620F96FEA3A1030B0BA904CCADFF
50	1120010C03790C1B0E5B0354B8107F0AC90BF5FE0278030B10430C0205F40FE6A5056504F5FE09D00DA403AB0BF50F71ADFF
51	0E1F03790C1B0A440B770F0B10A702AC0184FE09D20B5B053C0F7E05870DB5030B0AD80C84B8FE105510430F7EA2A15B030BFE042F09040BF503790C1B070703140CD903C3ADFF
52	0E1F03790C1B03A50BC20E2C0E58057D0ECFFE074A0E5B046D0584AD0F7E0BED056E0B430379FE0C1B0E0A0B6B10F50BA910E30CADADFF
53	0E1F03790C1B03A50BC208A50ECF074A0E5BFE046D0584AD0F7E0BED056E0B4303790C1B0E0AFE0B6B10F50BA910E30CADADFF
54	0F7101360DB3041C04310BCB0CE6AD0FE6A6FE056504F509D001D6056E0B4303790C1B0707FE0314110C05A5030B09D20879ADFF
55	0E1F03790C1B096508A5031F0A440BC20C51FE08CA074A0E5B046D0584ADFF
56	0E1F03790C1B096508A5031F0A440BC202D3FE08920C5108CA074A0E5B046D0584ADFF
57	0DEA0AAB0CD00CED078E0840FE0DD3079D0E1F0C9C0F7E016307D70966ADFE105510430F0207D70FE6037910300D4AFE0F710F88036E0C51ADFF
58	0E1F03790C1B03A50BC201B6035804AA0C3DFE074A0E5B046D0584AD0F7E0BED056E0B430379FE0C1B0E0A0B6B01B6035810E30CADADFF
59	05F4096508A5030B016603EA0E9204960E1FFE03790C1B074A0E5B046D0584AD0F7E0BED056EFE0B4303790C1B0E0A0B6B01B6035810E30CADADFF
60	0E1F03790C1B03A50BC20BCF0AA1030B04AAFE0E0C074A0E5B046D0584AD0F7E0BED056E0BF5FE03790C1B0579090CADFF
61	0E1F03790C1B096508A5031F0A440BC20A3AFE09A3074A0E5B046D0584AD0F7E0BED056E0707FE031403790C1B030B0C7C036DADFF
62	0E1F03790C1B03A50BC205160B8904AA0C3DFE074A0E5B046D0584AD0F7E0BED056E07070314FE03790C1B030B046D0584ADFF
63	0E1F03790C1B03A50BC20AD808A5030B04AAFE0E0C074A0E5B046D0584AD0DE60F0B056504F5FE110C05A505F40DA403AB035402EDADFF
64	0F7105CD0B71030B1455057F071902AC0E1FFE03790C1B074A0E5B046D0584ADFF
65	0F0B019C0E8810D9B80F0B019C05F405CD1455FE02AC0B6B03790C1B074A0E5B046D0584ADFF
66	05F403790C1B087F0D14110C05A50F0B0AABFE0C470E1F031F097E074A0E5B046D0584AD110CFE05A50F02056E0C2103040BB70E780BA904CCADFF
67	0F7108790CE003790C1B030B0717B80BF50A9FFE0C470300074A0E5B046D0584AD03790C1B0FC9FE10A9B80D6608790FC902D3ADFF
68	02B303790C1B09BD08640C2103040DB50862FE046D0584030B0BA904CC05F40F24A30173FE03B8054604620D140F0B046003790C1BADFF
69	08700F710F4D087905F403790C1B0C4903CCFE02780B25AD04620F9603790C1B04F3110C05A5FE030F05A10E0D0D14030B0BA904CCADFF
70	0BF5027805780BCB08790AB30A1602D20379FE0C1B074A0E5B046D0584ADFE0F160354078E0BEBADFF
71	0DC20B2103790C1B030B0EE103D9074A0E5BFE046D0584AD07D70F240565041E04620F960379FE0C1B0BA904CC030B0F0B014AC2CAADFF
72	0DC20B2103790C1B030B0EE103D9074A0E5BFE046D0584AD07D70F240565041E04620F960379FE0C1B0BA904CC030B0F0B014AC2CAADFF
73	10830B6B05AF0BD810A7110B0522B805F40FE6FE0957056504F50F0B032A0F0B032A0DC20B21FE03790C1B030BC2CAB802B3039D0F710829FE0565041E110C05A5030BC2CAADFF
74	CEDCD900E9E7D9E6B4E700D6E3D8ED00DDE7FEDAE3E6D7D9D800E8E300DBE6E3EBB8FEE6D5DDE7DDE2DB00E8DCD900BBE8E8D5D7DFFED5E2D800CDE4AD00BBE8DF00E7E8D5E8ADFF
75	03CC02780F060A67B80AE9102903790C1B074AFE0E5B046D0584AD0B5D0F27058410A10EF104CCADFF
76	0321A2056504F50C1A059A09340934030BFE0B5504AAB80321A3056504F503A50BC204AAFE0C3D074A0E5B046D0584ADFF
77	0B760278036303DEB802B3039D0B4303790C1BFE0E0A0B6B10A1036310E30CADADFF
78	0B7602780923019103DEB802B3039D0B430379FE0C1B0E0A0B6B0923019110E30CADADFF
79	0B76027802BF097703DEB802B3039D0B430379FE0C1B0E0A0B6B0C52097710E30CADADFF
80	0FE6A3AEA4056504F509D0B80B80091EFE05350149046D058403790C1BAD107F0522110CFE05A5056E0E0A0B6B0579090CADFF
81	0F7107E810A10D2A0278030B0C62021C0B46FE03790C1BB802B3039D02D30405070703140379FE0C1B030B0C7C036DADFF
82	05F403E20A0A030B0267058401C310E10E1FFE03790C1B074A0E5B046D0584AD0195034D056EFE04620F96A5A1030B0BA904CCADFF
83	05F403790C1B081C0FE6058F08A5030B057DFE0ECF0E880D9610A1B80FE6A5AEA60565FE04F509D0074A0E5B046D0584ADFF
84	03A50278032E08CA02AC058F03790C1B074AFE0E5B046D0584AD0F7E0BED056E0B4303790C1BFE0E0A0B6B0923019110E30CADADFF
85	0E1F03790C1B03A502780AD80879032E0584FE074A0E5B046D0584AD0F7E0BED056E0B430379FE0C1B0E0A0B6B0923019110E30CADADFF
86	0E1F03790C1B03A502780D680B75030B032EFE0584B802B3039D0B4303790C1B0E0A0B6B0923FE019110E30CADADFF
87	0E1F03790C1B0A590DE60166084C074A0E5BFE046D0584AD0F7E0BED056E0B4303790C1B0E0AFE0B6B0923019110E30CADADFF
88	09B90AAB0E2C0EBB0BEBB80D1E109103790C1BFE074A0E5B046D0584ADFF
89	08700F71031F1063030B02670584B8046D0584FE110C05A510AD0D6D0C9C0F7E030B016307D7FE0966ADFF
90	0B4303790C1B033B091E0F88031F08A4030BFE08A403EF10A1074A0E5B046D0584AD108C0EF1FE099410A1077D056E0F0B058401B10C63ADFF
91	0321A2056504F511220B6B031F0DE6B8FE0321A3056504F5046D058403790C1BADFE0CD40860035907ED04F3096C0474ADFF
92	0B4303790C1B0E0A0B6B0797036310E30CADADFE0C8910F4056504F5030B0D2E074AB810A10363FE0BA904CC056E100B05BEADFF
93	0E1F03790C1B03A50C700D680B75030B09E4FE0879074A0E5B046D0584AD0F7E0BED056E0BF5FE03790C1B0579090CADFF
94	0E1F03790C1B03A50C700AD802D3030B09E4FE0879074A0E5B046D0584AD0F7E0BED056E0707FE031403790C1B030B0CD903C3ADFF
95	0BE50F240F8303030C520F32030B01140C03B8FE0B4303790C1B0E0A0B6B0C52097710E30CADADFF
96	054A0E5C0BCB0CE60BCC028602430C52030BFE08790892B802B3039D0CE20449110C05A5030BFE046D0584ADFF
97	0B430BCB0CE603C80C6C01A1030A0B030F5DB8FE0F2401A004490C7C0F160354AD02D304050CE2FE0449110C05A5030B0C7C036DADFF
98	0F240EA1084C01D6059B0EC3039F107F0C0BFE0A860E1F03790C1BAD0195034D09D204830DECFE1097046D0584ADFF
99	0B6704C30FE60BF5027810430C0205220C21FE0304046D0584030B053DB8056E0F4203E20A0AFE030B08790892039D0CE20449046D0584ADFF
100	0D0B108A04F30F000BD8016307D709661030FE035C01BD0CD41117AD0F0209D20C550F161092FE0BAD02AE0B2504C5030B016307D7096610A1FE0E4FADFF
101	0E010C0307E401DB05500F5EB8108C04620F96FE03790C1B04F3110C05A5030F05A10E0D0D14FE030B0BA904CCADFF
102	07D70F2405F403790C1B112605220BF50F71FE030B10430C02B80FE61030035C09D001A1024BFE110C05A5030B10430C02ADFF
103	03A5027801D60F77110C10C80E180EF10DACFE0AAB039F0389030B02AC039F0BD7B802B3039DFE02D304050707031403790C1B030B03C30FA7ADFF
104	0D1004C508030C7C0F160354082910971001FE03D90BCBB80B45090C03790C1BB802B3039D0CE2FE04490B9F01990904ADFF
105	0B430B2B0BCB030B0DDC015A057E030A0FE5FE0BD8B80565041E0F0B014AC2CAADFF
106	0B2B0BCB0BF50752B80B430BCB0CE601A10F60B8FE02B3039D0CE20449110C05A5030B03C30FA7ADFF
107	1C600C980BCB0CE60E01030A050B0E2CB802B3FE039D02D304050CE20449110C05A5030B0B9FFE01990904ADFF
108	0E1F03790C1B0A4402780EB5057F09A1107EFE030FB802B3039D0707031403790C1B030B0994FE10A10904ADFF
109	0E010C030AA1049E030B04AAB80B45090C0379FE0C1BAD0BF503790C1B0579090CADFF
110	0C980B6B07D50864016005310BCB0CE6B802B3FE039D0CE20449110C05A5030B03C30FA7ADFF
111	05F40BCB0CE61C600B1C01A10FBEB802B3039DFE0CE20449110C05A5030B03C30FA7ADFF
112	1097100105CC0494030B01971042B802B3039DFE02D304050CE20449110C05A5030B03C30FA7ADFF
113	0FE6A6056504F509D00BF50F710BCF0AA1FE030B0AD6B805E00B7502B303790C1B09BD0C21FE0304030B0CD90C27046D0584030B0BA904CCADFF
114	0BDB0AAB05090DB3B805F410700FE602230BADFE1030035C030B0B2B0CE6016307D70966030BFE09D2087901A105650FB9032AADFF
115	0FE6A6056504F509D00BF50F710BCF0AA1FE030B0AD6B805E00B7502B303790C1B09BD0C21FE0304030B0DB50862046D0584030B0BA904CCADFF
116	0BCC0BCC031F0DC207E80AB3B8059A10A1075BFE0BCFAD110C05A5030B046D0584056E01A1030AFE0B5D0F27058410A10EF104CCADFF
117	0FE6A3056504F509D00B4C0C21046D0584B8FE0C210304030B0BA904CC056EA3017303B8FE0546046203790C1BADFF
118	056003540C1B108902AC058F110C05A5030BFE02D309CAB802B30C9C0F7E030B10430C0210A1FE0B4E0F320BF50278A20460ADFF
119	099903C503790C1B0BF50F71030B10430C02B8FE110C05A50F020BF50F710E0D0D1410430C02ADFF
120	0F4D03A50169101BB8046D0584110C05A510ADFE0D6D0C9C0F7E030B016307D70966AD0BF50F71FE05220E0A0B6B01B10C63ADFF
121	0E1F03790C1B0F7108790D1E109102D302D3FE030B02EE074A0E5B046D0584ADFF
122	0F7102260226030B0BBE0D1FB80CF301A60379FE0C1B074A0E5B046D0584AD0F7E0BED056E0B43FE03790C1B0E0A0B6B0923019110E30CADADFF
123	05F401180FEC030B0A050DB302950E1F0379FE0C1B074A0E5B046D0584AD0F7E0BED056E0B43FE03790C1B0E0A0B6B10A1036310E30CADADFF
124	0F710DA109D60D1E109103790C1B074A0E5BFE046D0584AD0F7E0BED056E0B4303790C1B0E0AFE0B6B10A1036310E30CADADFF
125	0F710C1B10A1030B048F0D1F0A1602D20379FE0C1B074A0E5B046D0584AD0F7E0BED056E0BF5FE03790C1B0D7D0C98ADFF
126	0F7102D3110E0E5910E3030B057D0ECF0BB3FE075103790C1BAD0F7E0BED056E0B4303790C1BFE0E0A0B6B10F50BA910E30CADADFF
127	0F24075A0B4B030B0AB30C0B0A860E1F0379FE0C1BAD0F7E0BED056E0BF503790C1B0D7D0C98ADFE07D70F240A270A1D0A9401D7ADFF
128	0F7103CA022505CC04940AEB05200BF1030BFE017107D5B80FE6A5AEA6056504F509D0FE05BB10D003790C1B074A0E5B046D0584ADFF
129	03A50BC20E520E59030B04AA046D05840379FE0C1BAD046D05840195034D056E099410A1ADFF
130	0321A2056504F501300D1F0C98074A0B25B8FE02B3039D0CE204490DB503C3ADFE0321A3056504F5046D058403790C1BADFF
131	0E1F03790C1B03A50BC20B71105E074A0E5BFE046D0584AD087F0E83046D0584FEA3AEA602AEADFF
132	0F7102850C1B057F0B020CDA030F021C0B46FE074A0E5B046D0584AD0F7E0BED056E07070314FE03790C1B030B0C7C036DADFF
133	05F40D1F09CA0B0707E3B80C5505CF0D6405B2FE09A90C07B802B3039D02D304050CE20449110CFE05A5030B0CD903C3ADFF
134	104E0D4C0CC102590F4D07B810D10F32B802B3FE039D0707031403790C1B030B099410A10904ADFF
135	0565041E110C05A5112602D3C2CA030BFE0F0B014AADFF
136	0D020AAB05220F710DC9043110E103790C1BFE074A0E5B046D0584AD0B6704C310E10A661007FE110C05A5056E0C2103040BA904CCADFF
137	0F71042301DA030B05350D8C0BF503790C1BFE04CC0A1FB802B3039D0B430A9F0E0A0B6B0923FE019110E30CADADFF
138	0256033B10700FE60C5207A5030B03790C1BFE030B0966074A0E5B046D0584AD0565041E0379FE0C1B0C9C0C2103040BA904CC030BFE0F0B014AC2CAADFF
139	05F403630D470C5C0295030403790C1B030BFE08860BADB802B3039D0B4303790C1B0E0A0B6BFE10A1036310E30CADADFF
140	0E1F03790C1B0D1E10910FBE0E590DB50CE6FE074A0E5B046D0584AD087F0E83046D0584FEA3AEA602AEADFF
141	0DC20B210E930F0A046D058403790C1BAD07D7FE0F240565041E04620F9603790C1B0BA904CCFE030B0F0B014AC2CAADFF
142	0C5A0BF0016307D7096609D20483FE0F4D03A5B10B550BF0B2ADFE110C0BCB030B046D058409D20879030F05A1FE030A030402D304050CE20BDBABFF
143	0321A3056504F5046D058403790C1BAD0A19FE03A00BF503790C1B0D7D0C98AD0F020B5D0F27FE058410A10EF104CCADFF
144	01A10BCB024B03790C1B016307D70966030BFE0EE2110BB809D204830BF50F7104F303790C1BFE0D520B2B0E0D0D14030B10430C02ADFF
145	0E1F03790C1B0F71087902950AAB0DA40C42FE0A3A0A3A074A0E5B046D0584AD0F7E0BED056EFE0707031403790C1B030B0C7C036DADFF
146	0F7E072C1118031F02780B2D046D05840379FE0C1BAD0F7E0BED056E0BF503790C1B0579090CADFF
147	0B910B910B91031F0B760934078F0F7E02BFFE09770E3204C3030B16C1110BB802B3039D0B43FE03790C1B0E0A0B6B0C52097710E30CADADFF
148	0BF50F711052056E104D018BFE0C9C0F7E030B04AA0FC0B8FE0BF503790C1B0E0A0B6B0C52097710E30CADADFF
149	03A50BC20BCF0AA1030B09E401C3046D0584FE03790C1BAD1001024B110C0BCB030F05A1FEB95CA1ADA639A2ADA65D030B0BA904CCADFE0DA40C390E5F05BE024B04F307D91097ADFF
150	0F0201D6046D0584108C0C0C0F0B01810F0BFE0181031F0D02B80BEE094C036101D6056E03A5FE0BD8B0B0FF
151	0D1004C50DDC015A030B01A1053C074A0E5BFE0F0A053CB802B3039D02D304050CE20449110CFE05A5030B03C30FA7ADFF
152	0F7102D30AC8110B0ADC02D203790C1B074AFE0E5B046D0584AD0B5D0F27058410A10EF104CCADFF
153	0F4D03A502D30169101BB8046D0584110C05A5FE10AD0D6D0C9C0F7E030B016307D70966AD0BF5FE0F710522110C05A5056E0E0A0B6B01B10C63ADFF
154	0F7110D5110B057F088002F4030F10D40379FE0C1B074A0E5B046D0584AD087F0E83046D0584FEA3AEA602AEADFF
155	0F710C1B10A1030B048F0D1F0D1E10910379FE0C1BB808290565087F0E83A302AE04620F96FE0BA904CCADFF
156	087F0E830C520BADA3056504F5AD0565041EFE110C05A5030B0B2B01DAC2CA0F24059BFE109F0FA80C9C0F7E0F3C022510E30CADADFF
157	05F402D30EBB0BEB096508A5031F10E10E1FFE03790C1B074A0E5B046D0584AD0F7E0BED056EFE0BF503790C1B0D7D0C98ADFF
158	0F7103E90870030B095D0EA908430843031FFE0EEE10D003790C1B074A0E5B046D0584AD0F7EFE0BED056E0BF503790C1B0D7D0C98ADFF
159	100B05BE0BCB0CE6030B0719B801A1030A0857FE085707190719B802B3039D0CE20449110C05A5FE030B046D0584ADFF
160	05F4110C05A5030B0C390E5F10D90548024BFE04F30F210E90056E030B10430C0210A10321FE0F0B046010430C020E0D0D14030B0C390E5FADFF
161	0F71A410A704AA0E0C074A0E5B046D0584ADFE0F7E0BED056E0B4303790C1B0E0A0B6B0923FE0191B810F50BA9057F01B60358030B10E30CADADFF
162	0F7103E90870030B095D0EA9096508A5031FFE0EEE10D003790C1B074A0E5B046D0584AD0379FE0C1B030BC2CA05E0014AADFF
163	0F7110D5110B057F088002F4030F0A5907B8FE03790C1B074A0E5B046D0584AD0B5D0F270584FE10A10EF104CCADFF
164	0E2405E00BB70E78110C05A5030BC2CAB8FE1097100103D90BCBAD03D90BCB05F4024B0D70FE110C05A5030B0CE70BCBADFF
165	02EF110C05A5030BCACA04EA07510BEDB8FE0A0908791068100F046D058403790C1BAD110CFE05A50F02056E0C2103040BB70E780BA904CCADFF
166	05F403790C1B0BF50F71030B10430C0201A1FE024B110C05A5030B10430C02AD0BF50F71A2FE02AE05220E3F0BD80E280BE3ADFF
167	087F0E83A402AE0CE003790C1B074A0E5BFE046D0584AD09570CE010A10F0B02AEB80D660879FE077D056E0CE20449ADFF
168	046D0584030B0D140BED03080B210307078FADFE02EF110C05A50E3A02D80307078F0BEDADFE01D6056E0B2503080B21AD0F990B4BFE0379103007330C3D0BED056E04B10546ADFF
169	05F41A56052C052C030B0DDC0C620F0B0207FE0F0B0207021C10D003790C1BB80BF50A9F01D6FE09D202B31030035C10A10CD41117ADFF
170	0F710E4F043A0C2103790C1B030B0E5B0354B8FE0DE602AE046D05840195034D056E058410A1FE03790C1BADFF
171	0B430FE60C52097710E30CAD0DE6030B0379FE0C1B112E03960966B80957056504F5056E0547FE054705E00BB7C2CAADFF
172	0B43057D0ECF041C04310B2B0BCBB8096510E1FE0E1F03790C1B074A0E5B046D0584AD0F7E0BEDFE056E0B4303790C1B0E0A0B6B10F50BA910E3FE0CADADFF
173	0FE6110C05A50C5207A50BEDB803A502781000FE0F44074A0E5B046D0584AD0F7E0BED056E0BF5FE03790C1B0D7D0C98ADFF
174	0BF50F71042D10430C02030B016307D70966B8FE0A9F0C390E5F0C0C0F7208BC0C390E5F057FFE0A9F0C9E0C390E5F0BEDB80E3204C3056E01D6FE0F0B0EE2ADFF
175	10D408080142090C02D2074A0E5B046D0584ADFE110C05A5030BC2CA0FC90BB7B810430C02FE030B0D6608790FC902D3ADFF
176	0D70089E07D70F24031D07C703790C1B1126FE05220BF50F71030B10430C02B802B3039D0BF5FE110C05A5030B0C390E5F03A50BD801A1053CADFF
177	03A50BC207E30AB30E880D96074A0E5B046DFE0584AD0B5D0F27058410A10EF104CCADFF
178	05F40976053501420B610B6D030B16C1110BFE07460D0303790C1BB802B3039D02D304050707FE031403790C1B030B0C7C036DADFF
179	073107510B2B0879074A0E5B046D0584AD110CFE05A5030BC2CA0FC90BB7B810430C02030BFE0D6608790FC902D3ADFF
180	037903790C1B112605220BF50F71030B1043FE0C0205400F7E0FC5050DB805E00BB7FEA3AEA6CACA042D10430C02ADFF
181	05F401B60859030B0DDC0E9202950E1F0379FE0C1B074A0E5B046D0584AD0F7E0BED056E0B43FE03790C1B0E0A0B6B01B6035810E30CADADFF
182	0D520B2B031D02F003790C1B030B046D0584ADFE087F0E830BF5027810070B5D0F270BE3013BADFF
183	0F240EA1084C01D6059B0EC3039F107F0C0BFE02780B2DAD0195034D09D204830DEC1097046DFE0584ADFF
184	0F7107E401DB030B0886031010F403790C1BB8FE0BF50A9F04CC0A1FB802B3039D02D304050707FE031403790C1B030B0C7C036DADFF
185	0ADD0ADD031F07CD074E03790C1BB802450A9FFE01D60175074A0E5B0A1602D2AD046D05840195FE034D056E099410A1ADFF
186	0E1E0CED0BF5014207D7010D031F0AF00D8DFE03790C1BB802B3039D0BF503790C1B0579090CADFF
187	05F4110C05A5030BC2CA05E00BB70304FE112602D3C2CA030B0F0B014AB802B3039DFE112602D30E0B036D0CE20449110C05A5030BFE046D0584ADFF
188	0F710DA109D60D1E109103790C1B074A0E5BFE046D0584AD0F7E0BED056E0B4303790C1B0E0AFE0B6B10A1036310E30CADADFF
189	0E1F03790C1B030B0886030F0D1E109109D6FE0800074A0E5B046D0584AD056E070703140379FE0C1B030B099410A10904ADFF
190	0E1F03790C1B030B0886030F0A44027809A1FE107E074A0E5B046D0584AD0F7E0BED056E0707FE031403790C1B030B099410A10904ADFF
191	0FE6037903C0030B10AD0D6DFE01D70DE605CD02AC0E0A123BB8FE0F240BA904CC037903C0FE0CE705480B6B0223030B016307D70966ADFF
192	03A50BC202D30A370F0B0EE2030B032E08CAFE074A0E5B046D0584AD0B4303790C1B0E0A0B6BFE0923019110E30CADADFF
193	0D520B2B0DA40C1803790C1B0BE505BE0FE6FE110C0BCB030B0CE20449056501990904030BFE0E3204C3ADFF
194	0B6704C30BF50F71105201B10C63B803790C1BFE0F02056E0F0B0D1401B10C63AD087F0E830BF5FE02781007056E0BE3013BADFF
195	0B050D0704520BD7030B016307D70966075DFE04C5A4056504F50E0A0B6B01B10C63AD0CE7FE054805220E3204C30E280BE3ADFF
196	05F4073301B6030B08590AB302950E1F0379FE0C1B074A0E5B046D0584AD056E070703140379FE0C1B030B0C7C036DADFF
197	0D520B2B031D02F003790C1B030B046D0584ADFE087F0E830BF5027810070B5D0F270BE3013BADFF
198	0F7105CC0F60030B048F0D1F0A1602D20379FE0C1B074A0E5B046D0584AD087F0E83046D0584FEA3AEA602AEADFF
199	07460746098110EB03790C1BB80DE602AE046DFE05840195034D056E02D210A1ADFF
200	0FE6A3AEA4056504F509D0B8090C02D2FE0F0B0AB3031F074A0E5B046D0584AD02D309CCFE0F0B03AF0522110C05A5056E0E0A0B6B0579090CADFF
201	0FE6A6056504F509D00ED80AAB0B910166B8FE027F0EBB0BEBB8031F097E04F304400C390E5FFE0F240D4A030B016307D70966B80361056E0C21FE03040BA904CCADFF
202	0DC20B2103790C1B030B0EE103D9074A0E5BFE046D0584AD07D70F240565041E04620F960379FE0C1B0BA904CC030B0F0B014AC2CAADFF
203	059F0BF50C210304046D0584B80F0210920BB7FE056E08C70DE6A2C2CAAD087F0E830BF5FE027810070B5D0F270BE3013BADFF
204	07D7010D031F09F30C18B80F830BF503790C1BFE0C2D052502D30F32B802B3039D02D304050707FE031403790C1B030B046D0584ADFF
205	0FE6A6056504F509D0087F0E8304BE0354FE046D058403790C1BAD10430C02095702AE0584FE10A1B80D660879077D056E0CE20449ADFF
206	03790C1B030BC2CA10920BB7056E08C7FE0DE6A2C2CAB80B6702AB01420C1B0DE6FE08C70B0B031F046D0584ADFF
207	058F0A0A03790C1BB80BF50A9F0579090CAD0F42FE0D7003E20A0AB803790C1B030B046D0584056EFE02D304050CE20449ADFF
208	0565041E110C05A5112602D3C2CA030BFE0F0B014AADFF
209	0B43032E08CA041C04310B2B0BCBB8096510E1FE0E1F03790C1B074A0E5B046D0584AD0F7E0BEDFE056E0B4303790C1B0E0A0B6B0923019110E3FE0CADADFF
210	0F71088002F4057F10D5110B030F074A0E5BFE046D058403790C1BAD087F0E83058410A1B80D66FE0879077D056E0CE20449ADFF
211	0F7105CC0F60030B026301510ADC02D20379FE0C1B074A0E5B046D0584AD0F7E0BED056E0CE2FE0449110C05A5030B03C30FA7ADFF
212	0F0B1082034710F403790C1B07C2B80BF50A9FFE0DA403AB0CD40A39ADFF
213	B50F830580B6057FB60F830580B5B8FE0B4303790C1B10F4096CADFE03790C1B05F4050B09C70BF5027810430C02ADFE108C03790F3C0E5F016307D709660F7E0E32ADFF
214	02B3110C05A50F210E90056E030B10430C02FE10A10B4E0F320BF50278A20460AD108C09D2FE0FE6110C05A50C5207A50BED0BF50F71ADFF
215	0B430D1401480D070C2B0C0F030B08B80F44B8FE02B3039D109F0FA80D9803C00B2B0FBD030BFE0F3C022510E30CADADFF
216	0D70089E0E9E088A05BD039D0B2B0879046DFE058403790C1BAD0AF00974036D0FC90449B80D66FE08790FC902D3ADFF
217	0324046203790C1B0BC60F7E0B260CD8030BFE04F6110B074A0E5B046D0584AD0F020F7E07D7FE09D20565041E03790C1BC2CAADFF
218	0D7003A50E4401D609340B2B0879046D0584ADFE0AF00974036D0FC903140D6608790FC902D3FE0D705CA3A6A6AE0AF00974036D5DBAA3ADA6B8FE112602D3A2A1A3B811260E2CA2ADFF
219	0FE6A6056504F509D00178FE0BCF0AA1030B087908920C1D0531B802B3039DFE01D6056E0E0A0B6B0F3C022510E30CADADFF
220	05F4110C05A5030BC2CA04F303790C1BFE030BC2CA0E0D05BEB80B3B0522110C05A5FE04F303790C1B0F7F04E9031F0A7803D9ADFF
221	0F710BCF0970030B057D0ECF0BB307510379FE0C1B074A0E5B046D0584AD0F7E0BED056E0B43FE03790C1B0E0A0B6B10F50BA910E30CADADFF
222	055B0354031F097EB8046D0584110C05A510ADFE0D6D0C9C0F7E030B016307D70966AD10430C02FE030B0D660879056E0F7E046110A701A1053CADFF
223	0BF5027805780BCB08790AB302780B2D074AFE0E5B046D0584AD0195034D056E0BF503790C1BFE0579090CADFF
224	0F7105CC0F600AEB0537086B030B0719050CFE050C031F02AC0B6B03790C1B074A0E5B046DFE0584ADFF
225	05F40AD808A5030B0AB30DC602950E1F0379FE0C1B074A0E5B046D0584AD0F7E0BED056E0B43FE03790C1B0E0A0B6B0923019110E30CADADFF
226	04F305220175016307D70966074A0E5B0CE7FE0548AD05480BAD030B016307D7096609D21082FE072505B702520A9F09D20879030B01A1053CADFF
227	0BF503790C1B108C09D203B7041E0F710A9FFE1126074E0F7104C5030B09BD046005A709D2FEA3AEA7056504F5ADFF
228	02EF03790C1B0CE70548016307D709660BADFE02230BED0BF5027802AB10430C02030B053DB8FE09D204830F24A30173030B0D660879074AFE0E5B046D0584ADFF
229	0D1004C50E8810D90829046D058403790C1BADFE054607D70F2401390D3901520746B807460C3DB8FE05AF0BD810A7110B04F30B7608B5030F1043FE0C02ADFF
230	0F710E100AB302D304050707031403790C1BFE030B0B9F01990904AD0F0209D20F710F880DC2FE0F4D0F000BD8030B016307D70966ADFF
231	0BF50F7105CC0F60030B0D78012C0C4702D2FE03790C1B074A0E5B046D0584AD0F7E0BED056EFE0707031403790C1B030B03C30FA7ADFF
232	0F7104400D04107F10D50A5907B803790C1BFE074A0E5B046D0584AD0F7E0BED056E0CE20449FE110C05A5030B046D0584ADFF
233	056E0FE603790C1B107F0522074A0E5B046DFE0584AD02E90C0C110C05A5030B046D05840195FE034D056E099410A1ADFF
234	0565041E110C05A5030BC2CAAD0463078DFE0CED0AB3030B01D60D14B80565041E08920F02FE056E0F7E0C9C01A1053CADFF
235	0565041E110C05A5030BC2CAAD0463078DFE0CED0AB3030B01D60D14B80565041E08920F02FE056E0F7E0C9C01A1053CADFF
236	0565041E110C05A5030BC2CAAD0463078DFE0CED0AB3030B01D60D14B80565041E08920F02FE056E0F7E0C9C01A1053CADFF
237	10430C02030B0C390E5F056EFE0C8910F40BF50F7102AB1043030BFE016307D70966039D042E01A1ADFE07D7078F0F7E0C390E5FFE0F0B109305BE024B0E3204C3ADFF
238	0F7108900C1B024C0BEA110E0A5902D20379FE0C1B074A0E5B046D0584AD0B5D0F27058410A1FE0EF104CCADFF
239	0E560AAB08CD079D03EAB805F403790C1B079DFE0B6B074A0E5B046D0584AD0F7E0BED056E0BF5FE03790C1B0D7D0C98ADFF
240	0FE6A6056504F509D00F0B108207070F98B8FE02B3039D0CE204490C510C390E5F030B1043FE0C020D660879ADFF
241	0FE6A6056504F509D00EDD04AA01A1030AFE0AD808A5B802B3039D0CE20449057D0C390E5FFE030B10430C020D660879ADFF
242	0F2405CD0B7115130EA90EEE0C8C03790C1BADFE105510430F7EA3A15B030BFE042F09040707031403790C1B030B0DB503C3ADFF
243	02B303790C1B09BD08640C2103040CD90C27FE046D0584030B0BA904CC05F40F24A30173FE03B8054604620D140F0B046003790C1BADFF
244	0E1F110C05A50BE50F24110C0D9801140C03B8FE05F409D2087901A1053C030B10E30CAD01A1FE030A04F303790C1B0F0B0EE2ADFF
245	0F240EA1084C01D6059B0EC3039F107F0C0BFE096510E10E1F03790C1B074A0E5B046D0584ADFE0195034D09D204830DEC1097046D0584ADFF
246	0F710FB90C01107F0879074A0E5B046D0584ADFE0F7E0BED056E0CE20449110C05A50C9C0F7EFE030B09D20879ADFF
247	0D1E10910F0B0D2D05090F5E074A0E5B046DFE0584AD0F7E0BED056E0707031403790C1B030BFE0CD903C3ADFF
248	0FE60BF50F7110430C02A3056504F50522B8FE0E1F03790C1B03A50C700F0B0D2D09E40879FE074A0E5B046D0584ADFF
249	0F710B2D0D1F074A0E5B046D0584AD0F7E0BEDFE056E0707031403790C1B030B03C30FA7AD0546FE09D203DE0C8C0E2C0BEB0D1FADFF
250	05F403790C1B081C0FE6058F08A5030B0C51FE08CA0E880D9610A1B80FE6A3AEA6FE056504F509D0074A0E5B046D0584ADFF
251	0D9803C00B2B0FBD074A0E5B046D0584AD0D14FE0E5B030B016307D709660FC90385B810430C02FE030B046D058402AE0C420FC90385ADFF
252	074A0E5B0DEC1097046D0584B80BF503790C1BFE0D7D0C98AD0EF10FE6027802230522087507DAFE0BF5027801E009D2024B046EADFF
253	0FE6A4056504F509D00F710B85090C046DFE058403790C1BAD0FE602AB0A9505CF0C500361FE01D609D20B6B0977ADFF
254	058A0E7908790892B80CE20449110C05A5030BFE03C30FA704F30CD903C3AD11260385058A0E79FEA402AEADFF
255	05F4058A0E79030B0879089210E10E1F0379FE0C1B074A0E5B046D0584AD058A0E79030A0FC9FE0385B80D6608790FC902D3ADFF
256	05F4058A0E79030B087908920D340DE6B802B3FE039D0565041E110C05A5030BC2CAAD058AFE0E79030A0FC90385B80565041E0FC902D3ADFF
257	05F40EC00B48030B0AB30DC602950E1F0379FE0C1B074A0E5B046D0584AD0F7E0BED056E0B43FE03790C1B0E0A0B6B10F50BA910E30CADADFF
258	0FE6A6056504F509D00F0B1082070701B6FE015FB8027F01B60C390E5F030B016307D70966FE0F240D4AB804620F960B2B0CE6016307D70966FE0BA904CCADFF
259	0E1F03790C1B0DA408620B2109CCB8FE08C10A9F01D609D2087F0E83A302AEFE0BF502780E0D0D1410430C02ADFF
260	02950A5203790C1BB80BF50A9F0579090CAD0D14FE0BED0546056E0CE2044903790C1B030B0CD9FE046DADFF
261	03C80278049E0F3C030B057D0ECFB802B3039DFE0B4303790C1B0E0A0B6B10F50BA910E30CADADFF
262	0C870B3B056E0BF5110C05A50E0A0B6B01B1FE0C63B802E90C0C09D2048302D3040507070314FE03790C1B030B046D058404F30CD9046DADFF
263	0BF50F71105202860F8810A10363B809230191B8FE0BB30BA910E30CAD0BEDB8046D058408790CE2FE0BDBADFF
264	0F0B10A70E790AB30522FE0FE502780B2D030B10430C02ADFE0B6704C30C070DEC0C2103040BA904CCB8FE0BF50F711052077D056E027810430BE3013BADFF
265	03790F880923019110E30CAD0DE6030B0379FE0C1BB80D660879056E01A1024BA30173AD02E9FE0E0D03B703790C1B030B092301910F02056EFE0178109F0FA8ADFF
266	0F4D0AAB03790C1B030B10D10F32B805F40379FE0C1B030B046D05840B2B01DA10D90F160304FE110C05A50BCB0BADADFF
267	0463078D0C9C0BF50F7102230C9C030B01D6FE0D14B80BF50278030B10430C020F02056E0F7EFE0C9C01A1053C030B046D0584ADFF
268	0CE204490DE60F0B056504F50BF50278030BFE032E0C390E5F030B10430C020D660879AD110CFE05A5030B0CD903C30F02056E0CE20449ADFF
269	0BF50F7110430C02A3056504F50522B8FE056E0F710DA40C42030704AA0C3DFE046D058403790C1BADFF
270	014E10CB057C01480178014E10CB030B0163FE07D70966B80A9F10430C020D66087901A1030AFE01850A780BED02D3ADFF
271	10D410D003790C1B030B07E30DDAB8070D0548FE110C05A504F303790C1B030B02580F7E0DB5ADFF
272	01460EC603790C1BB80B43110C05A5030B0CD9FE0E5F01A1030A04F303790C1B0E0D0D14ADFF
273	0FE60DE60F0B056504F50565041E110C05A5FE057F0C0C0CE7054802780223030B016307D7FE0966112602D3C2CA030B0F0B014AADFF
274	0E1F0D9803C00746059C0B1510CBB802B30D98FE03C0016307D709660F210E90056E030B1043FE0C0210A10C8905870BF50F71A20460ADFF
275	0FE602D3031F0BAD100F0463B80957056504F5FE0565041E110C05A5030BC2CAAD0F420D70FE100F0463089EB80C9C0F2401D609D20CE70548FE016307D70966ADFF
276	03A50560075A0B4B030B08790892046D0584FE03790C1BAD110C05A5030B046D058404F303C3FE0FA7056E07070314ADFF
277	03B702ED03790C1B03A50278030B056E01A1FE024B0F3C022510E30CAD030B10430C02057FFE05AF0BD810A7110BADFF
278	0B430F21075D0E2804EA033B030B02580F7EFE0DB50FE50BD8B801BD07D70F240FE502AE0BF5FE0F71ADFF
279	0B6704C30C21030403790C1B030B10430C02FE046D0584B8077D09D204620F9603790C1BA3FE0173030B0BA904CCADFF
280	05F40C1B02F4096508A5031F05600DE6046DFE058403790C1BAD054607D70F240A81054204AAFE0AD604F303B70BC20197030FADFF
281	02D2046002D304C60AD00F4D0AAB0C520F32ADFE0FE60DE60F0B056504F50B4303790C1B0E0AFE0B6B0C52097710E30CADADFF
282	0A21091E03790C1B030B02580F7E0DB5B81082FE03041030035C07330C3D036101D609D20BF5FE0F71AD03790C1B0E3A02D80307078F0BED056EFE100B05BE0BA904CCADFF
283	04620F960BA904CCB80BF503790C1B030BC2CAFE01A1030A04F3110C05A5030BC2CA0F0B0EE2ADFF
284	016903A50A0A057D046D058403790C1BAD110CFE05A5030BC2CA0FC90BB7B810430C02030BFE0D6608790FC90E2CADFF
285	08700F71022E09D2087905320548FE110C05A504F303790C1B030B0CD90E5FADFF
286	0B6704C303790C1B0F7E04F3110C05A50E0DFE0D14030B10430C02B809BD094C108C0F7E0379FE0C1B0DA403AB0BF50F71042D10430C02ADFF
287	0B430BCB0CE60E680DC6B8109F0FA8110C05A5FE0BCB0BAD0C9C10A1030B0363B809230191B8FE10F50BA9030B0F3C022510E30CADADFF
288	0F4203790C1B030B10430C02039D0E0A0B6BFE01B10C630BED046203790C1B0BE505BE0FC5FE09E4B80B43042D10430C02030BCACA01A1FE024BA1ADFF
289	03860B2103790C1B02D20C860BF50F71030BFE109F089910430C02057FFE042E01A109D2087910E30CAD10430C02FE030B0E3204C3078D0D7005A50F71ADFF
290	0463078D031F0E59057F0223031F0E58FE10E30CAD030B01D60D14B810430C0208550E58FE0F02056E01D60D14B80AEB0F7EA4A15B042F0904FE1001024B0E0D0F5410E605BE0E3204C3FF
291	0321A2056504F50ACA0B6B0C51031EB80321A3FE056504F5040B0BAD0829074A0E5B046D0584ADFF
292	0F71103807B810F4030B0C4E0C1B09650D2EFE03790C1B074A0E5B046D0584AD087F0E83046DFE0584A3AEA602AEADFF
293	0463078D0C9C0FE602230C9C01D60D14B80B67FE0C51019CB8020102B404F3035907ED030FB807D7FE0F24042E01A1110C05A5030B0C390E5FADFF
294	09F30C180B9F0C5B030B04AA093AB8059A10A1FE110C05A5030B075B0BCFB802B3039D078E0405FE0CE204490CD9046DADFF
295	0C1203C80EF20EC4030B04AA093A074A0E5BFE046D0584AD0F7E0BED056E0707031403790C1BFE030B0CD903C3ADFF
296	0F710D6D0B4610F40DB310E30F9E0943030BFE0B14074A0E5B046D0584AD0F7E0BED056E0707FE031403790C1B030B0CD9046DADFF
297	0B7602780F9E0943B808D010490FE603790C1BFE030B10AD0D6DAD02D304050707031403790C1BFE030B046D0584ADFF
298	0EE80EE8055B055B031F0D020AAB0DAE02F6B8FE0B43110C05A510AD0D6D030B016307D70966FE0E0A0B6B0579090C10E30CADADFF
299	046D058403790C1B0522B80F7E0BED056E0BF5FE0A9F0E0A0B6B10F50BA910E30CADAD0F020B5DFE0F27058410A10EF104CCADFF
300	0BF50F7102AB10430C02B810AD0D6D077D056EFE0A07030A030402860C0C09D6AD0FE6A60565FE04F509D005E00B75032E0C390E5F030B1043FE0C02ADFF
301	0FE6A6056504F509D0046D058403790C1BADFE10430C02095702AE058410A1B80D660879077DFE056E0CE20449ADFF
302	0F7102D802AC030B0C1B0198096508A5031FFE05600DAE074A0E5B046D0584AD0F7E0BED056EFE0BF503790C1B0D7D0C98ADFF
303	0D1D08360E680DC6AD0565041E110C05A51126FE02D3C2CA030B0F0B014AADFF
304	04620F9603790C1B0F8402350F840E19030BFE078E02D310630354074A0E5B046D0584ADFF
305	0F710F7E0363030B0EA9025F0EEE10D00379FE0C1B074A0E5B046D0584AD0F7E0BED056E0BF5FE03790C1B10A107970363ADFF
306	0F7105CC0F60030B0B7110D50A5907B80379FE0C1B074A0E5B046D0584AD0F7E0BED056E0707FE031403790C1B030B03C30FA7ADFF
307	0F710169101B030B057D0ECF0BB307510379FE0C1B074A0E5B046D0584AD0DE60F0B056504F5FE110C05A505F40DA403AB035402EDADFF
308	0E1F03790C1B0A440BC20C510A37074A0E5BFE046D0584AD0DE60F0B056504F5110C05A505F4FE0DA403AB035402EDADFF
309	0BF50278166B0E520142030B0B2D0D1F046DFE058403790C1BAD0F7E0BED056E0CE20449110CFE05A5030B046D0584ADFF
310	0F7105CD07220BD7030F0D230B3B075A0DE9FE03790C1B074A0E5B046D0584AD0F7E0BED056EFE0BF503790C1B0D7D0C98ADFF
311	0463078D0BF50F710BED030B0CED0AB3B81043FE0C020C390E5F04F30D660879056E042E01A1ADFF
312	0B430D1401480D8B0B010B4B0E4F0A5D030BFE0E100AB3B802B3039D109F0FA80D9803C00B2BFE0FBD030B0F3C022510E30CADADFF
313	10DF07EC08CA0856AD0BF503790C1B01D6107BFE0C9C02CBB802B3039D02D30405070703140379FE0C1B030B0CD903C3ADFF
314	0F710B710870030B03EA0AE9102903790C1BFE074A0E5B046D0584AD0B5D0F27058410A10EF1FE04CCADFF
315	0BF502780B2B01DA08790892046D05840379FE0C1BAD0BF50F71107F0522056E0F420D7003B7FE112F0F710879B8110C05A5030B0CD9046D02D3FE040507070314ADFF
316	0D520B2B0E280B2503790C1B0BE5102C0FE6FE110C0BCB030B100B0AD803880B9F030B09D2FE0879ADFF
317	0D1E10910EBB0BEB074A0E5B046D0584AD03E5FE10D003790C1B030B0E5B0354B802B3039D0707FE03140C7C036DADFF
318	0FE603EA10A102180B6B08AE03DE046D0584FE03790C1BAD0F7E0BED056E0CE20449110C05A5FE030B0B2B01DA09D20879ADFF
319	0B4303790C1B0D07099C01DC07420C390142FE0CD70ECA030B0BD70F44AD02D3040507070314FE03790C1B030B0CD903C3ADFF
320	0B4303790C1B0D070C2B0C0F030B03180BD7B8FE02B3039D0E0A0B6B0C52097710E30CADADFF
321	046203790C1B09C90EE0B80BF50A9F03A50E31B8FE02B3039D0707031403790C1B030B046D0584FE04F303C30FA7ADFF
322	059E0B210F9C10B710A10BCF0970030B0879FE0892B802B3039D0CE20449110C05A5030B03C3FE0FA704F30CD903C3ADFF
323	0DEA0AAB02330C51074A0E5B046D0584AD110CFE05A5030BC2CA0FC90BB7B810430C02030BFE0D6608790FC90E2CADFF
324	03A50BC20BCF0AA1030B04AA0E0C074A0E5BFE046D0584AD0F7E0BED056E0BF503790C1B0579FE090CADFF
325	0BF5027805790F5E107F0B2DAD046D05840195FE034D056E099410A1ADFF
326	03A5027807C201D605E6030B0BCF0AA10879FE0892074A0E5B046D0584AD0F7E0BED056E0BF5FE03790C1B0D7D0C98ADFF
327	0F7102670E1F0CED07E3014204490449030BFE0BAD047C0B2D034A0AAB03790C1B074A0E5BFE046D0584ADFF
328	05F403790C1B081C0FE60A870CED0431031FFE030B0B91016610A1B80FE6A5AEA6056504F5FE09D0074A0E5B046D0584ADFF
329	046203790C1B0F0B058401B10C63AD0B6704C3FE0C0C01B60C390E5F0F240D4A030B016307D7FE09660BF50F71B8077D056E09C70F2402D210A1ADFF
330	0E1F03790C1B0A440BC2057810F6030B0C51FE074A0E5B046D0584AD0F7E0BED056E07070314FE03790C1B030B099410A10904ADFF
331	0E1F03790C1B096508A5031F03A50BC210A7FE110B074A0E5B046D0584AD087F0E83046D0584FEA3AEA602AEADFF
332	0F24098C072F030B0354112F0DDB0A070379FE0C1B0522074A0E5B0AE91029AD046D05840195FE034D056E099410A1ADFF
333	0E1F03790C1B03A50BC203E90870030B01B6FE10CA074A0E5B046D0584AD087F0E83046D0584FEA3AEA602AEADFF
334	05F40A5F040001A1030A05CC0F600B670D04B8FE02B3039D02D304050CE20449110C05A5030BFE03C30FA7ADFF
335	103807B80C4E0C1B074A0E5B112002F0B803E5FE10D003790C1B030B0D3308E8B80BF50A9F01D6FE09D20CD41117ADFF
336	02D30BD7051F07220CE204490AB30C0BB802B3FE039D0CE20449110C05A5030B046D0584ADFF
337	0F7105CD0B71030B078E10D50A5907B80379FE0C1B074A0E5B046D0584ADFF
338	0F7102D30C3C0C4702D203790C1B074A0E5BFE046D0584AD0DE60F0B056504F5110C05A505F4FE0DA403AB035402EDADFF
339	0BF502780B2B0BCB08790AB3FE017E0746058C0B62B802B3039D0CE20449FE110C05A5030B0DB5046D04F30DB503C3ADFF
340	02ED0D02030404490449030B07E310A1B80321FEA3056504F5046D058403790C1BAD0F7E0BEDFE056E0B4303790C1B0E0A0B6B0923019110E3FE0CADADFF
341	0E1F03790C1B0D1E109109D60800074A0E5BFE046D0584AD0D140BED0707031403790C1B030BFE0C7C036DADFF
342	0F710D78012C0A2102D2AD0F7E0BED056E0B43FE03790C1B0E0A0B6B10A1036310E30CADB80F02FE0B5D0F27058410A10EF104CCADFF
343	0F0B019C07D7010D031F0B760711B80F0B019CFE07CD074E03790C1B074A0E5B046D0584B80546FE09D203860B2103790C1B0E3A02D8030B0307FE078FADFF
344	0B43032E08CA041C04310B2B0BCB096510E1FE0E1F03790C1BAD110C05A50F02056E0C210304FE01D60E2C030B0BA904CCADFF
345	0B80091E07D70F2410E6111103790C1B030BFE0BCF0AA10F060A67AD046D05840195034D056EFE099410A1ADFF
346	0F710C510BE60D2010AD0D6DAD0FE6A60565FE04F509D005E00B75057D0C390E5F030B1043FE0C02ADFF
347	07620E4F09F30BCFB802B3039D0CE20449110CFE05A5030B0CD9046D04F30CD903C3ADFF
348	0E1E0F7105EC0F0B014201F411150F060A67FE0AE9102903790C1B074A0E5B046D0584AD0B5DFE0F27058410A10EF104CCADFF
349	058F08A5031F0D020AAB0BCF09700AEB0AD8FE0F7E0879030B0DAE02F6AD02B3039D0CE20449FE110C05A5030B046D058404F30C7C036DADFF
350	0E1F03790C1B03A50BC205CC0F60030B0EBBFE0BEB074A0E5B046D0584AD087F0E83046D0584FEA3AEA602AEADFF
351	0E1F03790C1B08030C7C03A50278032E0584ADFE046D05840195034D056E099410A1ADFF
352	0F710C51030B10630354046D058403790C1BADFE0F7E0BED056E0BF503790C1B0579090CADFF
353	0BF50F7110430C02A3056504F50522B8FE056E0F710DA40C42030704AA0C3DFE046D058403790C1BADFF
354	0BF502780B2B01DA08790892046D05840379FE0C1BAD0BF50F71107F0522056E0F420D7003B7FE112F0F710879B8110C05A5030B0CD9046D02D3FE040507070314ADFF
355	0BF50F7102260226030B0D78012C057F0C1BFE030F0A2102D203790C1B074A0E5B046D0584ADFF
356	0F71087F0CED07E30F0209D20A5907B8030BFE07E30AB3107F0B50074A0E5B046D0584ADFE105510430F7EA4A15B030B042F0904FE056E0BF503790C1B0D7D0C98ADFF
357	0F240EA1084C01D6059B0EC3039F107F0C0BFE0A860E1F03790C1BAD0195034D09D204830DECFE1097046D0584ADFF
358	0B67075A0CCF04CD08400142FE0560035402D30D78012C046D058403790C1BADFF
359	02B30CE609D0021E0BD80278FE0AD808A5030B01C30303107F0879B8FE0B3B05220E1F03790C1B03A50278ADFE046D05840195034D056E099410A1ADFF
360	0B6704C30C21030403790C1B030B10430C02FE046D0584B8077D09D204620F9603790C1BA3FE0173030B0BA904CCADFF
361	0C1A08D402630151B80D1004C5FE031407E303CC0E5B0D23058403790C1BADFE110C05A50F02056E02520C21037909B501A7FE1001024B0BA904CC030BA2BAA4030B0BA904CCADFF
362	08700F710AD40CE6030B10640354FE03A502780F4401C3074A0E5B046D0584ADFE105510430F7EA2A15B030B042F0904FE08C103790C1B030B0CD903C30DE60707ADFF
363	0E1F03790C1B0BF502780B67110B02ED0142FE08030C7C039D05CC0F60030B0B2D0D1FADFE0195034D09D204830DEC1097046D0584ADFF
364	0E1F03790C1B03A50BC2032E058404AA0C3DADFE0F770F880E790934032E08CAB8FE105510430F7EA8A15B030B042F0904FE08C10BF50F711052030B0CD9046D0CE20BDBADFF
365	03C80AB50C1D0531B8FE0E1F03790C1B030B054008640D230584ADFE110C05A5030B0DB503C3FE04F30CD903C3056E07070314ADFF
366	0F710D78012C0A2102D2AD0F7E0BED056E0B43FE03790C1B0E0A0B6B10A1036310E30CADB80F02FE0B5D0F27058410A10EF104CCADFF
367	02B30CE609D003A50278FE0266093403960F32030B07E401DB0AB30223ADFE105510430F7EA3A15B030B042F0904FE0B4303790C1B0E0A0B6B0D7D0C9810E30CADADFF
368	0F710EF20EC4030B032E0584046D0584FE110C05A510AD0D6D0C9C0F7E016307D70966ADFE105510430F7EA4A15B030B042F0904FE0BF503790C1B0E0A0B6B0923019110E30CADADFF
369	0BF502780B2B01DA08790892046D05840379FE0C1BAD0BF50F71107F0522056E0F420D7003B7FE112F0F710879B8110C05A5030B0CD9046D02D3FE040507070314ADFF
370	02B302D302D3030B07E810A1FE0DEA0AAB0267058401C3046D058403790C1BADFF
371	0F710B2D0D1F0DC20B2103790C1B08790892ADFE07D70F240565041E04620F96FE03790C1B0BA904CC030B0F0B014AC2CAADFF
372	0E1F03790C1B07170DE6FE0C1203C8027802D3031F107F0879ADFE105510430F7EA2A15B030B042F0904FE08C109B501A7030B0CD903C30DE60707ADFF
373	03A50BC202B3110C0B3BFE0C1A059A030B0BD8099408790892ADFE105510430F7EA2A15B030B042F0904FE08C109B501A7030B0CD903C30DE60707ADFF
374	0CE204490AB30C0BB8FE0C1203C802780B2B01DA08790892ADFE105510430F7EA2A15B030B042F0904FE08C103790C1B030B0CD903C30DE60707ADFF
375	0E1F03790C1B030B0BCB0CE6FE03A502780267058401C3074A0E5B046D0584ADFE105510430F7EA4A15B030B042F0904FE0BF509B501A70E0A0B6B0923019110E30CADADFF
376	0E1F03790C1B03A50BC20AD808A5030B04AAFE0E0C074A0E5B046D0584AD0DE60F0B056504F5FE110C05A505F40DA403AB035402EDADFF
377	0F710201021C10D001BD014C030003790C1BADFE03790C1B0FC910A9B80D6608790FC902D3ADFF
378	0F7101180FEC030B08210585FE0BC20E1F03790C1B074A0E5B046D0584FE105510430F7EA4A15B030B05A30904FE0BF509B501A70E0A0B6B10A1036310E30CADADFF
379	05600DAE0AD80879039DFE024310A9030B0B2D0D1FB8FE04620F9603790C1B0BA904CCADFE110C05A5030B0C7C036D056E07070314ADFF
380	0A6F09940BF5027805780BCB08790AB3FE0E1F03790C1B074A0E5B0D1F0298046D0584ADFE02520C21037909B501A71001024BFE0BA904CC030BA2BAA3030B03B70BA9FF
381	0C5505CF1097112F01B60800B8FE08030C7C031F0B530E1F03790C1BADFE0195034D09D204830DEC1097046D0584ADFF
382	0F7104400D04014205CC0F60030BFE0D1F01DA074A0E5B046D0584ADFE105510430F7EA4A15B030B05A30904FE0BF509B501A70E0A0B6B0D7D0C9810E30CADADFF
383	0F710E670E6708A5057D046D0584FE110C05A510AD0D6D0C9C0F7E016307D70966ADFE105510430F7EA4A15B030B05A30904FE0BF509B501A70E0A0B6B10F50BA910E30CADADFF
384	03A50BC20DC210D003790C1BFE030B04400D04101B02EDADFE046D05840195034D056E099410A1ADFF
385	0E1F03790C1B03A50BC205CC0F60030BFE09D602ED074A0E5B046D0584ADFE105510430F7EA4A15B05A30904FE08C109B501A7030B099410A1090407070314ADFF
386	09A7053B04B605B1B8058F057B0D1F09CAADFE02D304050CE20449110C05A5030B0CD9046DADFF
387	10D410D00C5505CF030B07E30DDAFE0AE9102903790C1BADFE105510430F7EA2A3ADA65B05A30904FE058410A1037903C00EF104CCADFF
388	0D230B3B04960AAB0943048F15630B3B030BFE016603EA046D058403790C1BADFE105510430F7EA2A15B05A30904056EFE0CE20449110C05A5030B0B2B01DA09D20879ADFF
389	03A50BC20B6701630BEB01420B9F0EF2030BFE04AA093A046D058403790C1BADFF
390	058F08A5031F05600DAEFE0B020CDA057F02850C1BFE0C4702D203790C1B074A0E5B046D0584ADFF
391	0F710BF10CE6053C030BFE0E4F107F08700B500A5907B803790C1BADFE105510430F7EA2A3ADA65B05A30904FE058410A1037903C00EF104CCADFF
392	0F7107510B2B08790A860E1F03790C1BFE074A0E5B046D0584ADFE105510430F7EA3A15B030B05A30904FE0BF509B501A70E0A0B6B0579090C10E30CADADFF
393	02D2099B110C05A5030B0BCB0CE6B8FE05E00BB707E30AB311200879ADFE07D70F2402D30405FE0CE20449110C05A5030B0C7C036DADFF
394	0E1F03790C1B03A50BC2078E02D3030BFE0EBB0BEB074A0E5B046D0584ADFE0DE60F0B056504F5FE110C05A505F40DA403AB035402EDADFF
395	0B430B2B0BCB030B0DDC015A057E030A0FE5FE0BD8B80565041E0F0B014AC2CAADFF
396	05F40D4A07D505CC0F60030B02D310A7110BB8FE02B30BAD03C00FDE0DE6046D058403790C1BADFF
397	0F240F5E110B112E024B030B0B7110D5B8FE0A5907B803790C1BADFE105510430F7EA2A3ADA65B05A30904FE058410A1037903C00EF104CCADFF
398	0BCA02260F5E110BB802B303790C1B030BFE01700522074A0E5B046D0584ADFE0195034D09D204830DEC1097046D0584ADFF
399	056003540B2D0D1FB8FE0DEA0AAB105907E301C3ADFE0195034D09D204830DEC1097046D0584ADFF
400	05F4088002F4057F10D5110BFE0E1E05DF02F40142031F070D020AB8FE0C560C0B0A5907B803790C1BADFF
401	05F40C5F09E4030B08790892FE059A10A10FE60AC90393074A0E5B046D0584ADFE105510430F7EA3A15B030B05A30904FE0BF509B501A70E0A0B6B0D7D0C9810E30CADFF
402	0F710F0B0B9F039D04C5030B0C7C036DFE070D0548110C05A504F3FE03790C1B030B02580F7E0DB5ADFF
403	0E1E044011220F0B0EE2B8FE0F0B019C0E8810D90BCB0CE6FE0F0B019C10E1058403790C1BADFE105510430F7EA2A3ADA65B05A30904FE058410A1037903C00EF104CCADFF
404	0F71087901E30CA5031F097EFE01BD046D0584110C05A510AD0D6DFE0C9C0F7E030B016307D70966ADFE07070314037903C0030B0C7C036DADFF
405	0F71032E0D6010EC10D003790C1BFE074A0E5B046D0584ADFE0707031403790C1B030B0C7C036DADFF
406	0B43057D0ECF041C04310B2B0BCBB8FE046D058403790C1BAD058A0E7908790892FE01BD0CE20449110C05A5030B0C7C036DADFF
407	05F401B60859030B0AB30DC6FE02950E1F03790C1B074A0E5B046D0584ADFE0195034D056E058410A10EF104CCADFF
408	0F2407D7010D0354112FFE0BF503790C1B0C2D0525B8FE024D0587046202780AD808A50F0B0584ADFE0F7EA4A15B030B05A30904FE0BF503790C1B0D7D0C98ADFF
409	05F410D5110B099B030A046605BE03E90870ADFE0CE20449110C05A5030BFE046D058404F3099410A10904ADFF
410	0DC20B2103790C1B030B0EE103D9074A0E5BFE046D0584AD07D70F240565041E04620F960379FE0C1B0BA904CC030B0F0B014AC2CAADFF
411	0A291C6010F4059A10A1075B0BCFADFE0CE20449110C05A5030B046D0584B8FE03C30FA704F3099410A10904ADFF
412	0F710AD808A5030B016603EAFE0DD3079D03790C1B074A0E5B046D0584ADFE10551043A4A15B030B05A30904FE0BF509B501A70E0A0B6B0579090C10E30CADADFF
413	0F7102D301B610CA058F08A5031FFE10E10E1F03790C1B074A0E5B046D0584ADFE10551043A4A15B05A30904FE0BF509B501A70E0A0B6B0D7D0C9810E30CADADFF
414	058F086D110C05A5B802B3039DFE0CE20449046D058404F30CD9046DADFF
415	0B030AE2031F0D020AAB0BCF0970FE039D0F840958086B030B0DAE02F6ADFE0CE20449110C05A5030B0CD9046DB8FE0CD903C304F30C7C036DADFF
416	0F7103E90870030B0F060A67FE015B04C410D003790C1B074A0E5B046D0584ADFE105510430F7EA6A15B05A30904FE08C103790C1B030B099410A1090407070314ADFF
417	0F24098C072F030B0354112F098110EBFE03790C1B030B0717074A0E5B046D0584ADFE0707031403790C1B030B0C7C036DADFF
418	09530D520953089E031F02D30BD702641005B8FE02B3039D0707031403790C1B030B0CD9046DADFF
419	031D07C701BD046D058403790C1BADFE0707031403790C1B030B0CD9046DADFF
420	0E8810D90B60024B0D2D030BFE0BCB0CE60EA2019F03790C1BADFE105510430F7EA4A15B030B05A30904FE0BF509B501A70E0A0B6B0D7D0C9810E30CADADFF
421	0E1F03790C1B0BF502780AD808A50F0B0584ADFE046D05840195034D056E058410A10EF104CCADFF
422	05F40CD90C27030B03630F0AFE0A7E0E1F03790C1BAD037902860F88FE10A1036310E30CAD030B03790C1BB8FE0D660879056E01A1024BA30173ADFF
423	0B43032E08CA041C04310B2B0BCB096510E1FE0E1F03790C1BAD110C05A50F02056E0C210304FE01D60E2C030B0BA904CCADFF
424	0F7102D80363030B02850C1BFE057F0C1B019802AC0B6B03790C1BADFE105510430F7EA4A15B030B05A30904FE0BF509B501A70E0A0B6B10A1036310E30CADADFF
425	0A44027809D20B5C053C03790C1BFE030B0F0A0CE6074A0E5B046D0584ADFE02D304050707031403790C1B030B0CD903C3ADFF
426	0B43057D0ECF041C04310B2B0BCBB8FE10640263046D058403790C1BADFE105510430F7EA6A15B030B05A30904FE08C10BF50F711052030B0CD9046D0CE20BDBADFF
427	0BDB0AAB05090DB3B805F410700FE602230BADFE1030035C030B0B2B0CE6016307D70966030BFE09D2087901A105650FB9032AADFF
428	0BF502780B2B01DA08790892046D05840379FE0C1BAD0BF50F71107F0522056E0F420D7003B7FE112F0F710879B8110C05A5030B0CD9046D02D3FE040507070314ADFF
429	0F7105CD05CD030B0EBB0BEBFE02AC0B6B03790C1B074A0E5B046D0584ADFE105510430F7EA2A3ADA65B030B05A30904FE058410A1037903C00EF104CCADFF
430	0B6704C30C21030403790C1B030B10430C02FE046D0584B8077D09D204620F9603790C1BA3FE0173030B0BA904CCADFF
431	0F71041C043110F4057D0ECF030BFE0EA9025F0EEE10D003790C1BADFE105510430F7EA2A15B030BFE05A309040BF503790C1B0D7D0C98FE057F0E0A0B6B10F50BA910E30CADADFF
432	0F7101F30F7E08590AB3030BFE0EA9025F0EEE10D003790C1BADFE105510430F7EA2A15B030BFE05A309040BF503790C1B0D7D0C98FE057F0E0A0B6B01B6035810E30CADADFF
433	0F710E790934032E08CA030BFE0EA9025F0EEE10D003790C1BADFE105510430F7EA2A15B030BFE05A309040BF503790C1B0D7D0C98FE057F0E0A0B6B0923019110E30CADADFF
434	0B43057D0ECF041C04310B2B0BCBFE096510E10E1F03790C1BADFE110C05A50F0202520C2101D60E2C0BA904CCADFE105510430F7EA2A15B030B05A30904FE0BF503790C1B10F50BA9ADFF
435	0F7108A50ECF015B04C410D003790C1BFE074A0E5B046D0584ADFE0B4303790C1B0E0A0B6B10F50BA910E30CADADFF
436	072503A3087F0B7D031F074A0E5B046D0584ADFE037902860F880F3C022510E30CAD030BFE03790C1B04620F96072102D3030B0BA904CCADFF
437	0F710BCB0CE605CC0F60030B01DA03D9FE0A2102D203790C1B074A0E5B046D0584ADFE087F0E83A302AE04620F960BA904CCADFF
438	0BF50F710D78012C030FFE0A2102D203790C1B074A0E5B046D0584ADFE087F0E83A302AE04620F960BA904CCADFF
439	0F710B6D09780978030B0B5E0943FE015B04C410D0110C05A5030B0BCB0CE6FE074A0E5B0C1D0531ADFE078E04050CE20449110C05A5030B03C30FA7ADFF
440	0B030AE2031F046D058403790C1BADFE110C05A509530F7E0E3A02D80307078F0BEDB8FE056E04620F96072102D3030B0BA904CCADFF
441	016908A4057D0ECF0B67058410A103790C1BADFE0546056E03CC05EF08900204FE0C930BE3A2BAA2A7C7D5ECC2CAADFF
442	0FE6046D0584107F0522FE059C0C7C03B80565B804F3FE05220175016307D70966074A0E5B0CE70548ADFF
443	0FE6046D0584107F0522FE059C0C7C03B80565B804F3FE05220175016307D70966074A0E5B0CE70548ADFF
444	0278104305220AD8109702ED03CC037903C0B8FE082205220175016307D709660BAD0223ADFE0B6703790C1B0D700F000BD8016307D70966B8FE1030035C05F41082072507330C3DADFF
445	0278104305220AD8109702ED03CC037903C0B8FE082205220175016307D709660BAD0223ADFE0B6703790C1B0D700F000BD8016307D70966B8FE1030035C05F41082072507330C3DADFF
446	0A3404AA110C05A50BCB0CE6B8FE0E1F03790C1B0C1203C80B9F04AA107F0879ADFE0F7EA4A15B05A30904FE08C109B501A7030B099410A1090407070314ADFF
447	0F7105CC0F60030B0B1D0CE6FE10E1058403790C1B074A0E5B046D0584ADFE110C05A50F02056E02520C21037909B501A7FE1001024B0BA904CC030BA2BAA4030B03B70BA9ADFF
448	03C80278109F0FA801C30354B8FE02B3039D0565041E09B501A7FE112602D3C2CA030B0F0B014AADFF
449	05F40BCB0CE6030B04AA093AFE078B059A0FE60F0B032A0C1203C802780B25ADFE105510430F7EA2A15B030B05A30904FE08C109B501A7030B0CD903C30DE60707ADFF
450	0EEE10D003790C1B074A0E5B046D0584ADFE02EF03790C1B0E3A02D80C3C04C30BEDB8FE07D70F240BEF0F710C3C04C3FE01BD057E030A0A9F0E3204C3ADFF
451	0F711455074A0E5B046D0584ADFE02EF03790C1B0E3A02D80C3C04C30BEDB8FE07D70F240BEF0F710C3C04C3FE01BD057E030A0A9F0E3204C3ADFF
452	02D20A810D4A07D5B807070314110C05A5FE030B03C30FA704F30CD903C3B8FE02E902D304050CE20449046D0584B8FE0CD9046D04F30C7C036DADFF
453	05F408C10B4B03B60FF6030B03DE099FFE0B760FE6110C05A50BCB0BADB8FE0F710F240DC20F4D03790C1B030B10D10F32ADFE0BF50A9F046D05840B2B10890E1F110C05A5ADFF
454	04620F960C52097710E30CAD0DE6030BFE03790C1B05BE0173030B0BA904CCADFE02E90E0D03B703790C1B056EFE02B30C52097710A10E5C04C50829ADFF
455	0F7103E90870030B017107D5FE0AE9102903790C1B074A0E5B046D0584ADFE105510430F7EA6A15B030B05A30904FE08C109B501A7030B0DB503C307070314ADFF
456	07D70F2405F403790C1B112605220BF50F71FE030B10430C02B80FE61030035C09D001A1024BFE110C05A5030B10430C02ADFF
457	08700F7103790C1B08790892074A0E5B046D0584ADFE107004F3110C05A51030035C030B03790C1BB8FE0A9F046D05840FC90449B80BA904CC0FC902D3ADFF
458	07D70F24018503790C1B0DEC046D0584ADFE03790C1B0BF50278030B10430C02FE0B6704C301D60C0C046D058410430C02FE1007056E0BE3013BADFF
459	0A440BC210C4030A03B004BE030BFE07B80C51046D058403790C1BADFE0F7EA4A15B030B05A30904FE0BF509B501A70E0A0B6B10F50BA910E30CADFF
460	02EF03790C1B030BC2CAFE04240BA903040F0B014A112B0F800BEDB8FE10430C020D660879056E01A1024BA30173ADFF
461	04960AAB0EE6075B107F03EAB8FE02950E1F03790C1B074A0E5B046D0584ADFF
462	0F710FBE0D1309F30C1803790C1BB8FE02B3039D070703140A9F0DB5046DADFE0195034D09D204830DEC1097046D0584ADFF
463	0F9903790C1B16B409CC01BD046D0584ADFE105510430F7EA2A15B030B05A30904FE0B4309B501A70DB5046D07070314A205A1ADFF
464	073A0F710FCE0894030B08790892FE046D058403790C1BADFE105510430F7EA4A15B030B05A30904FE0B4309B501A70CD9046D07070314A205A1ADFF
465	0F710F0B04600D8DFE0DC20B2103790C1B030BC2CAADFE0565041E04620F9603790C1BFE0BA904CC030B0F0B014A0F240BAD030BC2CAADFF
466	0E1F03790C1B03A50BC20AD804AAB8FE01BD04620F960BA904CCADFF
467	03A502781E270580030B07220BD7B8FE04620F9603790C1B075B0BCF0BAD030B0BA904CCADFE046D05840195034D056E099410A1ADFF
468	05F40DA40C420EBB0BEBFE0E87040B0FE603790C1B030B10AD0D6DB8FE02B3039D03790CE7054802780223030BFE03790C1B030B016307D7096604620F960BA904CCADFF
469	0FE603790C1B030B07170DE60B76036308B5ADFE0BF503790C1B0CE7054802780223030BFE016307D7096610A10363ADFF
470	03B7041E058402D203790C1BB8FE0BF50B2D0D1F01A10F60ADFE02D210A103790C1B046D05840CE20449A205A1ADFF
471	0F710C51107F0879089210E10E1F03790C1BFE074A0E5B046D0584AD0F7EA3A15B042F0904FE056E0707031403790C1B030B03C30FA7ADFF
472	02B307E810A10A4402780CD901ADFE10F50B48030B057D0ECF074A0E5B046D0584ADFE0707031403790C1B030B0CD9046DADFF
473	0D1004C51063039F0FA908CE030BFE0169101B0BD7021E0BD8030B0A8105420879B8FE046D0584110C05A510AD0D6DFE0C9C0F7E030B016307D70966ADFF
474	0F71057D0ECF046D058403790C1BADFE03790C1B0E3A02D80C3C04C3030F0BEDB8FE056E0BB3033BB80BF50A9F01D609D20BF50F71ADFF
475	10A710830E4F0BCF01D609F4030B10A7110BADFE0BF503790C1B01D609D20B6B0977B8FE01BD05F40CD90E5F01A1024B01D60977ADFF
476	05F40D7E0F0A0D2A0E1F03790C1B0BCB0CE6ADFE10270BAD030B0D7E0F0A056EFE0E28027F03790C1B030B0CD90E5F0E3204C3ADFF
477	0321A2056504F50DC20C1A09D20892B8FE0321A3056504F502D304050CE20449FE0CD9046DB80CD903C304F30C7C036DADFF
478	0BF50F710BCF0AA1030B08790892FE0CE204490FE60223030B0C9C0F7EFE02010C390E5F016307D70966030B0DB503C3ADFF
479	03B004650D29031FB8FE0BF5020109B404660B5D0F27024B0226ADFE056E0CE2044902010C390E5FFE016307D70966030B0DB5046D04F30CD9046DADFF
480	10D90354025F0910B8FE01D607480CE20449110C05A5030B0DB5046DB8FE0546056E02D304050CE204490C7C036DADFF
481	0FE603790C1B10AD0D6DFE0D6D0BAD1A561A56030B0D60B8FE070703140CE7054802780223030BFE03790C1B030B0C7C036DADFF
482	0F710E79058A030B08790892046D058403790C1BFE09570CE20BDBA205A109D20879B8FE0D6608792EA3A1AD0D660879C7D5EC35A9A7A1FE85A3A12E5CA3A1B9A8B9A75D86FF
483	0D1004C5032A0E91FE0B430BCB0CE60C2B0740057B0921ADFE02D304050CE2044909A9A20E1B09D20879ADFF
484	0D66087905860C42A7A1B809B501A709D20879FE5C027F099410A109040F990B9F019909045DFE09570BDBA205A1B80D6608790CE20BDBA3A1B8FE112604490D70A3A1A1ADFF
485	0B6704C302AB056504F509D003790C1BFE0F21075D0C2103040BA904CC030B053DB8FE10430C020D660879056E01A1024BA30173ADFF
486	096508A5031F04960AAB03CC0E920142030BFE091E0535B8046D058410AD0D6D0C9C0F7E030BFE016307D70966B801BD04620F960BA904CCADFF
487	09D20483046D058410700FE60BF50F71FE0C1D10D0057F07C20289030F10430C02030BFE03790C1BAD0734027F0A9F0C1D05310E3204C3ADFF
488	05F402D8032E030B088605C0FE0208020803790C1B074A0E5B046D0584ADFE0B4303790C1B0E0A0B6B0923019110E30CADADFF
489	0EF20DAA0ED80D66031F046D058403790C1BB8FE09D208790CE204490FC903850D6608790FC902D3FEC7D5EC35A9A7A1FE85A3A12E5CA3A1B9A8B9A75D86FF
490	0BF502780B2B0BCB08790892B8FE0965046D03790C1BADFF
491	053C0567050D0D7008790892074A0E5B046D0584ADFE0B6704C3017B056504F509D00C210304046D0584B8FE0D660879077D056E03B00173ADFF
492	0C1203C8027804CD0B4B030B0B8F0AB3B8FE0F0B019C0D660BC30F0B019C10E1058403790C1BADFE0F7EA3A15B042F0904056EFE0BF503790C1B0D7D0C98ADFF
493	0F71022607190AE9102903790C1BFE074A0E5B046D0584AD0DA40C1803790C1BFE030B09D2087901A1053CB8FE1082072504620F960BA904CCADFF
494	0E1F03790C1B0D1E10910FBE0E590DB50CE6FE074A0E5B046D0584AD087F0E83046D0584FEA3AEA602AEADFF
495	0C5A0BF0016307D70966056E0F4D03A5FEB10B2B0BF0B2AD0CE20BDB110C0BCB030BFE0C9C0F7E09D20879030F05A1B8FE02E9056E0C930BE301DA03D9C2CAADFF
496	0C5A0BF0016307D7096609D20483FE0F4D03A5B10B550BF0B2ADFE110C0BCB030B046D058409D20879030F05A1FE030A030402D304050CE20BDBABFF
497	0C5A0BF0016307D7096609D20483FE0F4D03A5B10FCE0BF0B2AD0707031409B501A7FE030B046D058409D20879030F05A1ADFF
498	0BF50F711052056E0E1F03790C1BFE03A50AAB09650267B80F7E05A30904FE0BF503790C1B0E0A0B6B0D7D0C9810E30CADADFF
499	0BF50F711052056E05F402D80F7EFE07970363030B09D2089205840E1F03790C1BB8FE0F7E05A309040BF503790C1BFE0E0A0B6B10A1036310E30CADADFF
500	0BF50F711052056E0C1203C80278FE0C5A0BF009D20892030B0267058401C3B8FE0F7E05A309040BF503790C1BFE0E0A0B6B0923019110E30CADADFF
501	0BF50F711052056E079D0AAB0F0B0223FE05BB0FDF10F40BF001A10C8C0A67030B080803EAB8FE0707031403790C1B030B0C7C036DADFF
502	0BF50F711052056E104D018BFE0C9C0F7E030B04AA0FC0B8FE0BF503790C1B0E0A0B6B0C52097710E30CADADFF
503	0BF50F711052056E02B30223031F10A1FE059E0B210BD8099409D20892B8FE01BD0FE60957056504F5FE0563041E110C0BCB030BC2CAADFF
504	0BF50F711052056E0E1F03790C1BFE03A50BC20C5A0BF00C6304AAB8FE0F7E05A309040BF509B501A70E0A0B6BFE10F50BA93A01B60358057F0923019110E30CADABFF
505	0BF50F711052056E05600DAE08900130FE0BF001A1107F0B500A5907C103790C1BADFE042D10430C0205960F27058410A10EF104CCABFF
506	0BF50F711052056E0DEA0AAB0F0B1066FE03EA0166104D018B03790C1B030B0C180E0CB8FE02B3039D070703140A9F099410A10904ADFF
507	0F11082807D90C5C056E0F24078E02D3030BFE08790892096510E10E1F03790C1BADFF
508	0BF50F711052056E02B3031F097EFE0A4403A502780BF001A10C8C0A67B8FE042D10430C02056E087F0E83046D0584089002AEADFF
509	0DEA0AAB0CD00CED078E0840FE0DD3079D0E1F0C9C0F7E016307D70966ADFE105510430F0207D70FE6037910300D4AFE0F710F88036E0C51ADFF
510	0321A2056504F503CC0BAD0CED07E3B8FE0321A3056504F5046D058403790C1BADFE03CC0B250F21107B030B02491065ADFF
511	05F402D30EBB0BEB096508A5031F10E10E1FFE03790C1B074A0E5B046D0584AD0F7E0BED056EFE0BF503790C1B0D7D0C98ADFF
