1	1:33;3:45;7:73;9:22;13:77;13:79;15:36;19:75;21:230;25:74;27:38;31:475;33:235;37:396
2	1:33;3:45;7:73;9:22;13:77;13:79;15:36;20:75;23:230;28:74;31:38;36:475;39:235;44:76
3	0:80;1:390;1:133;1:33;3:45;7:73;9:22;13:77;13:79;15:36;20:75;23:230;28:74;31:38;39:475;45:235;50:486;53:76
4	1:10;1:45;7:52;10:108;16:232;19:184;25:431;28:441;34:163;37:53;43:83;46:435
5	1:10;1:45;7:52;10:108;17:232;21:184;28:431;32:441;39:163;43:53;50:83;54:435
6	0:17;1:397;1:337;1:232;1:257;1:242;1:10;7:52;10:108;17:82;21:184;28:431;32:441;41:163;47:53;56:83;62:435;71:356;77:434
7	1:33;4:39;7:55;10:110;13:145;16:44;19:229;22:182;25:352;28:358;31:130;34:334;37:240;40:56
8	1:33;4:39;7:55;10:110;13:145;17:44;21:229;25:182;29:352;33:358;37:130;41:334;45:240;49:56
9	0:357;1:449;1:359;1:252;1:33;4:39;7:55;10:110;13:145;17:44;21:229;25:182;29:352;33:358;40:130;47:334;54:240;60:56
10	1:33;1:81;9:450
11	0:106;1:106
12	0:16;1:93;11:93;13:78;13:79;13:77;17:60;19:318;23:48;25:219;29:18;31:362;35:453;37:213;41:395;43:356;47:415
13	1:40;1:81;9:450
14	0:106;1:106
15	0:41;1:403;1:31;11:31;14:99;17:228;20:116;23:422;26:485;29:469;32:42;35:424;38:97;41:283;44:200
16	1:33;3:28;9:16;13:98;17:18;21:239;25:297;29:97;33:17;37:395;41:13;45:119;49:356;53:412
17	1:33;5:28;9:16;13:98;17:18;22:239;27:297;32:97;37:17;42:395;47:13;52:119;57:356;62:412
18	1:253;1:257;1:143;1:33;5:28;9:16;13:98;17:18;22:239;27:297;32:97;38:17;44:395;50:13;56:119;62:356;68:412
19	1:33;1:39;4:98;7:116;10:44;13:228;16:158;19:485;22:242;25:458;28:162;31:38;34:283
20	0:184;1:14;1:33;4:98;7:116;10:44;13:228;16:158;19:485;24:242;29:458;34:162;39:38;44:283
21	1:64;1:45;4:43;8:228;11:31;15:332;18:119;22:485;25:97;29:116;32:395;36:65
22	0:451;1:143;1:64;4:43;8:228;11:31;15:332;18:119;23:485;27:97;32:116;36:395;41:65;45:403
23	1:35;1:43;4:40;9:44;12:137;17:103;20:51;22:21;25:254;25:256;25:255;28:425;33:385;36:476;38:424;41:114;44:411;49:378
24	0:242;1:431;1:432;1:433;1:35;1:43;4:40;9:44;12:137;17:103;20:51;22:21;27:254;27:256;27:255;32:425;39:385;44:476;48:424;51:114;56:411;63:378
25	1:84;1:39;5:45;7:462;10:98;13:268;18:86;21:487;23:104;26:209;29:488;34:368;37:21;42:85;45:97;50:423;53:113;58:87
26	0:9;1:227;1:252;1:85;1:84;1:39;1:45;1:98
27	1:10;1:111;3:28;5:40;7:205;9:229;11:210;14:222;17:129;20:154;23:328;26:163;30:91;34:182;38:14;42:201;46:89
28	0:306;1:10;1:111;3:28;5:40;7:205;9:229;11:210;14:222;17:129;20:154;24:328;28:163;33:91;38:182;43:14;48:201;53:89
29	1:45;1:10;7:39;9:24;13:40;19:154;21:44;25:270;31:469;33:260;37:242;43:162;45:305
30	1:45;1:10;7:39;9:24;13:40;20:154;23:44;28:270;35:469;38:260;43:242;50:162;58:305
31	0:34;1:48;1:10;1:39;1:45;1:24;1:40;23:36;43:372;58:276
32	1:43;1:64;7:116;9:24;13:40;19:31;21:30;25:270;31:469;33:260;37:424;43:92;45:32
33	1:43;1:64;7:116;9:24;13:40;20:31;23:30;28:270;35:469;38:260;43:424;50:92;58:32
34	0:37;1:48;1:64;1:43;1:116;1:24;1:40;23:36;43:372;58:224
35	1:1;1:45;1:467;7:47;10:3;13:111;16:266;19:102;22:454;25:107;28:482;31:118;34:322;37:227;40:34;43:236;46:464;49:133;50:309;55:273;58:312
36	0:118;1:1;1:111;1:467;1:47;1:3;1:107
37	1:33;4:39;7:52;9:46;10:98;12:109;15:83;18:430;20:261;23:185;26:436;28:441;31:326;34:219;36:53;39:286;42:126;44:288;47:213;50:435
38	1:386;1:95;1:33;1:39;1:98;1:109;1:219;1:53;1:286
39	1:47;3:111;5:1;9:117;11:467;14:50;17:3;20:205;22:173;25:254;25:256;25:255;27:454;30:156;32:34;35:195;38:102;41:304;45:38
40	1:463;1:107;1:47;1:111;1:1;1:117;1:50;1:3;1:38
41	1:71;5:48;7:310;11:44;13:17;17:109;19:314;23:129;25:305;29:212;31:141;35:114;37:422;41:356;43:18
42	0:242;1:103;1:71;5:48;7:310;11:44;13:17;17:109;19:314;24:129;27:305;32:212;35:141;40:114;43:422;48:356;51:18
43	1:71;1:74;5:230;9:51;13:77;14:78;15:79;19:75;23:72;27:236;31:202;35:92;39:267;43:464;47:204;51:80
44	1:71;1:74;5:230;9:51;13:77;14:78;15:79;19:75;24:72;29:236;34:202;39:92;44:267;49:486;54:204;59:80
45	1:312;1:71;1:74;1:51;1:77;1:78;1:72;49:486;59:80;69:76
46	1:10;6:78;6:77;11:71;17:210;22:147;27:163;33:74;38:202;43:312;49:453;54:400
47	1:366;1:73;1:10;6:78;6:77;11:71;17:210;22:147;29:163;33:141;37:74;44:202;51:312;59:453;66:400
48	1:33;1:50;1:193;5:48;11:93;13:77;17:60;23:78;25:324;29:79;35:141;37:401;41:305;47:94
49	0:16;1:318;1:97;1:103;1:33;1:50;5:48;11:93;13:77;17:60;23:78;25:324;29:79;37:141;41:401;47:305;55:94;59:362;63:415
50	1:10;1:28;4:45;7:310;10:189;14:222;18:404;22:458;25:385;28:372;31:91;35:163;39:89;43:90
51	0:328;1:161;1:387;1:479;1:10;1:28;4:45;7:310;10:189;14:222;18:404;22:458;25:385;30:372;35:91;41:163;47:89;53:90
52	1:10;1:45;6:44;9:252;14:154;17:103;22:185;25:269;30:6;33:163;38:386;41:485;46:463;49:387;50:487
53	0:129;1:95;1:133;1:10;1:45;6:44;9:252;14:154;17:103;22:185;25:269;32:389;37:163;44:386;49:485;56:463;61:387;65:487
54	1:10;1:346;4:39;7:55;10:93;13:154;16:352;19:50;22:103;25:401;28:358;31:272;34:244;37:133;40:56;43:109
55	0:227;1:357;1:281;1:10;4:39;7:55;10:93;13:154;16:352;19:50;22:103;25:401;28:358;31:272;36:244;41:133;46:56;51:109
56	1:442;1:10;1:67;1:43;1:116;5:154;8:2;12:228;15:69;19:207;22:238;26:485;29:484;33:37;36:365;40:103;43:491;47:200;50:489
57	0:99;1:442;1:269;1:10;1:67;1:43;1:116;5:154;8:2;12:228;15:69;19:207;22:238;26:485;30:484;35:37;39:365;44:103;48:491;53:200;57:489
58	1:44;1:46;6:52;8:43;10:316;12:270;17:172;19:179;21:431;23:36;28:441;30:97;32:463;34:53;39:242;41:257;43:200;45:434
59	0:245;1:38;1:365;1:433;1:44;1:46;1:52;1:52;1:316;1:431;1:463
60	1:1;1:346;5:55;8:95;11:145;15:3;18:240;21:34;25:61;28:341;31:187;35:454;38:56;41:385
61	0:67;1:346;1:1;5:55;8:95;11:145;15:3;18:240;21:34;27:61;32:341;37:187;43:454;48:56;53:385
62	0:66;1:114;1:54;1:421;1:339;1:1;1:55;1:95;1:145;1:3;1:61;32:223;43:170;53:445;57:276
63	1:100
64	0:134;1:100;16:93;16:101;18:50;21:60;23:112;26:115;28:391;31:105;33:227;36:285;38:94;41:272;43:248;46:164
65	0:347;1:100;1:93;16:134;16:101;18:50;21:60;23:112;26:115;28:391;31:105;33:227;36:285;38:94;41:272;43:248;46:164
66	1:67;1:43;1:117;3:116;7:2;9:193;13:417;15:69;19:279;21:430;25:233;27:454;31:437;33:66;37:339;39:238;43:184;45:223;48:276
67	1:67;1:43;1:117;3:116;7:2;9:193;13:417;15:69;19:279;21:430;25:233;27:454;33:437;37:66;43:339;47:238;53:184;57:223;60:276
68	0:70;1:365;1:280;1:363;1:227;1:67;1:43;1:117;3:116;7:2;9:193;13:417;15:69;19:279;21:282;25:233;27:454;33:437;37:66;43:339;47:238;53:184;57:223;60:276
69	1:22;7:74;11:35;13:79;15:77;17:78;23:51;27:458;29:230;35:476;39:75;41:424;47:21;50:390
70	1:22;1:35;7:74;11:35;13:79;15:77;17:78;24:51;29:458;32:230;39:476;44:75;47:424;54:21;58:390
71	0:416;1:14;1:141;1:311;1:427;1:254;1:256;1:255;1:22;1:79;1:51;1:458;1:230;1:75;1:390;32:428;44:348
72	1:40;4:48;7:132;10:51;13:469;16:352;19:35;22:425;25:61;28:112;31:424;34:460;37:103;40:436;43:188;46:56;49:330
73	0:243;1:114;1:40;4:48;7:132;10:51;13:469;16:352;19:35;22:425;25:61;28:112;32:424;36:460;40:103;44:436;48:188;52:56;56:330
74	1:33;1:111;4:300;6:393;10:205;12:222;16:88;18:117;22:404;24:120;28:468;30:350;34:89;36:153;40:38;42:429
75	1:33;1:111;4:300;6:393;10:205;12:222;16:88;18:117;22:404;24:120;30:468;34:350;40:89;44:153;50:38;54:429
76	0:420;1:5;1:33;1:111;4:300;6:393;10:205;12:222;16:88;18:117;22:404;24:120;30:468;34:350;40:89;44:153;50:38;54:429
77	1:45;1:33;1:39;5:52;7:98;10:24;13:172;17:23;21:406;25:83;29:36;33:435;37:97;41:126;45:340;49:434;51:490
78	0:31;1:224;1:32;1:95;1:45;1:33;1:39;5:52;7:98;10:24;13:172;17:23;21:406;25:83;29:36;33:435;37:97;41:126;45:340;49:434;56:490
79	1:174;1:281;1:33;5:45;9:55;14:93;19:50;23:29;28:352;32:401;36:303;41:133;45:94;49:240;54:244;58:448
80	1:144
81	1:33;1:48;5:84;7:86;11:384;13:113;17:49;19:209;23:446;25:319;29:351;31:449;35:103;37:368;41:199;43:364;47:87;49:192
82	0:161;1:33;1:48;5:84;7:86;11:384;13:113;17:49;19:209;23:446;25:319;29:351;33:449;39:103;43:368;49:199;53:364;59:87;63:192
83	1:348;1:119;1:43;1:64;1:28;1:15;7:31;9:332;13:210;19:163;21:314;25:14;31:97;33:387;37:440;43:487;45:206;49:356;55:361
84	1:64;1:45;5:98;8:99;12:31;15:228;19:451;22:438;26:97;29:253;33:483;36:14;40:26;43:65;47:283;50:37
85	0:161;1:119;1:48;1:65;1:45;5:98;8:99;12:31;15:228;19:451;22:438;26:97;29:253;34:483;38:14;43:26;47:65;52:283;56:37
86	1:29;3:45;7:346;11:196;13:227;17:381;21:156;23:254;27:62;31:357;33:460;37:36;41:291;43:358;47:58;51:219;53:258
87	0:329;1:403;1:38;1:32;1:252;1:29;3:45;7:324;11:196;13:227;17:381;21:156;23:254;27:62;31:357;33:460;39:36;45:291;49:358;55:58;61:219;65:258
88	1:139;1:1;4:106;7:189;12:50;15:124;18:385;21:107;26:398;29:188;32:424;37:103;40:378;43:151;46:174;48:262
89	1:464;1:114;1:139;1:1;4:106;7:189;12:50;15:124;18:385;21:107;26:398;29:188;32:424;37:103;40:378;46:151;52:174;57:262
90	1:33;1:55;4:110;8:48;13:333;16:182;20:43;25:128;28:381;32:455;37:62;40:250;44:460;49:334;52:58;56:452;61:56
91	0:131;1:350;1:41;1:112;1:469;1:55;1:110;1:48;1:333;1:182;1:43;1:62;1:56;28:191;50:413
92	1:95;1:122;1:123;5:180;8:212;12:174;15:101;19:109;22:139;26:261;29:247;33:138;36:367;40:194;43:436;47:171
93	0:325;1:95;1:122;1:123;5:180;8:212;12:174;15:101;19:109;22:139;28:261;33:247;39:138;44:367;50:194;55:436;61:171
94	0:50;1:325;1:114;1:95;1:122;1:123;5:180;8:212;12:174;15:101;19:109;22:139;28:261;33:247;39:138;44:367;50:194;55:436;61:171
95	1:33;1:106;1:20;1:300;4:174;7:88;10:317;13:99;16:468;19:393;20:335;22:350;25:225;28:21;31:103;34:157;37:328;40:231;43:91;46:429;49:38;52:201
96	1:1;1:95;5:50;9:93;13:29;17:139;21:96;25:60;29:454;33:244;37:138;41:401;45:207;49:94;53:386;57:391;61:248
97	0:171;1:112;1:1;1:95;5:50;9:93;13:29;17:139;21:96;25:60;29:454;33:244;37:138;41:401;45:207;49:94;53:386;57:391;61:248
98	1:300;1:145;5:11;9:43;11:106;15:61;19:341;21:232;25:23;29:182;31:12;35:21;39:460;41:152;45:175
99	0:97;1:133;1:145;1:300;5:11;9:43;11:106;15:61;19:341;21:232;25:23;32:182;37:12;44:21;51:460;56:152;63:175
100	1:33;1:268;4:49;6:86;9:209;11:205;13:103;16:364;20:129;22:229;26:120;29:113;34:351;37:368;41:153;46:324;48:243
101	1:33;1:268;4:49;6:86;9:209;11:205;13:103;16:364;20:129;22:229;26:120;29:113;36:351;41:368;47:153;54:324;58:243
102	1:140;1:253;1:95;7:115;11:73;17:331;19:78;21:77;23:79;27:93;33:475;37:60;43:76;47:326;50:235
103	0:23;1:396;1:390;1:140;1:95;1:78;1:93;17:475;27:121;37:447;47:428
104	1:45;3:39;7:125;11:29;13:43;17:116;21:155;23:99;27:206;31:37;33:203;37:491;41:283;43:38;47:130;51:198
105	0:14;1:45;3:39;7:125;11:29;13:43;17:116;21:155;23:99;27:206;33:37;37:203;43:491;49:283;53:38;59:130;65:198
106	0:24;1:263;1:279;1:33;1:270;1:252;1:193;5:96;9:27;13:26;17:280;21:116;25:487;29:136;33:170;37:193;41:68;45:299;49:203;53:25;57:365;61:179
107	0:4;1:146;1:279;1:43;1:33;1:270;1:252;1:193;1:279;6:97;11:228;16:183;16:363;21:487;26:399;31:203;36:9;36:8;36:7;41:327;46:5;50:197;56:264;61:68;66:365
108	1:122;1:51;1:35;5:48;9:111;13:29;17:35;21:23;25:50;29:21;33:205;37:265;41:187;45:287;49:103;53:390;57:37
109	1:139;1:33;4:123;7:108;12:485;15:427;18:124;23:120;26:114;29:254;34:188;37:153;40:194;42:255;45:262
110	0:438;1:60;1:103;1:33;1:139;4:123;7:108;12:485;15:427;18:124;23:120;26:114;29:254;34:188;40:153;46:194;51:255;57:262
111	1:30;1:39;5:31;9:184;13:317;17:23;21:404;25:392;29:350;33:403;37:36;41:429;45:89;49:224;53:32
112	0:379;1:242;1:30;1:39;5:31;9:184;13:317;17:23;21:404;25:392;29:350;33:403;37:36;41:429;48:89;55:224;62:32
113	1:111;1:1;1:45;5:39;9:287;12:3;16:135;20:215;23:107;27:36;31:47;35:68;39:448;44:121;50:113;57:273;65:38
114	1:132;1:93;1:275;4:79;7:22;10:71;14:77;17:20;20:74;23:72;27:133;30:78;33:267;36:202;38:246;41:21;44:321;46:220;48:73;50:390
115	1:4;1:43;7:252;10:39;13:44;19:438;22:99;25:5;31:306;34:146;37:242;43:203;46:200;49:458;50:179
116	1:55;5:108;9:43;13:145;17:239;21:61;26:116;31:460;36:97;41:370;46:349;52:56
117	0:225;1:427;1:50;1:55;5:108;9:43;13:145;17:239;21:61;26:116;31:460;38:97;45:370;52:349;60:56
118	1:64;1:39;1:98;1:346;5:48;8:30;13:175;16:352;21:240;24:31;29:97;32:127;37:32;40:114;45:224
119	0:130;1:424;1:358;1:60;1:64;1:39;1:98;1:346;5:48;8:30;13:175;16:352;21:240;24:31;29:97;32:127;40:32;46:114;54:224
120	1:33;1:106;4:55;7:229;10:105;13:149;16:129;18:61;22:293;24:278;28:460;31:107;35:115;37:389;40:109;42:94;46:113;49:322;53:56
121	1:33;1:106;1:55;1:229;1:105;1:149;1:129;1:56;40:109
122	1:386;1:345;1:112;1:93;1:321;4:456;8:96;11:3;15:149;18:227;22:113;22:115;25:60;29:164;32:278;36:298;39:94;43:272;46:226;50:219
123	1:399;1:98;1:43;5:116;9:228;13:206;17:97;21:17;25:210;29:163;33:13;37:232;41:400;45:387;49:438;50:356;57:14;61:487
124	0:465;1:103;1:1;1:93;5:122;8:142;11:181;15:3;18:8;21:408;25:212;28:313;33:454;39:360;44:34;49:94;55:195;60:59
125	1:98;1:43;5:84;8:67;12:129;15:351;19:86;22:364;26:113;29:9;36:368;42:103;49:85;55:87
126	1:123;1:43;5:52;8:108;12:185;15:83;19:427;22:441;26:109;29:7;36:383;42:241;49:53;55:126
127	1:11;1:116;4:20;8:69;11:106;15:279;22:233;22:438;26:280;29:400;33:66;36:421;40:14;43:37;47:276;50:12
128	1:33;1:43;1:116;3:39;5:99;8:30;11:184;15:228;19:156;24:430;29:414;35:36;41:401;48:207;55:37;63:38;71:376
129	1:150;15:33;30:175
130	0:44;1:37;20:20;20:99;20:82;21:43;24:239;27:432;30:358;33:184;36:444;39:242;42:56;45:349;48:412;51:240;54:63
131	1:47;1:45;1:55;4:54;7:109;10:381;14:352;18:34;22:240;27:195;32:58;37:460;43:219;45:59;47:56;50:329;55:370
132	1:144
133	1:24;1:33;1:39;1:270;5:28;9:462;13:98;17:44;17:129;20:287;25:36;29:204;33:226;37:38;41:273;45:215
134	0:55;1:33;1:39;1:24;1:270;5:28;9:462;13:98;17:352;20:62;25:36;29:151;33:114;37:330;41:281;45:56
135	0:84;1:33;1:39;1:270;5:28;9:462;13:98;17:24;20:433;25:42;29:97;33:86;37:368;41:281;45:87
136	0:52;1:33;1:39;1:24;1:116;1:270;5:28;9:462;13:98;17:44;20:431;25:83;29:184;33:123;37:383;41:281;45:434
137	1:112;1:160;1:176;1:33;1:159;7:60;12:97;18:105;23:86;29:324;34:278;40:368;45:199;50:161;56:277;62:192
138	1:132;1:110;7:44;10:55;16:205;19:43;25:341;28:460;34:182;37:246;40:350;43:321;46:157;50:452;55:56
139	0:131;1:132;1:110;7:44;10:55;16:205;19:43;25:341;28:460;34:182;37:246;40:191;48:350;56:321;62:157;67:452;75:56
140	1:10;1:106;6:71;11:43;13:88;16:341;21:28;26:203;31:357;36:72;41:319;46:246;50:157;55:141
141	0:163;1:400;1:487;1:10;1:106;6:71;11:43;13:88;16:341;21:28;26:203;31:357;36:72;45:319;54:246;60:157;63:141;72:387
142	1:432;1:431;1:433;1:17;1:48;1:44;1:184;9:46;17:97;25:246;33:242;41:36;49:510;57:382;65:63;73:157;81:376
143	1:33;4:111;9:133;12:122;17:29;20:281;25:34;28:156;28:173;33:214;35:376;36:205;41:335;44:187;49:242;50:276;57:490
144	1:143;1:16;1:181;1:43;8:54;15:381;22:170;29:246;36:97;43:407;50:115;57:258;64:243;71:58;78:59;85:395;92:412;99:329
145	1:143;1:64;1:84;1:43;8:86;15:197;22:451;29:246;36:268;43:97;50:368;57:240;64:113;71:65;78:87;85:395;92:85;99:192
146	1:17;1:52;1:43;8:83;15:97;22:203;29:246;36:53;43:219;50:356;57:241;64:257;71:76;78:143;85:395;92:412;99:315
147	1:35;1:43;5:86;11:239;15:82;21:21;25:97;31:444;35:358;41:492;45:219;51:349;55:200;61:63
148	1:35;1:43;5:86;11:239;15:82;21:21;25:97;33:444;39:358;47:492;53:219;61:349;67:200;75:63
149	0:17;1:7;1:9;1:245;1:357;1:54;1:35;1:43;5:86;11:239;15:82;21:21;25:97;33:444;39:358;47:492;53:219;61:349;67:200;75:63;81:412
150	1:93;1:50;1:219;1:100;5:149;8:129;15:248;22:244;29:97;36:391;43:115;43:113;50:105;57:94;64:112;70:359;79:133;86:54;93:109;100:354
151	1:1;1:219;1:149;1:93;10:5;20:118;30:94;40:112;50:144;50:246;60:133;70:102;80:226;90:386;100:359
152	1:33;1:45;6:75;9:77;12:235;17:115;20:345;23:267;28:230;31:113;34:34;39:219;42:312;45:76
153	1:33;1:45;6:75;9:77;12:235;18:115;22:345;26:267;32:230;36:113;40:34;46:219;50:312;54:76
154	0:80;1:33;1:45;6:75;9:77;12:235;18:115;22:345;26:267;34:230;40:113;46:34;54:219;60:312;66:76;70:486
155	1:33;1:43;6:108;10:52;13:98;19:172;22:111;28:406;31:129;37:383;40:53;46:435;49:205;55:38;58:315;64:284
156	1:33;1:43;6:108;10:52;13:98;20:172;24:111;31:129;35:406;42:383;46:53;53:435;57:205;64:38;68:315;75:284
157	1:326;1:9;1:33;1:43;6:108;10:52;13:98;20:172;24:111;31:129;35:406;43:383;48:53;56:435;61:205;69:38;74:315;82:284
158	1:10;1:43;6:55;8:99;13:44;15:184;20:432;22:175;27:242;29:352;34:163;36:103;41:37;43:358;48:276;50:56
159	1:10;1:43;6:55;8:99;13:44;15:184;21:432;24:175;30:242;33:352;39:163;42:103;48:37;51:358;57:276;60:56
160	0:471;1:349;1:97;1:10;1:43;6:55;8:99;13:44;15:184;21:432;24:175;32:242;37:352;45:163;50:103;58:37;63:358;71:276;76:56
161	1:203;1:193;1:98;6:68;11:487;15:375;19:456;24:103;29:179;47:386;50:136
162	0:359;1:193;1:232;1:197;1:98;6:68;11:487;15:470;19:14;24:319;29:198;33:363;37:299;42:414;47:347;51:448;55:365;60:370;65:245
163	1:10;1:45;1:98;7:168;8:133;10:185;13:24;16:414;19:418;22:269;25:375;28:115;31:367;34:431;37:462;40:483;43:417;46:457
164	1:409;1:387;1:183;1:228;25:269;29:7;34:259;39:97;44:457;49:484;54:386;59:286;64:367;35:359;42:185;23:44;1:46;31:242;60:365
165	1:33;5:48;8:129;12:113;12:115;12:219;15:183;19:318;22:4;26:226;29:97;33:362;36:356;40:38
166	1:33;5:48;8:129;12:113;12:115;12:219;15:183;20:318;24:4;29:226;33:97;38:362;42:356;47:38
167	1:40;1:81;1:132;5:71;8:419;12:184;15:101;19:398;22:154;26:458;29:169;33:97;36:42;40:94;43:424;47:366;50:481;54:469
168	0:14;1:40;1:81;1:132;5:71;8:419;12:184;15:101;19:398;23:154;28:458;32:169;37:97;41:42;46:94;50:424;55:366;58:481;63:469
169	0:366;1:103;1:242;1:71;5:48;7:310;11:44;13:17;17:109;19:314;24:129;27:305;32:212;35:141;40:114;43:422;48:356;51:18
170	1:48;1:145;6:86;9:351;12:55;17:109;20:61;23:209;28:324;31:175;34:368;39:36;42:133;45:56;47:364;50:268
171	0:254;0:256;0:255;1:145;1:48;6:86;9:351;12:55;17:109;20:61;23:209;29:324;33:175;37:368;43:36;47:133;51:56;54:364;58:268
172	1:84;1:204;5:39;10:186;13:386;18:86
173	1:1;1:204;4:227;7:47;10:186;13:456;16:345
174	1:47;1:204;3:111;5:1;9:186;11:456
175	1:45;1:204;5:118;9:186;13:281;17:227;21:266;25:217;29:273;33:246;37:219;41:226;45:38;49:482;53:193
176	0:461;0:345;1:45;1:204;5:118;9:186;13:281;17:227;21:266;25:217;29:273;33:246;37:219;41:226;45:38;49:482;53:193
177	1:64;1:43;6:101;9:100;12:277;17:482;20:388;23:109;28:273;33:94;36:193;39:395;44:248;47:115;47:113;50:285
178	0:356;1:64;1:43;6:101;9:100;12:277;17:482;20:388;23:109;29:273;35:94;39:193;43:395;49:248;53:115;53:113;57:285
179	1:33;1:45;4:86;8:84;11:178;15:268;18:36;22:351;25:109;29:389;32:368;36:439;39:324;43:113;46:87
180	1:33;1:45;4:86;8:84;11:178;16:268;20:36;25:351;29:109;34:389;38:368;43:439;47:324;52:113;56:87
181	0:9;1:7;1:33;1:45;4:86;8:84;11:178;16:268;20:36;25:351;29:109;35:389;40:368;46:439;51:324;57:113;62:87;65:370
182	0:345;1:241;1:348;1:230;1:78;1:72;39:415;49:486;59:80;69:428
183	1:33;1:55;2:39;5:346;7:145;10:111;10:205;13:61;16:270;20:358;23:463;28:357;31:240;37:38;40:276;47:56
184	1:33;1:55;2:39;5:346;7:145;10:111;10:205;13:61;16:270;21:358;25:463;31:357;35:240;42:38;46:276;55:56
185	0:21;1:447;1:88;1:456;5:175;8:67;12:88;15:102;19:185;22:462;26:317;29:335;33:157;36:68;40:458;43:38;47:429;50:379;54:380
186	0:195;1:95;1:3;1:61;27:207;37:340;48:304
187	1:150;1:71;4:235;6:39;8:33;10:461;12:77;14:78;16:79;19:331;22:73;25:72;28:440;31:453;34:178;37:442;40:475;43:202;46:340;49:262
188	1:150;1:71;4:235;6:39;8:33;10:461;12:77;14:78;16:79;20:331;24:73;28:72;32:440;36:453;40:178;44:442;48:475;52:202;56:340;60:262
189	0:439;1:150;1:71;4:235;6:39;8:33;10:461;12:77;14:78;16:79;20:331;24:73;29:72;34:440;39:453;44:178;49:442;54:475;59:202;64:340;69:262
190	1:10;1:39;4:28;8:310;11:226;15:321;18:154;22:129;25:103;29:97;32:438;36:252;39:386;43:21
191	1:71;1:74;4:275;7:320;10:72;13:73;16:75;19:475;22:202;25:283;28:235;31:267;34:76;37:38;40:241;43:396
192	0:478;1:71;1:1;1:74;4:275;7:320;10:72;13:73;16:75;19:475;22:202;25:331;28:80;31:267;34:76;37:38;40:241;43:428;50:486
193	1:33;1:193;6:98;11:104;14:49;17:197;22:48;27:253;30:228;33:246;38:95;43:17;46:103;49:442;54:356;57:362
194	1:55;1:39;5:300;9:341;15:21;19:385;23:133;29:281;33:89;37:240;43:54;43:114;47:330
195	1:55;1:39;5:300;9:341;15:21;19:385;24:133;31:281;36:89;41:240;48:54;48:114;53:330
196	0:93;1:33;1:39;1:24;1:270;5:28;9:462;13:98;17:129;20:60;25:248;29:244;33:234;37:94;41:281;45:482
197	0:228;1:33;1:39;1:24;1:270;5:28;9:462;13:98;17:109;20:185;25:485;29:103;33:236;37:212;41:281;45:482
198	1:64;1:310;5:228;11:114;15:17;21:101;25:485;31:269;35:185;41:212;45:457;50:65;55:458;61:259;65:367
199	0:389;1:237;1:174;1:281;1:33;5:45;9:55;14:93;19:50;23:29;28:352;32:401;36:386;41:207;45:94;49:248;54:244;58:448
200	1:45;1:149;5:180;10:310;14:109;19:212;23:436;28:60;32:220;37:430;41:247;46:195;50:288;55:389
201	1:237
202	1:68;1:243;1:219;1:194
203	1:33;1:45;1:93;1:310;5:316;10:485;14:23;19:60;23:97;28:485;28:438;32:401;37:242;41:226;46:386;50:94
204	1:33;1:182;6:120;9:450;12:36;17:229;20:117;23:267;28:191;31:430;34:153;39:334;42:68;45:38
205	0:446;1:33;1:182;6:120;9:450;12:36;17:229;20:117;23:267;28:191;32:430;36:153;42:334;46:68;50:38;56:393;60:192;64:469
206	1:99;1:111;3:205;6:180;8:228;11:103;13:189;16:281;18:246;21:34;23:403;26:395;28:36;31:411;33:91;36:137;38:38;41:283;43:356;46:492;48:203;51:175
207	1:40;4:28;7:106;10:430;13:98;16:210;19:185;22:440;27:163;30:442;35:103;40:400;45:327;50:14;55:12
208	0:334;1:431;1:432;1:433;1:33;1:106;1:20;1:300;4:174;7:88;10:317;13:99;16:468;19:334;20:335;22:350;25:225;28:21;31:103;34:157;37:242;40:382;43:91;46:429;49:38;52:201
209	1:432;1:431;1:433;1:184;1:33;1:39;1:204;7:44;13:122;19:29;25:46;31:99;37:463;43:430;49:242
210	0:365;1:431;1:432;1:433;1:204;1:184;1:33;1:39;7:44;13:122;19:29;27:46;35:99;43:463;51:430;59:242;67:200
211	1:191;1:33;1:40;1:55;9:106;9:107;13:145;17:205;21:469;25:254;25:255;29:279;33:460;37:42;41:36;45:358;49:424;53:194;57:56;60:324
212	0:363;1:98;1:43;5:116;9:228;13:206;17:97;21:232;25:210;29:163;33:13;37:334;41:400;45:387;49:438;50:382;57:14;61:226
213	1:110;1:132;1:117;1:205;5:227;9:35;12:419;16:219;20:156;23:88;27:476;31:483;34:452;38:157;42:450;45:182;45:468;49:429;53:481
214	1:387;1:292;1:331;1:350;1:33;1:43;1:30;1:203;7:487;10:332;16:228;19:68;25:31;28:280;31:42;34:36;37:224;43:365;46:179
215	1:10;1:43;1:269;8:98;10:185;14:196;16:154;20:97;22:232;25:409;28:251;32:103;35:163;40:289;44:381;47:387
216	1:10;1:122;1:43;1:313;8:154;15:185;22:230;25:462;29:163;36:204;43:156;43:173;50:37;57:187
217	1:10;1:43;1:122;1:313;8:154;15:185;22:230;25:462;29:163;38:184;47:156;47:173;58:37;67:379
218	1:123;1:281;6:52;8:88;13:106;15:474;20:427;22:246;27:441;29:157;34:383;36:133;41:34;43:105;48:53;50:372
219	0:452;1:123;1:281;6:52;8:88;13:106;15:474;20:427;22:246;27:441;29:157;34:383;36:133;43:34;47:105;54:53;58:372
220	1:33;1:316;5:300;8:181;11:189;14:203;18:385;21:196;24:381;28:36;35:54;37:89;40:175;44:59;48:133
221	0:31;1:246;1:413;1:64;1:316;5:300;8:181;11:189;14:203;18:385;21:196;24:432;28:36;37:54;41:37;46:89;52:59;58:133
222	1:33;1:106;4:145;8:105;10:61;13:287;17:246;20:131;23:112;27:460;29:334;31:350;35:203;38:275;41:389;45:243;47:372;50:175
223	1:55;6:199;10:60;14:62;18:61;22:116;26:352;30:324;34:58;38:331;42:56;46:63;50:378
224	0:190;1:350;1:55;6:132;10:60;14:62;18:61;22:116;28:425;34:324;40:58;46:331;52:56;58:63;64:378
225	1:217
226	1:60;1:331;1:324;1:33;1:145;3:48;7:61;11:109;14:17;16:29;19:352;23:114;27:36;32:97;36:356;39:243;46:340;49:56
227	1:43;1:64;6:28;9:232;12:314;17:31;20:395;23:129;28:191;31:97;34:211;39:163;42:319;45:356;50:361;53:387
228	1:43;1:52;4:336;8:123;13:46;17:44;20:316;25:251;28:431;32:185;37:367;40:457;44:53;49:242;52:386;56:435
229	1:433;1:52;1:43;4:336;8:123;13:46;16:44;20:316;26:251;30:431;35:185;41:367;45:457;50:53;56:242;60:386;65:435
230	1:225;1:427;1:50;1:55;5:108;9:43;13:145;17:239;21:61;26:116;31:460;38:97;45:370;52:349;60:56
231	1:33;1:45;1:111;1:316;6:175;10:205;15:267;19:203;24:21;28:36;33:204;37:463;42:38
232	0:31;1:431;1:433;1:404;1:381;1:30;1:45;1:111;6:229;10:205;15:485;19:203;24:21;30:222;37:184;43:89;50:376
233	1:112;1:160;1:176;1:33;1:111;7:60;12:97;18:105;23:86;29:324;34:278;40:368;45:199;50:161;56:277;62:192;67:63
234	1:33;3:43;7:310;10:95;13:23;16:28;21:36;23:109;27:347;33:272;38:401;43:26;49:286;50:213;55:224
235	1:166;11:166;21:166;31:166;41:166;51:166;61:166;71:166;81:166;91:166
236	1:33;1:270;1:252;1:193
237	0:27;1:279;1:33;1:270;1:252;1:193;6:116;10:228;15:98;19:229;24:487;28:68;33:167;37:97;42:203;46:183;46:363;50:197;55:365;60:283
238	1:1;5:122;8:186;11:181;15:93;18:47;21:408;25:212;28:313;31:213;35:360;38:94;41:456;45:195;48:59
239	1:98;1:43;5:84;8:67;12:129;15:351;19:86;22:364;26:113;29:9;33:368;36:103;40:85;43:87
240	1:123;1:43;5:52;8:108;12:185;15:83;19:427;22:441;26:109;29:7;33:383;36:241;40:53;43:126
241	1:33;3:45;5:111;8:23;11:208;15:117;19:205;24:34;29:401;35:213;41:146;48:215;50:454
242	1:111;1:1;1:45;5:39;9:287;12:3;16:135;20:215;23:107;27:36;31:47;34:68;39:448;44:121;50:113;57:273;65:38
243	1:44;1:43;8:84;15:46;22:98;29:209;36:115;43:242;50:433;57:368;64:326;71:240;78:347;85:87
244	1:221;1:44;1:43;8:52;15:46;22:83;29:23;36:53;43:207;50:431;57:383;64:326;71:126;78:347;85:284
245	1:329;1:44;1:43;8:61;15:240;22:16;29:62;36:54;43:243;50:432;57:459;64:326;71:56;78:347;85:59
246	1:44;1:43;5:201;10:103;14:23;19:157;23:184;28:37;32:367;37:430;41:242;46:89;50:429;55:63
247	1:44;1:43;5:201;10:103;14:23;19:157;23:184;28:37;34:367;41:430;47:242;54:89;60:429;67:63
248	1:431;1:432;1:433;1:44;1:43;5:201;10:103;14:23;19:157;23:184;28:37;34:367;41:430;47:242;54:89;63:429;73:63;82:376
249	1:18;1:311;9:16;15:492;23:326;29:240;37:56;43:177;50:484;57:246;65:219;71:105;79:248;85:267;93:347;99:143
250	1:18;1:311;9:16;15:361;23:326;29:241;37:126;43:221;50:484;57:246;65:219;71:105;79:248;85:267;93:347;99:143
251	1:372;1:73;1:93;1:105;1:215;10:219;19:345;28:246;37:226;46:267;55:235;64:248;73:273;82:428;91:195
252	
253	
254	
255	
256	
257	
258	
259	
260	
261	
262	
263	
264	
265	
266	
267	
268	
269	
270	
271	
272	
273	
274	
275	
276	
277	1:1;1:43;5:71;9:98;13:72;17:228;21:202;25:97;29:21;33:197;37:373;41:225;45:283;49:103
278	0:210;1:1;1:43;5:71;9:98;13:72;18:228;23:348;28:97;33:21;38:197;43:400;48:206;53:225;58:428;63:103
279	0:437;1:210;1:387;1:1;1:43;5:71;9:98;13:72;18:228;23:348;28:97;33:21;39:197;45:400;51:206;57:370;63:428;69:103
280	1:10;1:45;5:52;10:28;14:64;19:83;23:98;28:441;32:116;37:163;41:119;46:53
281	0:24;1:10;1:45;5:52;10:28;14:64;20:406;25:98;31:339;36:116;42:163;47:119;53:327;58:434
282	0:299;1:24;1:136;1:7;1:10;1:45;5:52;10:28;14:64;20:406;25:98;31:339;37:116;44:163;50:361;57:327;63:434
283	1:33;1:45;4:55;9:189;12:193;17:117;20:300;25:88;28:182;33:250;36:36;41:56;44:283
284	0:341;1:33;1:45;4:55;9:189;12:193;18:117;22:385;28:157;32:182;38:330;42:36;48:89;52:283
285	0:352;1:33;1:45;1:341;4:55;9:189;12:193;18:117;22:385;28:157;32:182;39:330;44:36;51:89;56:283;63:379
286	1:33;4:336;7:28;10:44;13:316;16:46;19:207;22:485;25:184;28:289;31:269;34:242;37:281;40:36;43:458;46:463
287	0:418;1:431;1:432;1:433;1:33;4:336;7:28;10:44;13:316;16:46;20:207;24:485;28:184;32:289;36:269;40:242;44:281;48:36;52:458;56:463
288	1:33;1:45;5:39;7:28;11:29;12:462;13:316;17:300;19:42;23:129;25:270;29:175;31:36;35:156;37:187;41:245
289	1:463;1:479;1:33;1:45;5:39;7:28;11:29;13:316;17:300;19:154;24:129;27:270;32:163;35:38;40:156;43:187;48:245
290	1:33;1:81;5:40;15:450
291	0:106;1:106
292	0:16;1:16;12:71;15:78;17:234;20:314;22:72;25:318;27:213;30:18;32:202;35:362;37:99;40:415
293	0:106;1:106
294	1:16;0:16;12:93;15:77;17:236;20:422;22:60;25:318;27:113;30:18;32:92;35:362;37:182;40:415
295	1:310;3:45;6:71;9:145;12:73;15:54;18:72;21:61;24:267;27:240;30:202;33:401;36:373
296	1:310;3:45;6:71;9:145;12:154;16:252;20:346;24:61;28:267;32:253;36:202;40:401;44:56
297	1:310;1:45;1:72;1:267
298	1:117;3:106;9:74;15:267;21:235;27:241;33:153
299	0:75;1:1;3:106;6:74;9:259;12:252;16:267;20:13;24:185;28:348;32:207;36:326
300	1:185;1:386;1:75;1:18;20:416;32:412;44:428
301	1:10;1:106;5:71;9:28;13:154;17:189;21:232;25:170;29:117;33:206;37:91
302	0:104;0:210;0:103;1:141;1:450;1:10;1:106;5:71;9:28;13:154;17:97;23:163;29:170;35:226;41:14;47:400
303	1:10;1:106;5:71;9:28;13:154;17:180;21:398;25:170;29:109;33:247;37:288;41:206;45:141
304	1:64;1:45;5:116;9:98;13:17;17:104;21:332;25:395;29:97;33:356;37:283;41:361;45:179
305	1:451;1:64;1:45;5:116;9:98;13:17;17:104;21:332;27:395;33:97;39:356;45:283;51:361;57:179
306	1:71;1:33;5:78;8:73;12:72;15:29;19:77;22:475;26:202;29:74;33:92;36:396;40:147
307	0:183;0:331;1:264;1:371;1:147;1:33;1:71;5:78;8:73;12:72;15:29;19:487;22:68;28:375;33:170;39:327;44:396;50:223
308	1:33;5:456;10:185;14:60;19:95;23:146;28:458;32:298;37:253;41:244;46:38;50:175;55:37
309	1:45;1:55;5:48;8:17;12:54;15:352;19:98;22:314;26:228;29:332;33:395;36:97;40:356;43:412
310	0:182;1:45;1:55;5:48;8:17;12:54;15:352;19:430;22:460;28:351;33:254;33:255;33:256;39:395;44:239;50:56;55:412
311	1:145;6:98;9:230;14:346;17:61;22:97;25:54;25:114;30:357;35:226;38:481
312	0:184;0:314;1:388;1:145;6:98;9:230;14:346;17:16;26:78;32:318;38:356;42:362;48:18;52:415
313	1:150;4:45;7:55;10:205;13:250;16:310;19:352;22:54;25:460;29:156;33:323;37:133;41:291;45:340;49:56;53:34
314	1:174;1:150;4:45;7:55;10:205;13:250;16:310;19:352;22:54;25:460;29:156;33:323;37:133;44:291;51:340;58:56;65:34
315	1:252;1:45;1:39;1:33;4:193;7:47;10:213;13:467;16:3;19:456;22:185;25:204;28:454;31:274;34:458;37:215;40:38;43:313;46:463
316	1:252;1:213;1:47;1:3
317	1:457;1:39;1:122;1:10;1:310;4:20;7:398;10:487;13:154;16:185;18:60;21:246;25:163;30:293;33:397;38:103;42:164;46:458;50:264
318	1:106;1:93;4:229;7:189;10:278;13:317;16:60;19:246;22:322;25:285;28:120;31:326;34:115;34:113;37:372;40:201;43:286;46:153
319	0:63;1:100;1:106;1:93;4:229;7:189;10:278;13:317;16:60;19:246;22:322;25:285;28:120;31:326;34:115;34:113;40:372;46:201;52:286;58:153
320	1:33;4:106;7:335;10:88;13:86;16:156;19:209;22:157;25:389;28:350;31:368;34:201;37:372;40:429;43:199;43:192
321	1:52;4:123;7:110;10:229;13:83;15:108;18:172;22:174;25:383;27:34;30:182;34:53;38:334;40:133;42:175;45:257;47:452;50:435
322	1:43;1:10;4:193;6:101;9:310;11:154;14:197;16:398;19:185;21:252;24:484;26:458;29:397;31:109;34:401;36:389;39:247;41:457;44:105;46:212
323	1:189;6:300;6:346;9:55;13:385;15:133;17:352;20:222;25:156;25:173;28:358;32:89;35:330;39:248;44:90
324	0:37;1:349;1:401;1:321;1:189;6:300;6:346;9:55;13:385;15:133;17:352;20:222;25:156;25:173;28:358;34:89;39:330;45:248;52:90
325	1:33;1:204;4:55;7:97;9:465;13:150;17:352;20:213;22:408;26:175;31:186;34:36;37:48;40:448;42:346;46:56;49:219
326	1:145;5:106;7:11;10:43;14:61;17:182;20:438;23:430;26:387;31:455;34:269;37:14;39:242;43:152;48:12
327	0:129;1:349;1:276;1:145;5:106;7:11;10:43;14:61;17:182;20:438;23:282;26:387;32:455;34:269;40:14;43:242;48:152;54:12
328	1:150;15:33;30:175
329	0:352;1:109;1:55;1:35;1:287;4:346;7:287;11:467;14:239;17:114;21:243;24:444;27:105;31:358;34:213;37:219;41:411;44:56;47:240
330	1:43;1:44;4:99;8:116;11:357;15:485;18:103;22:207;25:432;29:184;32:305;36:242;39:97;43:36
331	0:163;1:56;1:487;1:44;1:43;6:99;8:116;11:357;15:485;18:103;22:207;25:432;29:184;34:305;40:242;45:97;51:130;56:269;62:387
332	1:44;1:28;1:185;1:117;5:189;8:404;12:328;15:157;19:91;22:242;26:372;29:487;33:89;36:201;40:276;43:63;47:90
333	0:225;1:49;1:28;1:185;1:117;5:189;8:404;12:328;15:157;19:48;22:103;26:372;29:362;33:89;36:201;40:253;43:63;47:473
334	0:337;1:225;1:349;1:473;1:362;1:49;1:28;1:185;1:117;5:189;8:404;12:328;15:157;19:48;22:103;26:372;29:444;33:89;36:201;40:253;43:63;47:492
335	1:33;1:116;4:28;7:292;10:252;13:375;16:18;19:185;22:233;25:187;28:265;31:69;34:454;37:203;40:365;43:179;46:363
336	1:238;1:460;1:33;1:116;4:28;7:292;10:252;13:375;16:18;19:185;22:233;26:187;30:265;34:69;38:454;42:203;46:365;50:179;54:363
337	1:33;1:86;4:43;7:336;10:98;13:209;16:316;19:433;24:44;29:368;34:46;39:423;44:268;49:87
338	1:431;1:33;1:86;4:43;7:336;10:98;13:209;16:316;19:433;24:44;30:368;36:46;42:423;48:268;54:87;60:242
339	1:45;1:33;5:52;8:116;12:222;15:441;19:133;22:383;26:372;29:174;31:36;36:281;40:89;43:53;47:38
340	0:157;1:33;1:45;5:52;8:116;12:222;15:441;19:133;22:383;26:372;29:174;31:36;39:281;46:89;52:284;59:90
341	1:111;1:181;1:45;1:55;5:205;9:227;13:301;17:460;21:62;26:34;31:156;31:173;36:258;41:59;46:329
342	0:207;1:111;1:181;1:45;1:55;5:205;9:227;13:301;17:460;21:62;26:34;31:156;31:173;38:258;45:59;52:329
343	0:432;1:207;1:242;1:181;1:45;1:55;1:111;7:205;7:227;13:301;19:62;19:460;25:34;31:156;31:173;38:258;49:59;60:329
344	1:40;1:43;4:71;7:74;10:73;13:28;16:302;19:185;22:275;26:430;30:191;34:458;38:42;42:373;46:178;50:201;54:194
345	0:279;1:40;1:43;4:71;7:74;10:73;13:28;16:302;19:185;22:275;26:430;30:191;35:458;38:42;44:373;49:178;54:201;59:194
346	1:181;1:43;5:104;10:381;14:196;19:44;23:432;28:29;32:182;37:407;41:242;46:59;50:258
347	0:58;1:181;1:43;5:104;10:381;14:196;19:44;23:432;28:29;32:182;37:407;41:242;48:59;54:258;61:329
348	1:389;1:33;1:106;1:93;1:88;5:95;9:393;13:149;17:270;21:157;25:322;29:94;33:236;37:429;41:248;45:153;49:464
349	1:434;1:33;1:106;1:93;1:88;5:83;9:393;13:149;17:270;21:157;25:322;29:94;33:234;37:429;41:76;45:153;49:126
350	1:150;1:55;2:39;5:346;7:145;10:204;13:61;16:270;20:21;23:340
351	1:150;7:149;10:316;14:60;15:244;18:109;21:277;26:401;29:156;29:389;33:173;38:326;40:430;44:94;50:340
352	0:298;1:248;1:150;1:316;7:149;10:316;14:60;15:244;18:109;21:277;26:401;29:389;35:156;35:173;42:326;46:430;52:94;60:340
353	1:45;1:86;1:98;1:488;4:270;7:209;10:227;13:47;16:129;19:364;22:456;25:204;28:268;31:368;34:226;37:97;40:313;43:87;46:386;49:186
354	1:45;1:86;1:98;1:488;4:270;7:209;10:227;13:47;16:129;19:364;22:456;25:313;28:268;31:368;34:226;37:97;40:204;43:87;46:386;49:186
355	1:45;1:461;1:310;1:269;5:313;9:44;13:230;17:11;21:185;25:226;29:242;33:334;37:458;41:254;41:255;41:256;45:382;49:463
356	1:117;4:96;7:93;9:197;12:203;15:487;17:375;20:237;23:347;25:170;28:136;31:244;33:483;36:226;39:179;41:105;44:68
357	1:7;1:8;1:9;1:401;1:252;1:117;4:96;7:93;9:197;12:203;15:487;17:375;20:237;23:347;25:170;28:136;31:244;33:483;36:226;42:179;47:105;53:68
358	1:64;1:45;3:310;5:47;7:31;9:219;11:467;14:54;17:253;20:267;23:36;26:287;30:119;34:439;38:370;42:195;46:464
359	0:225;1:451;1:45;1:64;3:310;5:47;7:31;9:219;11:467;14:54;17:253;20:267;23:36;26:287;30:349;34:439;40:370;46:195;52:464;59:143
360	1:150;1:204;1:227;15:68;15:243;15:219;15:194
361	1:43;1:101;6:50;9:310;14:193;17:398;22:228;25:261;30:109;33:174;38:436;41:247;46:212;49:430;54:248
362	0:325;1:7;1:8;1:9;1:220;1:20;1:43;1:101;6:50;9:310;14:193;17:398;22:228;25:261;30:109;33:174;40:436;45:247;52:212;57:430;64:248
363	1:71;4:74;7:40;10:78;13:72;16:73;19:345;22:320;25:202;28:469;31:230;34:275;37:486;40:92;43:312;46:235;50:80
364	1:10;1:281;6:227;9:303;14:185;17:133;22:29;25:387;30:68;33:175;38:463
365	1:10;1:116;6:227;9:253;14:154;17:203;23:163;27:387;33:68;37:264;43:179
366	0:207;1:10;1:281;6:227;9:303;14:185;17:133;23:163;27:387;33:68;39:175;47:376;53:484;61:379
367	1:1;5:281;8:139;10:124;12:133;17:425;20:227;25:92;28:254;28:255;28:256;33:188;36:476;41:194;44:220;49:378
368	0:34;1:422;1:1;5:281;8:139;10:124;12:133;17:425;20:227;25:92;30:254;30:255;30:256;37:188;42:476;49:194;54:220;61:378
369	1:43;1:16;1:75;1:74;6:230;10:23;16:345;21:18;26:416;30:267;36:356;41:34;46:349;50:235;56:76;61:428
370	1:1;4:467;8:310;11:336;15:103;18:48;22:23;25:253;29:46;32:156;36:214;39:304;43:326
371	0:44;1:1;4:467;9:310;11:336;15:103;18:48;23:23;27:253;32:46;36:156;41:214;45:304;50:326
372	0:242;1:44;1:431;1:432;1:433;1:1;4:467;9:310;11:336;15:103;18:48;23:23;27:253;32:46;36:156;42:214;47:304;53:326;58:473;64:63
373	1:128;1:55;1:250;1:334;50:452
374	1:250;1:44;5:103;9:184;11:185;14:352;16:432;19:460;23:458;26:291;29:226;34:242;39:358;45:411;50:56
375	1:93;1:250;5:346;9:97;11:465;14:352;16:133;19:287;23:213;26:291;29:226;34:94;39:358;45:411;50:56
376	1:487;1:10;4:43;7:98;10:228;13:269;16:44;19:104;22:163;25:14;29:387;33:197;37:391;41:463;45:458;49:13;53:248;57:195
377	1:228;4:103;7:101;10:180;13:398;16:261;19:185;22:436;26:174;30:247;34:194;38:458;42:289;46:288;50:50;54:378
378	1:228;4:103;7:101;10:180;13:398;16:261;19:185;22:436;26:174;30:247;34:194;40:458;46:289;52:288;58:50;64:378
379	1:35;1:207;4:44;6:122;9:342;11:487;14:103;16:422;19:137;21:305;24:184;26:387;29:476;31:424;34:114;36:14;39:242;41:254;44:411;46:255
380	1:10;1:43;5:98;8:210;12:228;15:409;19:163;22:279;26:306;29:206;33:50;36:197;40:400;43:269;47:14;50:365
381	1:33;1:106;1:175;6:300;10:55;15:317;21:246;26:291;31:36;35:281;41:156;46:56;50:38;56:380;96:16;0:46;0:48;120:0;72:1;17:1;17:34;111:358;1:256;0:352;8:85;64:16;104:4;104:15;120:47;65:319;23:432;25:375;25:307;96:136;0:4;127:259;0:400;7:416;23:464;31:496;31:496;31:496;2:112;95:496;88:255;120:431;120:17;120:1;120:1;120:1;120:1;120:1;96:1;0:496;0:464;8:273;8:273;85:170;85:0;34:170;34:68;42:324;31:341;42:341;3:272;9:272;0:288;7:256;15:496;15:368;8:253;120:30;120:511;120:447;120:447;16:255;41:4;2:0;50:258;51:34;19:82;0:34;17:6;17:127;3:0;31:496;127:497;95:497;95:497;95:497;127:497;25:272;57:307;2:0;25:391;57:392;28:39;0:51;25:262;0:51;120:6;96:63;64:63;35:337;76:400;76:409;110:400;62:477;48:68;0:259;8:38;40:3;0:31;76:286;29:273;40:255;40:257;120:67;120:31;120:31;120:31;120:31;112:31;4:31;34:9;110:477;1:352;34:17
382	1:33;1:106;4:189;7:29;10:232;13:317;16:182;19:46;22:382;25:157;28:36;31:319;34:231;37:334;40:38;43:393;46:34;49:380
383	1:33;1:106;4:189;7:29;10:232;13:317;16:182;19:46;22:382;25:157;28:36;31:319;35:231;39:334;43:38;47:393;51:34;55:380
384	1:33;1:106;4:189;7:29;10:232;13:317;16:182;19:46;22:382;25:157;28:36;31:319;35:231;39:334;45:38;51:393;57:34;63:380
385	1:33;10:55;10:52;10:181;15:29;20:240;20:241;20:258;25:311;35:56;35:126;35:59;45:412
386	1:148;1:33;5:104;8:109;12:98;15:419;19:236;22:294;26:324;29:182;33:401;36:270;40:362;43:463;47:38;50:318
387	1:33;5:230;9:204;12:98;15:419;19:236;22:273;26:227;29:260;33:401;36:270;40:362;43:463;47:343;50:318
388	1:132;1:310;5:51;9:275;13:109;17:246;21:460;26:202;31:476;36:133;41:373;46:254;46:255;46:256;52:243
389	1:132;1:310;5:51;9:275;13:109;17:246;21:460;26:202;31:476;36:133;44:373;52:254;52:255;52:256;61:243
390	1:10;1:106;4:300;7:55;10:210;13:317;17:232;21:246;25:450;29:460;34:163;39:306;44:400;49:182;55:350
391	1:357;1:10;1:106;4:300;7:55;10:210;13:317;17:232;21:246;25:450;29:460;34:163;39:306;46:400;53:182;61:350
392	1:45;4:93;6:104;9:100;11:467;14:219;17:345;19:448;22:465;24:347;27:94;29:286;32:248;34:204;37:95;39:138;42:482
393	1:45;4:93;6:104;9:100;11:467;14:219;17:345;19:448;23:465;26:347;30:94;33:286;37:248;40:204;44:95;47:138;51:482
394	1:109;1:45;4:93;6:104;9:100;11:467;14:273;17:345;19:448;23:465;26:347;31:94;35:286;40:248;44:213;49:95;53:138;58:482;62:464
395	1:99;4:52;7:43;10:44;13:225;17:29;21:116;25:242;29:337;34:401;39:184;44:53;49:38
396	0:182;1:99;4:52;7:43;10:44;13:225;17:29;21:116;25:242;29:337;35:401;42:184;49:53;56:38
397	0:510;1:56;1:200;1:349;1:431;1:433;1:444;1:99;4:52;7:43;10:44;13:225;17:29;21:116;25:242;29:337;30:182;35:401;42:184;49:53;63:38
398	1:36
399	0:93;0:232;0:115;1:36;23:228;26:363;29:113;32:401;35:184;38:94;41:97;44:309;47:334;50:63
400	0:379;1:36;1:115;1:232;1:93;23:228;26:363;29:113;32:401;35:184;38:94;41:97;44:309;52:334;60:63
401	1:153;1:23;7:88;13:364;19:404;25:174;31:246;37:334;43:429;49:379;55:199;55:192;61:276;67:63
402	1:153;1:23;7:196;13:364;19:404;25:174;31:246;37:133;43:58;49:379;55:199;55:192;61:276;67:63
403	1:153;1:23;7:232;13:364;19:404;25:174;31:246;37:133;37:334;43:382;43:449;49:379;55:199;55:192;61:276;67:63
404	1:246;1:352;5:184;15:358;20:34;30:156;35:58;45:308;50:347;60:330;65:329;75:56;80:38;90:323
405	1:246;1:341;5:184;15:372;20:383;30:156;35:89;45:307;50:339;60:76;65:90;75:126;80:379;90:284
406	1:239;5:184;15:246;20:242;30:356;35:156;45:245;50:370;60:349;65:19;75:304;80:200;90:63
407	1:149;4:346;7:204;10:482;13:287;16:448;20:225;24:296;28:270;32:105;36:277;41:401;46:219;51:94;56:370;61:273
408	1:149;4:182;7:349;10:482;13:287;16:448;20:225;24:295;28:270;32:105;36:277;41:401;46:219;51:94;56:370;61:262
409	1:273;1:93;5:156;10:129;15:270;20:94;25:287;30:285;35:401;40:38;45:214;50:273;55:248;60:322;65:382;70:353
410	1:43;1:35;7:101;13:100;19:269;25:228;31:94;37:276;43:468;49:401;55:322;61:192;67:354;73:63;73:376
411	1:35;4:45;7:310;10:93;13:281;16:149;19:36;22:326;27:215;32:253;37:219;42:38;47:448;52:248;57:273
412	1:33;3:45;7:73;9:22;13:77;13:79;15:36;19:75;21:230;25:74;27:38;31:475;33:235;37:396
413	1:33;3:45;7:73;9:22;13:77;13:79;15:36;19:75;21:230;25:74;27:38;31:475;33:235;37:396
414	1:33;3:45;7:73;9:22;13:77;13:79;15:36;19:75;21:230;25:74;27:38;31:475;33:235;37:396
415	1:33;3:45;7:73;9:22;13:77;13:79;15:36;19:75;21:230;25:74;27:38;31:475;33:235;37:396
416	1:33;3:45;7:73;9:22;13:77;13:79;15:36;19:75;21:230;25:74;27:38;31:475;33:235;37:396
417	1:33;3:45;7:73;9:22;13:77;13:79;15:36;19:75;21:230;25:74;27:38;31:475;33:235;37:396
418	1:33;3:45;7:73;9:22;13:77;13:79;15:36;19:75;21:230;25:74;27:38;31:475;33:235;37:396
419	1:33;3:45;7:73;9:22;13:77;13:79;15:36;19:75;21:230;25:74;27:38;31:475;33:235;37:396
420	1:33;3:45;7:73;9:22;13:77;13:79;15:36;19:75;21:230;25:74;27:38;31:475;33:235;37:396
421	1:33;3:45;7:73;9:22;13:77;13:79;15:36;19:75;21:230;25:74;27:38;31:475;33:235;37:396
422	1:33;3:45;7:73;9:22;13:77;13:79;15:36;19:75;21:230;25:74;27:38;31:475;33:235;37:396
423	1:33;3:45;7:73;9:22;13:77;13:79;15:36;19:75;21:230;25:74;27:38;31:475;33:235;37:396
424	1:33;3:45;7:73;9:22;13:77;13:79;15:36;19:75;21:230;25:74;27:38;31:475;33:235;37:396
425	1:33;3:45;7:73;9:22;13:77;13:79;15:36;19:75;21:230;25:74;27:38;31:475;33:235;37:396
426	1:33;3:45;7:73;9:22;13:77;13:79;15:36;19:75;21:230;25:74;27:38;31:475;33:235;37:396
427	1:33;3:45;7:73;9:22;13:77;13:79;15:36;19:75;21:230;25:74;27:38;31:475;33:235;37:396
428	1:33;3:45;7:73;9:22;13:77;13:79;15:36;19:75;21:230;25:74;27:38;31:475;33:235;37:396
429	1:33;3:45;7:73;9:22;13:77;13:79;15:36;19:75;21:230;25:74;27:38;31:475;33:235;37:396
430	1:33;3:45;7:73;9:22;13:77;13:79;15:36;19:75;21:230;25:74;27:38;31:475;33:235;37:396
431	1:33;3:45;7:73;9:22;13:77;13:79;15:36;19:75;21:230;25:74;27:38;31:475;33:235;37:396
432	1:33;3:45;7:73;9:22;13:77;13:79;15:36;19:75;21:230;25:74;27:38;31:475;33:235;37:396
433	1:33;3:45;7:73;9:22;13:77;13:79;15:36;19:75;21:230;25:74;27:38;31:475;33:235;37:396
434	1:33;3:45;7:73;9:22;13:77;13:79;15:36;19:75;21:230;25:74;27:38;31:475;33:235;37:396
435	1:33;3:45;7:73;9:22;13:77;13:79;15:36;19:75;21:230;25:74;27:38;31:475;33:235;37:396
436	1:33;3:45;7:73;9:22;13:77;13:79;15:36;19:75;21:230;25:74;27:38;31:475;33:235;37:396
437	1:33;3:45;7:73;9:22;13:77;13:79;15:36;19:75;21:230;25:74;27:38;31:475;33:235;37:396
438	1:33;3:45;7:73;9:22;13:77;13:79;15:36;19:75;21:230;25:74;27:38;31:475;33:235;37:396
439	1:33;3:45;7:73;9:22;13:77;13:79;15:36;19:75;21:230;25:74;27:38;31:475;33:235;37:396
440	1:33;5:110;9:71;13:75;17:174;21:44;25:72;29:73;33:235;37:242;41:202;45:428
441	1:33;5:110;9:71;13:75;17:174;22:44;27:72;32:73;37:235;42:242;47:202;52:428
442	0:89;1:447;1:33;5:110;9:71;13:75;17:174;22:44;27:72;33:73;39:235;45:242;51:202;57:428
443	1:43;1:10;7:52;9:269;15:154;17:172;23:386;25:259;31:263;33:83;39:440;41:303;47:53
444	0:183;1:10;1:43;7:52;9:269;16:154;19:172;26:487;29:259;36:365;39:83;46:440;49:303;56:434
445	0:365;1:183;1:10;1:43;7:52;9:269;16:154;19:172;26:487;29:484;42:83;52:440;58:347;68:434
446	1:1;4:45;8:145;11:346;15:64;18:61;22:117;25:31;29:460;32:250;36:54;39:65;43:56
447	0:232;1:33;4:45;8:145;11:346;15:64;19:61;24:117;28:31;33:460;37:250;42:54;46:65;50:56
448	0:357;1:232;1:33;4:45;8:145;11:14;15:64;19:61;24:207;28:31;33:460;39:250;46:54;52:65;59:56
449	1:45;1:33;5:98;9:17;13:104;17:283;21:18;25:332;29:36;33:97;37:361;41:38
450	1:33;1:45;5:98;9:17;13:104;18:283;23:18;28:332;33:36;38:97;43:361;48:38
451	0:365;1:33;1:45;5:98;9:17;13:104;18:283;23:18;28:332;33:36;41:97;49:361;57:38
452	1:45;1:33;5:111;9:205;13:29;17:158;21:281;25:242;29:36;33:162;37:14;41:133;45:276;49:174
453	0:55;1:357;1:479;1:33;1:45;5:111;9:205;13:29;18:158;23:281;28:242;33:36;38:162;43:14;48:133;53:276;58:174
454	1:117;1:45;6:419;16:450
455	0:210;1:117;1:45;14:71;18:47;22:116;26:163;30:400;34:103;36:450;38:269;42:387;44:481;46:362;50:195
456	1:33;5:43;9:268;11:462;13:209;17:44;21:46;25:207;29:433;33:242;37:184;41:368;45:423
457	1:33;5:43;9:268;13:209;18:44;23:46;28:207;33:433;38:242;43:184;48:368;53:423
458	1:33;5:43;9:268;13:209;18:44;23:46;28:207;35:433;42:242;49:184;56:368;63:423;67:276
459	1:71;4:74;7:346;10:78;13:72;16:475
460	1:326;1:311;1:191;1:230;1:346;1:40;1:72
461	1:29;1:43;6:116;10:228;15:36;19:184;24:485;28:21;33:246;37:401;42:103;46:380
462	0:283;1:29;1:43;6:116;10:228;15:36;19:184;24:485;28:21;36:246;43:401;51:103;58:380
463	1:182;1:33;6:269;10:319;15:36;19:334;24:207;28:246;33:203;37:68;42:382;46:34
464	0:335;1:182;1:33;6:269;10:319;15:36;19:334;24:207;28:246;36:203;43:68;51:382;58:34
465	1:182;10:33;15:450;20:237
466	0:415;1:33;10:182;15:450;20:237;23:93;26:75;29:74;32:60;35:458;38:175;41:213;44:94;47:428;50:362
467	0:415;1:33;10:182;15:450;20:237;23:93;26:16;29:77;32:60;35:293;38:318;41:356;44:94;47:442;50:362
468	1:16;1:230;13:450;29:362
469	0:163;1:16;1:230;1:40;5:210;9:228;13:154;17:109;25:389;29:395;33:92;37:356;41:213;45:400;49:207;53:194;57:362
470	1:117;1:45;5:98;9:204;13:209;17:203;19:488;21:129;25:351;29:186;33:86;37:162;41:368;45:231;49:158
471	1:49;4:45;7:346;11:98;15:55;18:228;21:129;24:357;27:438;31:250;35:13;38:358;41:97;45:56
472	0:242;0:432;1:49;4:45;7:346;11:98;15:55;18:228;21:129;24:357;29:438;35:250;41:13;46:358;51:97;57:56
473	1:234;1:33;7:74;10:73;13:270;19:345;22:241;28:475;31:36;37:76;40:267;47:486
474	0:80;1:234;1:33;7:74;10:73;13:270;19:345;22:241;30:475;35:36;43:76;48:267;50:486
475	1:189;2:300;4:106;7:352;11:385;16:237;22:240;29:34;37:330;46:105
476	1:189;2:300;4:106;7:352;11:385;16:237;22:240;29:34;35:151;41:330;54:151
477	1:437;1:10;1:39;4:28;8:310;11:226;15:321;18:154;22:129;25:103;29:97;32:438;36:252;39:386;43:21
478	1:132;1:107;4:310;8:16;13:116;16:430;20:388;25:254;27:436;32:255;32:256;36:247;40:133;44:226;50:153
479	1:132;1:107;4:310;8:16;13:116;16:430;20:388;25:254;27:436;34:255;34:256;40:247;46:133;52:226;60:153;65:194
480	1:218;1:111;1:193;1:1;1:150;6:203;13:462;16:98;23:26;26:226;33:97;36:146;43:266;46:204;50:298;56:340;63:273
481	0:216;1:277;1:243;1:479;1:150;1:1;1:111;1:193;6:203;13:462;16:98;23:26;26:226;33:97;36:146;43:266;46:204;50:298;56:340;63:273;66:136
482	0:472;1:194;1:345;1:174;1:45;1:149;1:180;1:310;1:389
483	1:195;1:361;1:310;1:228;1:114;1:17;25:207;35:386;45:457;55:387;65:458;75:367
484	1:252;5:10;8:45;13:95;17:185;20:154;25:204;29:274;32:289;37:163;41:458;44:213;48:409;50:463
485	0:207;1:252;5:10;8:45;13:95;17:185;20:154;25:204;29:274;32:289;37:163;45:34;52:213;60:409
486	1:35;4:45;7:310;10:93;13:281;16:149;19:273;32:253
487	1:116;1:10;3:139;7:103;9:154;13:108;15:487;19:425;21:44;25:163;27:92;31:387;33:262;37:422;39:458;43:188;45:153
488	0:53;1:116;1:10;3:139;7:103;9:154;13:108;15:487;19:425;21:44;25:163;27:92;31:387;33:262;37:422;39:458;43:188;45:153
489	1:93;1:33;5:95;9:286;11:109;15:149;19:334;21:185;25:219;29:248;31:319;35:449;39:326;41:430;45:240;49:241
490	0:335;1:93;1:33;5:95;9:286;11:109;15:149;19:334;21:185;25:219;29:248;31:319;36:449;42:326;46:430;52:240;58:241
491	1:313;1:456;5:175;8:67;12:88;15:102;19:185;22:462;26:317;29:335;33:157;36:68;40:458;43:38
492	1:1;1:112;1:93;1:321;4:456;8:96;11:3;15:102;18:227;22:113;22:115;25:60;29:164;32:278;36:298;39:94;43:272;46:226;50:219
493	1:204;1:1;5:456;1:287;12:186
494	1:64;1:269;5:45;9:119;13:47;17:31;21:314;25:269;29:129;33:102;37:451;41:395;45:253;49:473;50:297;57:304
495	1:109;1:174;1:228;1:398;1:180;7:185;13:95;19:138;25:388;31:458;37:386;43:262;49:367
496	1:33;3:28;7:82;13:201;15:36;19:328;25:163;27:337;31:91;37:492
497	0:437;1:33;3:28;7:82;13:201;15:36;19:328;28:163;33:337;40:91;49:492
498	0:242;1:437;1:431;1:33;3:28;7:82;13:201;15:36;19:328;28:163;33:337;40:91;55:492
499	1:33;1:316;1:118;4:111;9:133;12:122;17:29;20:103;25:34;28:254;33:256;36:205;41:278;44:187;49:267;50:289;57:376
500	1:33;1:98;1:45;7:183;8:232;12:68;16:414;20:375;24:386;28:103;32:219;36:371;40:14;48:456
501	1:359;1:446;1:386;17:375;26:9;28:8;32:7;34:359;36:404;40:14;44:417;48:309;52:370;56:245;60:365;64:449
502	1:28;1:33;7:44;13:281;19:91;19:36;25:328;31:242;37:89;44:38;50:90
503	1:431;1:432;1:433;1:33;1:28;7:44;13:281;19:91;19:36;25:328;31:242;40:89;50:38;60:90
504	1:44;1:43;1:40;5:185;9:42;13:483;16:228;20:450;23:305;27:422;30:409;34:469;38:387;41:184;45:242;47:41;49:366
505	1:431;1:432;1:433;1:44;1:43;1:40;5:185;9:42;13:483;16:228;20:450;23:305;27:422;30:409;34:469;38:387;43:184;49:242;53:41;57:366
506	1:310;3:189;8:40;10:269;15:228;17:185;22:279;24:207;29:385;31:458;36:422;38:386;43:424;45:188;47:378;50:260
507	1:310;3:189;8:40;10:269;15:228;17:185;22:279;24:207;29:385;31:458;36:422;41:386;49:424;54:188;58:378;62:260
508	1:20;1:74;7:44;11:22;17:230;21:275;27:185;31:416;37:254;37:256;37:255;41:242;47:21;50:390
509	1:1;6:55;10:213;13:240;17:16;22:352;26:204;29:219;33:109;38:250;42:442;45:340;49:318;54:460
510	1:1;6:55;10:213;13:240;17:16;22:352;26:204;29:219;35:109;42:250;48:442;53:340;59:318;66:460
511	1:33;1:145;3:48;7:61;11:109;14:17;16:29;19:352;23:114;27:36;32:97;36:356;39:243;46:340;49:56
